t_bmjd,flux,model_sym,model_asym,ramp,res_sym
60008.54145845365,0.9999937467196144,1.0003776724167532,1.0003777510141798,1.0003776724167532,-0.00038392569713885383
60008.54161529233,0.99968212139829,1.0003761502464839,1.0003762294747454,1.0003761502464839,-0.0006940288481938062
60008.54177213099,1.0002577272934854,1.0003746310015678,1.000374710856599,1.0003746310015678,-0.00011690370808237205
60008.541928969666,1.0004904183009269,1.0003731146817931,1.0003731951595292,1.0003731146817931,0.00011730361913375731
60008.542085808345,1.000659068563284,1.0003716012871606,1.000371682383536,1.0003716012871606,0.0002874672761232766
60008.54224264701,1.0002616959988453,1.0003700908178803,1.0003701725288303,1.0003700908178803,-0.00010839481903501813
60008.54239948569,1.0006949709169422,1.0003685832736724,1.0003686655951318,1.0003685832736724,0.00032638764326975434
60008.54255632437,1.0000882800475264,1.0003670786546766,1.0003671615825807,1.0003670786546766,-0.000278798607150188
60008.54271316303,1.000284987436959,1.0003655769611022,1.0003656604913855,1.0003655769611022,-8.058952414313758e-05
60008.54287000171,1.0003423802299325,1.0003640781925307,1.0003641623211286,1.0003640781925307,-2.1697962598210552e-05
60008.54302684039,0.9999484002710274,1.0003625823491715,1.000362667072019,1.0003625823491715,-0.000414182078144143
60008.54318367905,1.0004784737636012,1.0003610894311634,1.0003611747441952,1.0003610894311634,0.00011738433243779767
60008.54334051773,1.0003866947202527,1.0003595994382288,1.00035968533738,1.0003595994382288,2.7095282023825717e-05
60008.543497356404,1.000089288862391,1.0003581123705756,1.0003581988517811,1.0003581123705756,-0.00026882350818469014
60008.54365419507,1.0001187911705425,1.000356628228203,1.0003567152873978,1.000356628228203,-0.0002378370576605615
60008.54381103375,1.0007556175240777,1.0003551470109053,1.000355234644024,1.0003551470109053,0.0004004705131723796
60008.54396787242,0.9996964669915149,1.0003536687188883,1.0003537569218663,1.0003536687188883,-0.0006572017273733799
60008.54412471109,1.0000614762390685,1.000352193352152,1.000352282120924,1.000352193352152,-0.0002907171130834829
60008.544281549766,1.0005902162677645,1.0003507209104907,1.0003508102409921,1.0003507209104907,0.0002394953572737446
60008.54443838844,1.0012179513057828,1.0003492513941104,1.0003493412822757,1.0003492513941104,0.0008686999116724881
60008.54459522711,0.9999598494100596,1.0003477848029418,1.0003478752447061,1.0003477848029418,-0.0003879353928822882
60008.54475206579,0.9996590303462896,1.0003463211369175,1.0003464121282157,1.0003463211369175,-0.0006872907906279035
60008.544908904456,1.0005277352482493,1.000344860396241,1.0003449519330083,1.000344860396241,0.00018287485200829678
60008.54506574313,1.0006418554537582,1.0003434025807088,1.00034349465888,1.0003434025807088,0.00029845287304941515
60008.54522258181,1.000400618536082,1.0003419476903213,1.0003420403058314,1.0003419476903213,5.8670845760833146e-05
60008.54537942047,1.0001690522598647,1.0003404957252806,1.0003405888740646,1.0003404957252806,-0.00017144346541586586
60008.545536259146,1.000481604327374,1.0003390466853848,1.0003391403633775,1.0003390466853848,0.00014255764198933818
60008.545693097825,1.0009799581505863,1.000337600570634,1.0003376947737703,1.000337600570634,0.0006423575799523462
60008.54584993649,1.0006732702140564,1.0003361573812293,1.0003362521054444,1.0003361573812293,0.00033711283282711335
60008.54600677517,1.0003132523053038,1.0003347171169028,1.000334812358132,1.0003347171169028,-2.1464811599036793e-05
60008.54616361384,1.0002181357224749,1.0003332797778555,1.0003333755320332,1.0003332797778555,-0.00011514405538060046
60008.54632045251,1.00004670529039,1.0003318453640866,1.000331941627148,1.0003318453640866,-0.0002851400736965104
60008.54647729119,1.0000274275559606,1.000330413875397,1.000330510643277,1.000330413875397,-0.00030298631943637133
60008.54663412985,0.9998947806617311,1.000328985312052,1.0003290825806854,1.000328985312052,-0.00043420465032095734
60008.546790968525,1.0000360010711296,1.000327559673853,1.0003276574391748,1.000327559673853,-0.0002915586027234518
60008.546947807205,1.0005871804411905,1.0003261369608003,1.0003262352187456,1.0003261369608003,0.00026104348039024394
60008.54710464588,0.9998088607534462,1.0003247171730256,1.0003248159195293,1.0003247171730256,-0.000515856419579408
60008.54726148454,1.0000590990005305,1.0003233003105287,1.0003233995415257,1.0003233003105287,-0.00026420130999826874
60008.54741832322,1.000491319311306,1.0003218863731125,1.000321986084538,1.0003218863731125,0.00016943293819360328
60008.547575161894,0.999827569290863,1.000320475360974,1.0003205755487627,1.000320475360974,-0.0004929060701109877
60008.54773200056,1.0001534315844631,1.000319067274113,1.0003191679341998,1.000319067274113,-0.00016563568964977904
60008.54788883924,0.9998267098151611,1.0003176621123333,1.0003177632406537,1.0003176621123333,-0.0004909522971722202
60008.548045677904,1.0002454071770535,1.0003162598758963,1.0003163614683848,1.0003162598758963,-7.085269884288259e-05
60008.548202516584,1.000660924443383,1.0003148605645413,1.000314962617133,1.0003148605645413,0.0003460638788417292
60008.548359355256,1.000291459283571,1.0003134641784632,1.0003135666870933,1.0003134641784632,-2.2004894892235782e-05
60008.54851619392,1.0006824112743913,1.000312070717662,1.0003121736782652,1.000312070717662,0.0003703405567292428
60008.5486730326,0.9999689911898755,1.0003106801819437,1.0003107835904548,1.0003106801819437,-0.000341688992068212
60008.54882987127,1.0001836244235112,1.0003092925715023,1.000309396423856,1.0003092925715023,-0.00012566814799108705
60008.54898670994,0.9997766727423715,1.0003079078863368,1.0003080121784689,1.0003079078863368,-0.0005312351439653584
60008.54914354862,1.0003052067266873,1.0003065261262551,1.0003066308541002,1.0003065261262551,-1.3193995678228987e-06
60008.54930038729,1.0004633844758712,1.0003051472914501,1.0003052524509428,1.0003051472914501,0.00015823718442109502
60008.549457225956,1.0004311279943308,1.0003037713819207,1.0003038769689963,1.0003037713819207,0.0001273566124100345
60008.549614064636,0.9996051834721165,1.000302398397476,1.0003025044080691,1.000302398397476,-0.0006972149253594573
60008.5497709033,1.0005711879208568,1.0003010283383704,1.0003011347684165,1.0003010283383704,0.000270159582486329
60008.54992774197,1.0002924593157327,1.0002996612044133,1.0002997680498473,1.0002996612044133,-7.201888680530288e-06
60008.55008458065,0.999997958749232,1.0002982969956051,1.000298404252362,1.0002982969956051,-0.0003003382463730997
60008.55024141932,1.0000503901363937,1.0002969357121356,1.00029704337615,1.0002969357121356,-0.0002465455757418855
60008.55039825799,1.000387926678193,1.000295577353815,1.0002956854210219,1.000295577353815,9.234932437807153e-05
60008.55055509667,0.9995698919401731,1.0002942219206434,1.000294330386978,1.0002942219206434,-0.0007243299804703396
60008.550711935335,0.999865224957628,1.0002928694128097,1.000292978274207,1.0002928694128097,-0.00042764445518173044
60008.55086877401,1.0010564745644488,1.0002915198301254,1.0002916290825201,1.0002915198301254,0.0007649547343233642
60008.55102561268,1.000452204202714,1.000290173172653,1.0002902828119802,1.000290173172653,0.00016203103006096065
60008.551182451345,1.0003427096526059,1.0002888294404553,1.0002889394626497,1.0002888294404553,5.388021215058103e-05
60008.551339290025,0.999984765259431,1.0002874886333448,1.0002875990343418,1.0002874886333448,-0.00030272337391379356
60008.5514961287,1.0007473814083299,1.0002861507515088,1.0002862615272434,1.0002861507515088,0.00046123065682102116
60008.55165296736,1.0007770045149247,1.0002848157949469,1.0002849269413534,1.0002848157949469,0.0004921887199778041
60008.55180980604,1.0001020169789037,1.000283483763473,1.0002835952764872,1.000283483763473,-0.00018146678456942844
60008.551966644714,1.0003004637399557,1.0002821546572735,1.00028226653283,1.0002821546572735,1.830908268218856e-05
60008.55212348338,1.0004538154937477,1.0002808284763474,1.000280940710381,1.0002808284763474,0.00017298701740031674
60008.55228032205,1.0004434645597542,1.000279505220572,1.0002796178090176,1.000279505220572,0.00016395933918222916
60008.552437160724,1.0001923824588672,1.0002781848900084,1.0002782978288012,1.0002781848900084,-8.580243114120201e-05
60008.5525939994,0.9999410674215015,1.000276867484657,1.000276980769732,1.000276867484657,-0.00033580006315547806
60008.55275083807,0.9996077566006732,1.0002755530045178,1.0002756666318096,1.0002755530045178,-0.0006677964038445117
60008.55290767674,1.0004934727098442,1.0002742414495904,1.0002743554150344,1.0002742414495904,0.0002192312602538049
60008.55306451541,0.9999955558875206,1.000272932819936,1.000273047119467,1.000272932819936,-0.000277376932415363
60008.55322135409,0.9999846446985454,1.0002716271153724,1.0002717417449254,1.0002716271153724,-0.00028698241682700854
60008.55337819275,1.0004041002886066,1.000270324336142,1.000270439291652,1.000270324336142,0.00013377595246466534
60008.553535031424,1.000619162568392,1.0002690244820631,1.000269139759465,1.0002690244820631,0.0003501380863288883
60008.553691870104,1.0003957769279155,1.000267727553136,1.0002678431483647,1.000267727553136,0.00012804937477950418
60008.55384870876,1.000356486980967,1.0002664335496014,1.0002665494585918,1.0002664335496014,9.005343136547772e-05
60008.55400554744,1.000831542739714,1.0002651424710989,1.000265258689786,1.0002651424710989,0.0005664002686152081
60008.55416238611,1.000455734708983,1.0002638543178684,1.0002639708421874,1.0002638543178684,0.00019188039111472932
60008.55431922478,0.9994352339175318,1.0002625690899096,1.0002626859157953,1.0002625690899096,-0.0008273351723778744
60008.55447606345,1.0004272879413019,1.000261286787103,1.0002614039104905,1.000261286787103,0.0001660011541988471
60008.55463290213,1.000327262881427,1.0002600074094494,1.0002601248262737,1.0002600074094494,6.725547197761195e-05
60008.55478974079,1.0006038361313563,1.0002587309571858,1.0002588486633814,1.0002587309571858,0.00034510517417052355
60008.55494657947,0.999936639343192,1.0002574574299565,1.0002575754214584,1.0002574574299565,-0.0003208180867645405
60008.55510341815,1.0002221521832548,1.0002561868279398,1.0002563051006832,1.0002561868279398,-3.403464468498818e-05
60008.555260256806,1.000365611106724,1.0002549191513113,1.0002550377012314,1.0002549191513113,0.00011069195541280052
60008.555417095486,1.000499203949721,1.000253654399719,1.0002537732227503,1.000253654399719,0.00024554955000199996
60008.55557393415,1.0001225873546513,1.0002523925734557,1.0002525116655334,1.0002523925734557,-0.00012980521880434637
60008.55573077282,0.9988473997943866,1.0002511336723459,1.0002512530294052,1.0002511336723459,-0.0014037338779592234
60008.555887611496,1.0000612538870024,1.0002498776964484,1.0002499973144237,1.0002498776964484,-0.00018862380944595358
60008.55604445017,0.9995989731756555,1.0002486246457627,1.0002487445205894,1.0002486246457627,-0.0006496514701072043
60008.55620128883,1.0004081613622862,1.0002473745203473,1.0002474946479603,1.0002473745203473,0.00016078684193887582
60008.55635812751,1.0003766415959632,1.000246127320028,1.0002462476963623,1.000246127320028,0.0001305142759351341
60008.55651496618,1.0002449308396903,1.0002448830450363,1.0002450036660269,1.0002448830450363,4.779465401227867e-08
60008.55667180485,1.0003950902987184,1.0002436416951992,1.0002437625567808,1.0002436416951992,0.00015144860351923306
60008.55682864352,1.0002442839860735,1.0002424032705741,1.0002425243686817,1.0002424032705741,1.8807154993361053e-06
60008.55698548219,0.9997813540169468,1.0002411677712182,1.0002412891017871,1.0002411677712182,-0.0004598137542713987
60008.55714232086,1.0000875003528087,1.000239935197017,1.0002400567559817,1.000239935197017,-0.00015243484420834896
60008.55729915954,0.9999923714667326,1.0002387055479711,1.0002388273312668,1.0002387055479711,-0.0002463340812385306
60008.5574559982,1.000115504232813,1.0002374788243082,1.0002376008278697,1.0002374788243082,-0.00012197459149532186
60008.55761283688,1.0001091513628106,1.0002362550256865,1.0002363772454492,1.0002362550256865,-0.00012710366287582708
60008.55776967555,1.0000864508055458,1.0002350341523338,1.0002351565842325,1.0002350341523338,-0.00014858334678802265
60008.557926514215,1.0005627552494767,1.0002338162042497,1.0002339388442192,1.0002338162042497,0.0003289390452270169
60008.55808335289,1.0011052511225789,1.0002326011813212,1.0002327240252964,1.0002326011813212,0.000872649941257686
60008.55824019156,0.9997739205120783,1.0002313890836045,1.0002315121275205,1.0002313890836045,-0.00045746857152628717
60008.558397030225,1.0002277771586083,1.0002301799111564,1.0002303031509479,1.0002301799111564,-2.4027525480363465e-06
60008.558553868905,1.0006522897816148,1.000228973663808,1.0002290970954102,1.000228973663808,0.0004233161178068823
60008.55871070757,1.0001464260595683,1.0002277703417835,1.0002278939611315,1.0002277703417835,-8.134428221517886e-05
60008.55886754624,1.0002374850750522,1.0002265699449153,1.0002266937479438,1.0002265699449153,1.0915130136845974e-05
60008.559024384915,0.9994724267614644,1.0002253724732593,1.0002254964559034,1.0002253724732593,-0.0007529457117948501
60008.55918122358,0.9997511894945248,1.0002241779268706,1.0002243020850652,1.0002241779268706,-0.0004729884323457778
60008.55933806225,1.0005441459000546,1.0002229863056384,1.0002231106353188,1.0002229863056384,0.0003211595944161427
60008.559494900925,0.9994312572302789,1.0002217976096188,1.000221922106719,1.0002217976096188,-0.0007905403793398991
60008.55965173959,1.0009824272135204,1.0002206118388657,1.0002207364993216,1.0002206118388657,0.0007618153746546952
60008.55980857826,0.9998480552929241,1.00021942899327,1.0002195538130163,1.00021942899327,-0.00037137370034590056
60008.55996541694,0.999811145856391,1.0002182490728315,1.0002183740478032,1.0002182490728315,-0.0004071032164405519
60008.5601222556,1.0004182661316854,1.0002170720777692,1.0002171972039011,1.0002170720777692,0.00020119405391616496
60008.56027909427,0.99965301255555,1.0002158980078095,1.0002160232810366,1.0002158980078095,-0.0005628854522595761
60008.56043593295,0.9995571812203461,1.0002147268630075,1.000214852279265,1.0002147268630075,-0.0006575456426614057
60008.56059277161,1.0001281546195835,1.0002135586435805,1.0002136841988032,1.0002135586435805,-8.540402399703773e-05
60008.56074961029,1.000378220835479,1.0002123933492029,1.0002125190393256,1.0002123933492029,0.00016582748627613775
60008.56090644896,1.0003222731266272,1.0002112309800917,1.0002113568010496,1.0002112309800917,0.0001110421465355671
60008.56106328763,1.0004759532014704,1.0002100715362463,1.0002101974839743,1.0002100715362463,0.0002658816652241214
60008.5612201263,1.000737088361132,1.000208915017559,1.000209041087992,1.000208915017559,0.000528173343572913
60008.561376964964,1.0001872110403793,1.0002077614241374,1.0002078876132106,1.0002077614241374,-2.055038375803342e-05
60008.56153380364,1.0008115638678337,1.0002066107558742,1.0002067370595222,1.0002066107558742,0.0006049531119594054
60008.56169064231,1.000301273675667,1.0002054630128232,1.0002055894269812,1.0002054630128232,9.581066284369832e-05
60008.56184748098,1.0004837497652985,1.0002043181949842,1.0002044447155871,1.0002043181949842,0.00027943157031429244
60008.56200431965,1.0006692866426372,1.0002031763024104,1.000203302925393,1.0002031763024104,0.00046611034022681075
60008.56216115832,0.9999577487340903,1.0002020373349956,1.000202164056293,1.0002020373349956,-0.0002442886009053069
60008.56231799699,1.0002236788746413,1.0002009012927928,1.00020102810834,1.0002009012927928,2.277758184843215e-05
60008.56247483566,1.0006279022668738,1.0001997681758545,1.0001998950815867,1.0001997681758545,0.00042813409101927213
60008.56263167433,1.0004785634201647,1.000198637984076,1.0001987649759279,1.000198637984076,0.0002799254360887904
60008.562788512994,0.9999890610071258,1.0001975107175616,1.000197637791468,1.0001975107175616,-0.0002084497104357652
60008.56294535167,1.000391828194809,1.000196386376207,1.0001965135281032,1.000196386376207,0.00019544181860209342
60008.56310219035,0.9997749574087403,1.0001952649600125,1.000195392185833,1.0001952649600125,-0.0004203075512722032
60008.563259029004,1.000211598861575,1.000194146469186,1.0001942737648661,1.000194146469186,1.7452392389039062e-05
60008.56341586768,1.0000318438781648,1.0001930309034675,1.0001931582649422,1.0001930309034675,-0.00016118702530265594
60008.563572706356,0.9999915280700348,1.0001919182629095,1.0001920456861138,1.0001919182629095,-0.00020039019287476645
60008.563729545014,1.0002882998449756,1.0001908085477182,1.000190936028587,1.0001908085477182,9.749129725733496e-05
60008.56388638369,1.0000038105320235,1.000189701757636,1.000189829292104,1.000189701757636,-0.00018589122561252225
60008.56404322236,1.0007681011433494,1.0001885978927658,1.0001887254767685,1.0001885978927658,0.0005795032505835351
60008.564200061024,1.0003079636254937,1.0001874969531588,1.0001876245826307,1.0001874969531588,0.00012046667233489572
60008.5643568997,1.0003648524873447,1.0001863989387128,1.0001865266095888,1.0001863989387128,0.00017845354863199603
60008.56451373837,0.9996937850430377,1.0001853038494788,1.0001854315576941,1.0001853038494788,-0.0004915188064410492
60008.564670577034,1.0002592230494038,1.0001842116855075,1.000184339426997,1.0001842116855075,7.501136389631569e-05
60008.56482741571,1.0005293971496976,1.0001831224466975,1.0001832502173964,1.0001831224466975,0.00034627470300008234
60008.56498425438,1.0001117397137576,1.0001820361331,1.0001821639289428,1.0001820361331,-7.029641934241937e-05
60008.565141093044,1.000395178810645,1.0001809527447645,1.0001810805616862,1.0001809527447645,0.00021422606588061832
60008.56529793172,1.0002690238394472,1.0001798722815907,1.0001800001155268,1.0001798722815907,8.915155785649276e-05
60008.56545477038,0.999825543968019,1.0001787947436789,1.000178922590564,1.0001787947436789,-0.0003532507756598413
60008.565611609054,0.9997906480010692,1.0001777201309292,1.0001778479866983,1.0001777201309292,-0.00038707212985999995
60008.56576844773,1.000145623233995,1.0001766484433918,1.0001767763039795,1.0001766484433918,-3.102520939690656e-05
60008.56592528639,0.9999517715994739,1.0001755796811158,1.0001757075424575,1.0001755796811158,-0.00022380808164190746
60008.566082125064,1.0001291852331802,1.0001745138440024,1.000174641702033,1.0001745138440024,-4.532861082218176e-05
60008.56623896374,1.0002336314273794,1.000173450932101,1.0001735787827555,1.000173450932101,6.018049527845015e-05
60008.566395802394,1.0005549637246547,1.0001723909455098,1.0001725187847232,1.0001723909455098,0.0003825727791448852
60008.566552641074,1.0004553819690525,1.0001713338839833,1.0001714617076907,1.0001713338839833,0.00028404808506921064
60008.566709479746,0.9996092884821444,1.000170279747718,1.0001704075518543,1.000170279747718,-0.0005609912655737403
60008.566866318404,1.0007363681367538,1.0001692285367625,1.0001693563172622,1.0001692285367625,0.0005671395999913287
60008.567023157084,1.0001044835355013,1.0001681802508726,1.0001683080036707,1.0001681802508726,-6.369671537131971e-05
60008.56717999575,0.9994655518050497,1.000167134890292,1.0001672626113238,1.000167134890292,-0.0007015830852423743
60008.567336834414,0.9998500402570466,1.0001660924549232,1.0001662201401236,1.0001660924549232,-0.0003160521978765596
60008.56749367309,1.0005335412715786,1.0001650529447181,1.000165180590022,1.0001650529447181,0.00036848832686042776
60008.56765051176,1.0011325945461933,1.0001640163597252,1.0001641439610676,1.0001640163597252,0.0009685781864681164
60008.567807350424,1.0001944408096326,1.000162982699992,1.0001631102533082,1.000162982699992,3.145810964055862e-05
60008.5679641891,1.000477353018687,1.0001619519654232,1.0001620794666477,1.0001619519654232,0.0003154010532637752
60008.568121027754,1.0003323276086842,1.0001609241561615,1.0001610516012294,1.0001609241561615,0.00017140345252264488
60008.568277866434,1.0002470738961777,1.0001598992719691,1.0001600266568154,1.0001598992719691,8.71746242085969e-05
60008.56843470511,0.9998340563336827,1.0001588773130363,1.0001590046335957,1.0001588773130363,-0.00032482097935360166
60008.568591543764,1.00069889666576,1.0001578582794102,1.0001579855316178,1.0001578582794102,0.0005410383863497792
60008.56874838244,0.9999074521136851,1.0001568421709013,1.0001569693506922,1.0001568421709013,-0.0002493900572161367
60008.56890522112,0.999900604743708,1.0001558289875576,1.0001559560908668,1.0001558289875576,-0.0002552242438496055
60008.569062059774,1.0000129635032835,1.0001548187295668,1.000154945752329,1.0001548187295668,-0.00014185522628329394
60008.56921889845,1.001126310201748,1.0001538113966941,1.0001539383348448,1.0001538113966941,0.0009724988050539007
60008.56937573712,0.9997756794258252,1.0001528069890335,1.0001529338385073,1.0001528069890335,-0.00037712756320829044
60008.569532575784,0.9995762728720863,1.0001518055066314,1.0001519322633634,1.0001518055066314,-0.0005755326345451284
60008.56968941446,1.0003643933054336,1.000150806949395,1.00015093360932,1.000150806949395,0.00021358635603863085
60008.56984625312,0.9998149323378216,1.0001498113174168,1.0001499378764693,1.0001498113174168,-0.00033487897959516566
60008.57000309179,1.0003180065026969,1.0001488186106504,1.000148945064766,1.0001488186106504,0.0001691878920464518
60008.57015993046,1.0004006000662833,1.00014782882905,1.0001479551741634,1.00014782882905,0.00025277123723332906
60008.57031676913,1.0002151923080527,1.0001468419726616,1.0001469682047082,1.0001468419726616,6.835033539109858e-05
60008.5704736078,0.9997555829693686,1.000145858041531,1.0001459841564453,1.000145858041531,-0.00039027507216238266
60008.57063044647,0.9999987807800218,1.0001448770355668,1.0001450030292838,1.0001448770355668,-0.00014609625554495853
60008.570787285134,1.0001176359479549,1.00014389895486,1.0001440248233147,1.00014389895486,-2.626300690500294e-05
60008.5709441238,1.0000567291650257,1.0001429237993649,1.0001430495384924,1.0001429237993649,-8.619463433912067e-05
60008.57110096248,1.0009123640396538,1.0001419515689915,1.000142077174727,1.0001419515689915,0.0007704124706622295
60008.57125780114,1.0006387492870004,1.0001409822639653,1.0001411077322435,1.0001409822639653,0.0004977670230350562
60008.57141463981,1.0004544100292372,1.0001400158840612,1.0001401412108166,1.0001400158840612,0.00031439414517597797
60008.57157147848,1.0007438549379861,1.0001390524293692,1.0001391776105373,1.0001390524293692,0.0006048025086169417
60008.57172831714,1.0001667200492428,1.0001380918999783,1.0001382169314939,1.0001380918999783,2.8628149264520175e-05
60008.57188515581,1.0006070146822565,1.0001371342957102,1.0001372591735083,1.0001371342957102,0.0004698803865463841
60008.57204199449,1.0007757933601618,1.00013617961661,1.0001363043366256,1.00013617961661,0.0006396137435518146
60008.57219883315,1.0008911802050617,1.0001352278628544,1.0001353524210224,1.0001352278628544,0.0007559523422073777
60008.57235567182,1.0002480295377325,1.0001342790342223,1.0001344034264779,1.0001342790342223,0.00011375050351025706
60008.57251251049,0.9998600904095827,1.0001333331308464,1.0001334573531242,1.0001333331308464,-0.0002732427212637223
60008.57266934915,1.0007619363812654,1.0001323901526822,1.0001325142009174,1.0001323901526822,0.0006295462285832443
60008.572826187825,1.0003948356710946,1.0001314500996863,1.0001315739698138,1.0001314500996863,0.0002633855714082589
60008.5729830265,1.0002233326388879,1.0001305129719025,1.000130636659857,1.0001305129719025,9.281966698537758e-05
60008.57313986516,1.0007283060240444,1.000129578769374,1.0001297022710909,1.000129578769374,0.0005987272546703615
60008.573296703835,1.0001881956411256,1.0001286474920144,1.0001287708034283,1.0001286474920144,5.954814911124373e-05
60008.5734535425,0.9999696723424676,1.0001277191399096,1.0001278422569557,1.0001277191399096,-0.0001580467974420241
60008.573610381165,1.0001646638905808,1.000126793713017,1.00012691663163,1.000126793713017,3.787017756384792e-05
60008.57376721984,0.9998603818792964,1.0001258712112933,1.0001259939274085,1.0001258712112933,-0.00026548933199688207
60008.573924058495,1.0002031434826462,1.000124951634867,1.0001250741444192,1.000124951634867,7.819184777924093e-05
60008.574080897175,0.9999225530621233,1.0001240349835245,1.0001241572824489,1.0001240349835245,-0.00020148192140123644
60008.57423773585,0.9996806824765535,1.000123121257437,1.0001232433416682,1.000123121257437,-0.00044243878088356947
60008.574394574505,1.0001996368574908,1.000122210456646,1.0001223323221193,1.000122210456646,7.742640084473784e-05
60008.57455141318,0.9999953034318508,1.0001213025809825,1.0001214242236323,1.0001213025809825,-0.00012599914913169474
60008.57470825185,1.0003694846536169,1.000120397630531,1.0001205190462927,1.000120397630531,0.0002490870230857922
60008.57486509051,1.0001822543433792,1.0001194956053752,1.0001196167901838,1.0001194956053752,6.275873800398735e-05
60008.57502192918,1.0008561797420539,1.0001185965053476,1.000118717455138,1.0001185965053476,0.0007375832367062518
60008.57517876785,1.0004247113887648,1.0001177003305322,1.0001178210412394,1.0001177003305322,0.0003070110582326091
60008.57533560651,0.9997180409153955,1.0001168070810118,1.0001169275485704,1.0001168070810118,-0.0003987661656162933
60008.57549244519,1.0001972191641424,1.000115916756579,1.0001160369769244,1.000115916756579,8.130240756343277e-05
60008.575649283855,0.9998182515930323,1.0001150293574408,1.0001151493265077,1.0001150293574408,-0.0002967777644085068
60008.57580612252,0.9995211521948121,1.0001141448835145,1.000114264597238,1.0001141448835145,-0.0005929926887023873
60008.57596296119,1.0003439184026182,1.0001132633347591,1.000113382789074,1.0001132633347591,0.00023065506785902024
60008.57611979986,1.0002393646641545,1.0001123847112565,1.000112503902098,1.0001123847112565,0.00012697995289800978
60008.57627663852,0.9997239334062279,1.000111509012966,1.0001116279362687,1.000111509012966,-0.00038757560673807756
60008.576433477196,1.0002141703614074,1.0001106362398466,1.000110754891546,1.0001106362398466,0.00010353412156072217
60008.57659031586,1.0002463567742919,1.0001097663919798,1.0001098847680105,1.0001097663919798,0.00013659038231206289
60008.576747154526,1.0002775719389287,1.0001088994693248,1.0001090175656218,1.0001088994693248,0.00016867246960394766
60008.5769039932,0.9999756870327466,1.0001080354718415,1.0001081532843399,1.0001080354718415,-0.00013234843909482041
60008.577060831856,1.0001609135141527,1.0001071743996501,1.0001072919242848,1.0001071743996501,5.3739114502571184e-05
60008.57721767053,1.0002575038125132,1.0001063162525907,1.0001064334852967,1.0001063162525907,0.00015118755992249433
60008.5773745092,1.0009425337924027,1.0001054610307436,1.0001055779674557,1.0001054610307436,0.0008370727616591189
60008.57753134786,1.0003920263771786,1.0001046087341874,1.0001047253708406,1.0001046087341874,0.00028741764299122785
60008.57768818653,1.0004675055869559,1.0001037593627642,1.0001038756952936,1.0001037593627642,0.00036374622419166336
60008.577845025204,1.0005034630420344,1.0001029129165528,1.0001030289408932,1.0001029129165528,0.0004005501254815691
60008.57800186387,0.9998615827372725,1.0001020693955929,1.0001021851076792,1.0001020693955929,-0.0002404866583203269
60008.57815870254,1.0002097913764934,1.000101228799806,1.0001013441955733,1.000101228799806,0.00010856257668745428
60008.57831554121,1.000271296760782,1.0001003911292696,1.000100506204653,1.0001003911292696,0.00017090563151245242
60008.57847237987,0.9998463580406505,1.0000995563839452,1.0000996711348795,1.0000995563839452,-0.000253198343294736
60008.578629218544,1.0002912734252105,1.0000987245637942,1.0000988389862144,1.0000987245637942,0.00019254886141628624
60008.57878605721,1.0000618273085118,1.0000978956688937,1.0000980097587349,1.0000978956688937,-3.606836038194672e-05
60008.578942895874,1.0007241341439281,1.0000970696992049,1.000097183452402,1.0000970696992049,0.0006270644447232687
60008.57909973455,0.9999773978262156,1.0000962466546899,1.0000963600671777,1.0000962466546899,-0.00011884882847423839
60008.57925657321,1.0005018890677575,1.000095426535425,1.0000955396031386,1.000095426535425,0.00040646253233256324
60008.57941341188,1.0009127054233868,1.0000946093413718,1.000094722060246,1.0000946093413718,0.0008180960820149963
60008.57957025055,1.0005806282262384,1.0000937950724929,1.0000939074384625,1.0000937950724929,0.00048683315374553615
60008.57972708921,1.000623462484507,1.0000929837289012,1.0000930957379015,1.0000929837289012,0.0005304787556057455
60008.57988392788,1.0009642450086642,1.0000921753104461,1.0000922869584121,1.0000921753104461,0.0008720696982180698
60008.58004076655,1.0004528732456788,1.0000913698172031,1.0000914811000696,1.0000913698172031,0.0003615034284756291
60008.58019760521,1.000466113492266,1.0000905672492466,1.0000906781629488,1.0000905672492466,0.0003755462430194978
60008.58035444388,1.0010089474827266,1.0000897676064278,1.0000898781469003,1.0000897676064278,0.000919179876298859
60008.580511282555,0.9999711481253232,1.0000889708888208,1.000089081051999,1.0000889708888208,-0.00011782276349758813
60008.58066812121,1.0007170920034862,1.0000881770964996,1.0000882868783179,1.0000881770964996,0.0006289149069866884
60008.580824959885,0.9999532067526659,1.0000873862293165,1.0000874956257104,1.0000873862293165,-0.0001341794766506199
60008.58098179856,0.9998954131128794,1.0000865982873457,1.0000867072942499,1.0000865982873457,-0.00019118517446625738
60008.581138637215,0.9993924130926661,1.0000858132706596,1.000085921884009,1.0000858132706596,-0.000693400177993464
60008.58129547589,1.0000988516939657,1.0000850311791127,1.0000851393948424,1.0000850311791127,1.3820514852991295e-05
60008.581452314545,1.0003608295726707,1.0000842520128501,1.000084359826895,1.0000842520128501,0.00027657755982057886
60008.58160915321,1.0000934543489428,1.000083475771763,1.000083583180058,1.000083475771763,9.978577179881043e-06
60008.58176599188,1.0000251199040888,1.0000827024558518,1.0000828094543321,1.0000827024558518,-5.7582551763024625e-05
60008.58192283055,1.0003727017868378,1.0000819320651888,1.0000820386497888,1.0000819320651888,0.00029076972164898685
60008.58207966921,1.0003067993574624,1.0000811645997374,1.0000812707663926,1.0000811645997374,0.00022563475772496844
60008.582236507886,1.0003042840193395,1.0000804000594623,1.0000805058041076,1.0000804000594623,0.00022388395987715803
60008.58239334655,0.9999588943559521,1.0000796384444346,1.0000797437630051,1.0000796384444346,-0.00012074408848250506
60008.582550185216,1.0005530692233093,1.000078879754619,1.0000789846430493,1.000078879754619,0.00047418946869037804
60008.58270702389,0.9999272738038715,1.0000781239899799,1.0000782284442054,1.0000781239899799,-0.00015085018610838663
60008.582863862546,1.0000906147185997,1.0000773711506228,1.000077475166578,1.0000773711506228,1.3243567976939374e-05
60008.58302070122,1.0005112717749214,1.0000766212364078,1.000076724810028,1.0000766212364078,0.00043465053851354796
60008.58317753989,1.0007344647899434,1.000075874247405,1.0000759773746248,1.000075874247405,0.000658590542538473
60008.58333437855,1.0005106036637081,1.0000751301836828,1.0000752328604376,1.0000751301836828,0.00043547348002537234
60008.58349121722,1.0004315222111424,1.000074389045104,1.0000744912673283,1.000074389045104,0.0003571331660383592
60008.583648055894,1.0005331374465096,1.0000736508317372,1.000073752595366,1.0000736508317372,0.0004594866147724641
60008.58380489455,1.000233110256555,1.0000729155436503,1.000073016844619,1.0000729155436503,0.0001601947129046266
60008.58396173322,1.0000841064141766,1.0000721831807413,1.0000722840149847,1.0000721831807413,1.1923233435240377e-05
60008.58411857188,1.0000430173077612,1.000071453743044,1.000071554106497,1.000071453743044,-2.843643528271933e-05
60008.58427541055,0.999869556740031,1.0000707272305587,1.0000708271191563,1.0000707272305587,-0.0002011704905277023
60008.58443224922,0.9999048871746451,1.0000700036432517,1.0000701030529289,1.0000700036432517,-0.00016511646860661866
60008.584589087885,0.9997389497013744,1.0000692829811901,1.0000693819078816,1.0000692829811901,-0.0003303332798156866
60008.58474592655,0.9995885956665728,1.0000685652443404,1.0000686636839815,1.0000685652443404,-0.00047996957776763605
60008.58490276522,1.0005537063661996,1.0000678504326694,1.000067948381195,1.0000678504326694,0.0004858559335301216
60008.58505960389,1.0004772527269368,1.0000671385462434,1.0000672359995884,1.0000671385462434,0.00041011418069336614
60008.58521644255,1.0000449183879492,1.0000664295850294,1.0000665265391286,1.0000664295850294,-2.1511197080270605e-05
60008.58537328122,0.9999839752148053,1.0000657235490271,1.0000658199998156,1.0000657235490271,-8.17483342218095e-05
60008.585530119875,1.0001831795054887,1.0000650204382693,1.000065116381682,1.0000650204382693,0.00011815906721945879
60008.58568695855,0.9997437241373289,1.000064320252658,1.00006441568463,1.000064320252658,-0.00032059611532908594
60008.58584379722,1.0007031092783876,1.000063622992259,1.000063717908725,1.000063622992259,0.0006394862861285322
60008.58600063588,0.9997753967504953,1.0000629286571363,1.0000630230540315,1.0000629286571363,-0.00028753190664099204
60008.58615747455,1.0005169249655521,1.0000622372471613,1.0000623311204204,1.0000622372471613,0.000454687718390856
60008.58631431322,1.0004935646619648,1.0000615487623983,1.0000616421079564,1.0000615487623983,0.0004320158995665402
60008.58647115187,0.9994917513170049,1.0000608632029426,1.0000609560167348,1.0000608632029426,-0.0005691118859377786
60008.586627990546,1.0002825744285306,1.0000601805686034,1.0000602728465646,1.0000601805686034,0.00022239385992728344
60008.58678482922,1.0008198018189,1.0000595008594761,1.0000595925975415,1.0000595008594761,0.0007603009594239207
60008.586941667876,1.0003853327264118,1.0000588240756239,1.0000589152697281,1.0000588240756239,0.0003265086507879822
60008.58709850655,0.9998274224743937,1.0000581502169206,1.0000582408629988,1.0000581502169206,-0.00023072774252685946
60008.58725534521,1.000264632609281,1.0000574792834607,1.0000575693774476,1.0000574792834607,0.00020715332582033064
60008.58741218388,1.0005138537219027,1.0000568112752124,1.0000569008130433,1.0000568112752124,0.00045704244669031446
60008.587569022544,1.0003386804904093,1.0000561461921762,1.0000562351697857,1.0000561461921762,0.00028253429823310583
60008.58772586121,1.0006366399309161,1.0000554840343516,1.000055572447675,1.0000554840343516,0.0005811558965644892
60008.587882699874,0.9999600465470936,1.000054824801739,1.000054912646711,1.000054824801739,-9.477825464532241e-05
60008.58803953855,1.0003804143972141,1.0000541684943076,1.0000542557668632,1.0000541684943076,0.0003262459029065301
60008.58819637721,1.0004857708967854,1.0000535151121188,1.000053601808193,1.0000535151121188,0.00043225578466654646
60008.58835321587,1.0002650638334192,1.0000528646551718,1.0000529507706997,1.0000528646551718,0.0002121991782473298
60008.58851005454,1.0001065535471358,1.0000522171233766,1.000052302654293,1.0000522171233766,5.4336423759293595e-05
60008.5886668932,1.0002705569468162,1.000051572516853,1.0000516574590927,1.000051572516853,0.00021898442996315381
60008.58882373187,1.0002311744930665,1.0000509308354817,1.00005101518498,1.0000509308354817,0.00018024365758484429
60008.588980570545,1.0006824004030301,1.0000502920793224,1.000050375832014,1.0000502920793224,0.0006321083237077474
60008.589137409195,1.0002864378866567,1.0000496562484633,1.0000497394002836,1.0000496562484633,0.00023678163819340625
60008.58929424787,0.9999818031181031,1.0000490233427277,1.0000491058896115,1.0000490233427277,-6.722022462457566e-05
60008.58945108654,0.9996489288890587,1.0000483933622046,1.0000484753000864,1.0000483933622046,-0.0003994644731459829
60008.5896079252,1.0007096837974208,1.0000477663069511,1.0000478476317665,1.0000477663069511,0.0006619174904696212
60008.58976476387,1.000132978299204,1.0000471421768518,1.0000472228845352,1.0000471421768518,8.583612235213423e-05
60008.58992160253,1.0004540264453754,1.0000465209720217,1.0000466010585085,1.0000465209720217,0.00040750547335366427
60008.59007844119,1.000450956183111,1.000045902692375,1.0000459821535999,1.000045902692375,0.00040505349073605146
60008.590235279866,1.0000315370383128,1.0000452873379113,1.0000453661698094,1.0000452873379113,-1.3750299598491722e-05
60008.59039211853,0.9999626458460809,1.0000446749086882,1.0000447531071943,1.0000446749086882,-8.202906260734721e-05
60008.59054895719,0.9998022396237286,1.0000440654047051,1.0000441429657545,1.0000440654047051,-0.0002418257809765345
60008.59070579586,0.999653583454303,1.0000434588258775,1.0000435357454047,1.0000434588258775,-0.0003898753715745329
60008.590862634526,1.0013674914677702,1.00004285517229,1.00004293144623,1.00004285517229,0.001324636295480186
60008.59101947319,1.0001994423013343,1.0000422544439143,1.0000423300682022,1.0000422544439143,0.00015718785742002694
60008.59117631186,0.9999056288967609,1.0000416566407502,1.0000417316113213,1.0000416566407502,-0.0001360277439892421
60008.591333150514,0.9995378347662728,1.0000410617628257,1.0000411360756145,1.0000410617628257,-0.000503226996552919
60008.59148998919,1.0004863417323733,1.0000404698100578,1.0000405434609996,1.0000404698100578,0.00044587192231548833
60008.59164682786,1.0003774242610395,1.0000398807825022,1.0000399537675317,1.0000398807825022,0.0003375434785373166
60008.59180366651,0.9998948124866086,1.0000392946802399,1.0000393669952923,1.0000392946802399,-0.000144482193631279
60008.59196050518,1.000049252172983,1.000038711503108,1.000038783144118,1.000038711503108,1.0540669874936626e-05
60008.592117343855,1.0003127604358957,1.0000381312511883,1.000038202214091,1.0000381312511883,0.0002746291847073312
60008.59227418251,0.9994408060520763,1.000037553924534,1.0000376242052644,1.000037553924534,-0.0005967478724577813
60008.59243102118,1.001133166594211,1.0000369795230648,1.0000370491175576,1.0000369795230648,0.0010961870711461152
60008.59258785985,0.999844737901876,1.0000364080467807,1.0000364769509713,1.0000364080467807,-0.000191670144904732
60008.59274469851,0.999828867629874,1.0000358394957616,1.0000359077055847,1.0000358394957616,-0.0002069718658875841
60008.59290153717,1.0006641358557382,1.0000352738699279,1.0000353413813186,1.0000352738699279,0.0006288619858103583
60008.59305837584,1.0004326758861692,1.0000347111693058,1.000034777978199,1.0000347111693058,0.0003979647168634859
60008.5932152145,1.000747077446589,1.0000341513938955,1.0000342174962262,1.0000341513938955,0.0007129260526934633
60008.593372053176,1.0000083842059289,1.0000335945436718,1.0000336599353745,1.0000335945436718,-2.5210337742942457e-05
60008.59352889183,0.9995914741404547,1.0000330406187108,1.0000331052957212,1.0000330406187108,-0.00044156647825610573
60008.5936857305,1.0005741618706268,1.000032489618936,1.0000325535771888,1.000032489618936,0.0005416722516906614
60008.59384256917,1.000396894949749,1.000031941544348,1.000032004779778,1.000031941544348,0.00036495340540110277
60008.59399940783,1.0005223894825177,1.0000313963950225,1.0000314589035646,1.0000313963950225,0.0004909930874952284
60008.594156246494,1.0002819010451267,1.0000308541708833,1.0000309159484726,1.0000308541708833,0.0002510468742433769
60008.59431308517,0.9994786110761203,1.000030314871931,1.0000303759145026,1.000030314871931,-0.0005517037958105986
60008.59446992382,1.000488060648325,1.0000297784982655,1.0000298388017541,1.0000297784982655,0.00045828215005960793
60008.59462676249,1.0000141511783476,1.000029245049737,1.0000293046100777,1.000029245049737,-1.5093871389426639e-05
60008.59478360116,1.0002889933956842,1.0000287145264206,1.0000287733395483,1.0000287145264206,0.0002602788692636082
60008.59494043981,1.000427319558842,1.0000281869283896,1.0000282449902393,1.0000281869283896,0.00039913263045243674
60008.595097278485,1.0002669635138957,1.0000276622554969,1.0000277195620038,1.0000276622554969,0.00023930125839877192
60008.59525411716,0.99975017850296,1.0000271405078165,1.0000271970549153,1.0000271405078165,-0.0002769620048564958
60008.59541095581,0.9999366072600181,1.0000266216854203,1.0000266774690458,1.0000266216854203,-9.001442540224058e-05
60008.59556779448,1.000252957087672,1.0000261057881636,1.000026160804251,1.0000261057881636,0.00022685129950827942
60008.595724633145,1.0001147578749434,1.0000255928161428,1.0000256470606272,1.0000255928161428,8.916505880063319e-05
60008.5958814718,1.0002951004885332,1.0000250827693573,1.0000251362381736,1.0000250827693573,0.0002700177191758968
60008.596038310476,0.9999990033443628,1.0000245756477366,1.0000246283368197,1.0000245756477366,-2.55723033738553e-05
60008.59619514914,1.0001446808474557,1.0000240714513513,1.0000241233566358,1.0000240714513513,0.00012060939610436527
60008.5963519878,0.9999522865624858,1.0000235701802007,1.0000236212976223,1.0000235701802007,-7.128361771491232e-05
60008.59650882647,0.9991607586108973,1.0000230718342162,1.0000231221597091,1.0000230718342162,-0.0008623132233189779
60008.596665665136,1.0005395918133326,1.000022576413466,1.0000226259429659,1.000022576413466,0.0005170153998665938
60008.596822503794,1.0002667708496884,1.000022083917951,1.0000221326473921,1.000022083917951,0.0002446869317374034
60008.59697934247,1.000338307228149,1.000021594347602,1.0000216422729198,1.000021594347602,0.00031671288054702096
60008.59713618112,0.9997832385174948,1.0000211077025327,1.000021154819662,1.0000211077025327,-0.00023786918503787557
60008.59729301979,1.000344619374955,1.0000206239826075,1.0000206702874834,1.0000206239826075,0.0003239953923475092
60008.59744985846,1.0004003314758882,1.0000201431878946,1.0000201886764517,1.0000201431878946,0.000380188287993688
60008.59760669711,1.0003448662315,1.0000196653184599,1.0000197099866335,1.0000196653184599,0.00032520091304011345
60008.597763535785,1.0003957806187471,1.0000191903741706,1.0000192342178957,1.0000191903741706,0.00037659024457648016
60008.59792037445,1.0000343412394308,1.0000187183551155,1.0000187613703266,1.0000187183551155,1.5622884315336094e-05
60008.59807721311,0.9997125274472626,1.0000182492612937,1.0000182914439262,1.0000182492612937,-0.0003057218140311013
60008.59823405178,1.0006096611077882,1.0000177830926402,1.000017824438629,1.0000177830926402,0.0005918780151479286
60008.598390890445,1.0000345766473,1.0000173198492204,1.0000173603545004,1.0000173198492204,1.7256798079623437e-05
60008.5985477291,1.0003822634773902,1.0000168595310337,1.00001689919154,1.0000168595310337,0.00036540394635653506
60008.59870456777,1.0005235908250294,1.0000164021380376,1.0000164409497048,1.0000164021380376,0.000507188686991844
60008.59886140643,1.0005194128449486,1.000015947670253,1.0000159856290165,1.000015947670253,0.0005034651746955721
60008.5990182451,0.9996911383207681,1.0000154961276804,1.000015533229475,1.0000154961276804,-0.0003243578069123121
60008.599175083764,0.9998428655275378,1.0000150475103198,1.0000150837510802,1.0000150475103198,-0.0001721819827820159
60008.59933192243,1.0004798675331292,1.0000146018181708,1.0000146371938323,1.0000146018181708,0.0004652657149584183
60008.59948876109,1.0006005883249043,1.000014159051254,1.0000141935577516,1.000014159051254,0.0005864292736503796
60008.59964559976,0.9996072883601185,1.0000137192095082,1.0000137528427766,1.0000137192095082,-0.0004064308493897384
60008.59980243842,1.000244632379488,1.0000132822930148,1.0000133150489894,1.0000132822930148,0.00023135008647323652
60008.59995927708,1.0002456120831444,1.0000128483017132,1.0000128801763284,1.0000128483017132,0.00023276378143122223
60008.60011611575,1.0002889790254716,1.0000124172356233,1.000012448224814,1.0000124172356233,0.0002765617898483619
60008.600272954405,1.0003066653295491,1.000011989094765,1.0000120191944668,1.000011989094765,0.0002946762347841858
60008.60042979308,0.9997640935420805,1.0000115638790787,1.0000115930852262,1.0000115638790787,-0.0002474703369982345
60008.60058663174,1.0001426341327186,1.0000111415886244,1.0000111698971523,1.0000111415886244,0.00013149254409428046
60008.6007434704,1.0000705602822073,1.0000107222234011,1.0000107496302448,1.0000107222234011,5.983805880616089e-05
60008.600900309066,1.000379715172277,1.0000103057833702,1.0000103322844647,1.0000103057833702,0.0003694093889068384
60008.60105714774,1.0003056757582909,1.000009892268532,1.000009917859812,1.000009892268532,0.000295783489758783
60008.60121398639,1.0005095583768173,1.000009481678963,1.0000095063563634,1.000009481678963,0.0005000766978542348
60008.60137082506,1.0001657229669536,1.0000090740145486,1.0000090977740046,1.0000090740145486,0.00015664895240496968
60008.60152766372,1.0000565823654706,1.0000086692753838,1.0000086921128302,1.0000086692753838,4.7913090086781907e-05
60008.601684502384,1.0003006167908866,1.000008267461412,1.0000082893727837,1.000008267461412,0.0002923493294746393
60008.60184134105,1.0000989324233207,1.0000078685726517,1.000007889553884,1.0000078685726517,9.106385066903755e-05
60008.601998179714,0.9997765303704892,1.0000074726091035,1.000007492656131,1.0000074726091035,-0.00023094223861430674
60008.60215501837,0.9999969771565823,1.0000070795707852,1.0000070986795433,1.0000070795707852,-1.0102414202850518e-05
60008.602311857045,0.9996243953859333,1.0000066894576425,1.0000067076240657,1.0000066894576425,-0.0003822940717091994
60008.6024686957,0.9999478645571007,1.0000063022697476,1.0000063194897713,1.0000063022697476,-5.8437712646908224e-05
60008.60262553437,1.0004196307455633,1.0000059180070466,1.0000059342766054,1.0000059180070466,0.00041371273851664725
60008.60278237303,0.9999122826508571,1.0000055366695575,1.0000055519845865,1.0000055366695575,-9.325401870041716e-05
60008.60293921169,1.000208752485528,1.0000051582572975,1.0000051726137318,1.0000051582572975,0.00020359422823057471
60008.603096050356,1.0001820043874634,1.0000047827702319,1.0000047961640062,1.0000047827702319,0.00017722161723154883
60008.60325288903,0.999950979087669,1.000004410208361,1.0000044226354101,1.000004410208361,-5.343112069200462e-05
60008.60340972768,1.0004774894875643,1.0000040405717532,1.0000040520280125,1.0000040405717532,0.00047344891581113657
60008.60356656635,0.9998838508999754,1.000003673860306,1.0000036843417102,1.000003673860306,-0.00011982296033052897
60008.603723405016,0.9999402350983884,1.0000033100740877,1.0000033195765718,1.0000033100740877,-6.307497569935094e-05
60008.603880243674,1.0004930015533118,1.0000029492130977,1.0000029577325968,1.0000029492130977,0.0004900523402140422
60008.60403708234,0.9997437427673387,1.000002591277303,1.000002598809752,1.000002591277303,-0.0002588485099642712
60008.60419392101,0.9994165795300304,1.0000022362667036,1.0000022428080373,1.0000022362667036,-0.0005856567366732124
60008.60435075966,0.999772097245149,1.000001884181365,1.0000018897275187,1.000001884181365,-0.0002297869362158922
60008.604507598335,1.0004429565454376,1.0000015350211895,1.000001539568098,1.0000015350211895,0.0004414215242480868
60008.60466443699,1.0000704314285953,1.0000011887862579,1.0000011923298562,1.0000011887862579,6.924264233743038e-05
60008.60482127565,0.9998704713017424,1.0000008454765381,1.000000848012761,1.0000008454765381,-0.0001303741747956666
60008.60497811432,1.0002158786217996,1.0000005050919982,1.0000005066167805,1.0000005050919982,0.00021537352980138813
60008.60513495298,0.999854746901317,1.0000001676327017,1.0000001681419788,1.0000001676327017,-0.00014542073138468226
60008.605291791646,1.0002184171915727,0.9999998330986013,0.9999998325883079,0.9999998330986013,0.0002185840929713745
60008.60544863031,0.9995815906854775,0.9999578703868914,0.9999599258705327,0.9999995014897127,-0.00037627970141396183
60008.605605468976,1.0002734550046197,0.9998349469235274,0.9998377224479439,0.9999991728060359,0.00043850808109235917
60008.605762307634,0.9997721205479299,0.999672597163563,0.9996754792170138,0.9999988470475859,9.952338436680641e-05
60008.60591914631,1.000088046284205,0.9994846497446697,0.9994873035051886,0.9999985242143179,0.0006033965395353391
60008.60607598496,0.9991133609940255,0.9992797100281343,0.9992819078241807,0.9999982043063061,-0.00016634903410883695
60008.60623282362,0.9989247569752148,0.9990644295657571,0.9990660042889572,0.9999978873234764,-0.00013967259054237235
60008.606389662295,0.998405713030464,0.9988446073060264,0.9988454330601043,0.999997573265844,-0.0004388942755624292
60008.606546500945,0.9980886391701466,0.9986257617361111,0.9986257439953476,0.999997262133467,-0.0005371225659644985
60008.60670333962,0.9987333222088541,0.9984135670719215,0.9984126368066605,0.9999969539262583,0.00031975513693260904
60008.60686017828,0.9985362728047411,0.9982143559914225,0.9982124649756893,0.999996648644276,0.0003219168133186123
60008.60701701693,0.9981715351446452,0.998035975515453,0.9980330891519471,0.9999963462875332,0.00013555962919220566
60008.607173855606,0.9977767716877295,0.9978899393293125,0.9978860117186452,0.9999960468559604,-0.00011316764158297854
60008.60733069426,0.9971788296471795,0.9978037657085939,0.9977982169051016,0.9999957503496271,-0.0006249360614143384
60008.60748753293,0.9978136440104793,0.9977947749045815,0.9977892091734287,0.9999954567684918,1.886910589787849e-05
60008.607644371594,0.9978333569084906,0.9977866722576086,0.997781093280829,0.9999951661125683,4.6684650881978484e-05
60008.60780121025,0.9975463454569901,0.9977791606002107,0.9977735686370197,0.9999948783818698,-0.00023281514322059937
60008.60795804892,0.9975709228996373,0.997772105592452,0.99776650047077,0.9999945935763699,-0.00020118269281466095
60008.60811488758,0.9979551830636666,0.9977654250428964,0.9977598064840741,0.9999943116960818,0.0001897580207701477
60008.60827172625,0.9977425778354296,0.997759062554361,0.9977534302643574,0.9999940327410055,-1.648471893134218e-05
60008.608428564905,0.9970684405481772,0.9977529767885077,0.997747330489491,0.9999937567111538,-0.0006845362403304911
60008.60858540357,0.9976427555928123,0.9977471360810624,0.9977414755227292,0.999993483606501,-0.000104380488250011
60008.60874224223,0.997891119392238,0.9977415153947526,0.9977358403576917,0.9999932134270726,0.00014960399748531472
60008.60889908089,0.9973636034493154,0.9977360944432704,0.9977304047389803,0.9999929461728432,-0.000372490993954977
60008.60905591956,0.9979589078214964,0.9977308564711186,0.9977251519406148,0.9999926818438258,0.00022805135037784474
60008.609212758216,0.997292825635695,0.9977257874189684,0.9977200679308403,0.9999924204400323,-0.0004329617832734556
60008.60936959688,0.9978893510162642,0.9977208753332777,0.9977151407815922,0.9999921619614385,0.00016847568298650195
60008.609526435546,0.9973331489374868,0.9977161099382721,0.9977103602405185,0.9999919064080564,-0.00038296100078527573
60008.609683274204,0.9979127378141647,0.9977114823148154,0.9977057174099672,0.9999916537798978,0.00020125549934923992
60008.60984011287,0.9974692978114226,0.9977069846557846,0.9977012045025112,0.9999914040769392,-0.00023768684436198395
60008.609996951534,0.9975215360134857,0.9977026100782076,0.9976968146532502,0.9999911572991925,-0.0001810740647218978
60008.61015379019,0.9984018235045988,0.9976983524737013,0.9976925417703997,0.999990913446669,0.0007034710308975178
60008.61031062886,0.9978986359621366,0.9976942063891082,0.9976883804160689,0.9999906725193458,0.00020442957302835296
60008.610467467515,0.9968201054644861,0.9976901669319443,0.9976843257118445,0.9999904345172455,-0.0008700614674582718
60008.61062430618,0.9977666814432933,0.997686229690573,0.9976803732590761,0.9999901994403458,8.045175272031191e-05
60008.610781144846,0.9973683538446645,0.9976823906710198,0.9976765190758022,0.9999899672886581,-0.00031403682635533503
60008.6109379835,0.997897980092538,0.9976786462427726,0.9976727595426393,0.9999897380621926,0.00021933384976546844
60008.61109482217,0.9973059334051292,0.9976749930933569,0.9976690913574412,0.9999895117609283,-0.0003690596882277575
60008.611251660834,0.9976095123793796,0.9976714281914703,0.9976655114985097,0.9999892883848759,-6.191581209069597e-05
60008.611408499484,0.9974596212667046,0.9976679487544006,0.9976620171920785,0.9999890679340556,-0.00020832748769594733
60008.61156533816,0.998087730090999,0.9976645522192396,0.9976586058835786,0.9999888504084166,0.00042317787175949473
60008.61172217682,0.9975507824606217,0.997661236221791,0.9976552752166112,0.9999886358079995,-0.00011045376116936012
60008.61187901547,0.9978656613647028,0.9976579985741852,0.9976520230105987,0.9999884241328136,0.00020766279051753767
60008.61203585414,0.9967124787331088,0.9976548372468984,0.9976488472428464,0.99998821538282,-0.000942358513789654
60008.61219269281,0.9980562632745263,0.9976517503547786,0.997645746034611,0.9999880095580286,0.00040451291974774595
60008.61234953146,0.9976747693830142,0.9976487361431262,0.9976427176372146,0.9999878066584774,2.6033239888034743e-05
60008.612506370126,0.997447083089198,0.9976457929741064,0.9976397604184783,0.999987606684119,-0.0001987098849083324
60008.6126632088,0.9977741851440062,0.9976429193183516,0.9976368728543625,0.9999874096349636,0.00013126582565459177
60008.61282004745,0.9979100526077047,0.9976401137451577,0.9976340535191861,0.9999872155110469,0.0002699388625470034
60008.612976886114,0.9977505464821832,0.9976373749126535,0.9976313010758087,0.9999870243123239,0.00011317156952972418
60008.61313372477,0.9977235567488966,0.9976347015626383,0.9976286142705014,0.9999868360388214,8.885518625822986e-05
60008.61329056344,0.9978482712545101,0.9976320925123073,0.9976259919246806,0.9999866506905221,0.00021617874220281053
60008.6134474021,0.9974307139990032,0.9976295466493424,0.9976234329300228,0.9999864682674344,-0.00019883265033926456
60008.61360424076,0.9978211614898749,0.9976270629262102,0.9976209362427717,0.9999862887695669,0.0001940985636647019
60008.61376107942,0.9976243899223218,0.9976246403551468,0.9976185008787407,0.9999861121969109,-2.504328249219867e-07
60008.61391791809,0.9972690000708165,0.9976222780039672,0.9976161259091322,0.9999859385494505,-0.00035327793315065303
60008.61407475675,0.9979833296817242,0.9976199749928986,0.9976138104573875,0.9999857678272179,0.0003633546888256456
60008.614231595406,0.9980146846789509,0.9976177304897109,0.9976115536943214,0.9999856000301969,0.00039695418924001746
60008.61438843407,0.9975667403570357,0.9976155437072689,0.997609354835688,0.9999854351583798,-4.880335023316196e-05
60008.61454527273,0.9975154461522812,0.9976134139007711,0.9976072131394287,0.9999852732117821,-9.79677484899133e-05
60008.614702111394,0.9972253277212425,0.9976113403643616,0.9976051279022904,0.9999851141903886,-0.00038601264311910466
60008.61485895006,0.9971064743684166,0.9976093224293764,0.9976030984580813,0.999984958094207,-0.000502848060959793
60008.61501578871,0.998056531092547,0.9976073594618787,0.997601124175213,0.9999848049232511,0.0004491716306682658
60008.61517262738,0.9974745075640985,0.9976054508598908,0.9975992044539348,0.999984654677486,-0.00013094329579232955
60008.61532946605,0.9977119734592569,0.9976035960529481,0.9975973387259017,0.9999845073569397,0.00010837740630875725
60008.6154863047,0.9983178623012202,0.9976017944992617,0.9975955264513362,0.9999843629616185,0.000716067801958542
60008.61564314336,0.9970363992365929,0.9976000456839961,0.9975937671173114,0.9999842214914956,-0.0005636464474031433
60008.61579998202,0.9983607879806722,0.9975983491187874,0.997592060237278,0.9999840829465908,0.0007624388618847622
60008.615956820686,0.9976446185879972,0.9975967043393963,0.9975904053487167,0.9999839473268914,4.791424860095539e-05
60008.61611365935,0.9977479996992447,0.9975951109050941,0.9975888020125327,0.9999838146324038,0.0001528887941505408
60008.61627049801,0.9980147391582004,0.997593568397255,0.9975872498116499,0.9999836848631342,0.0004211707609453885
60008.61642733667,0.996911137173946,0.9975920764181462,0.9975857483498032,0.9999835580190759,-0.0006809392442002071
60008.61658417533,0.9974066561948293,0.9975906345900872,0.9975842972507027,0.9999834341002236,-0.00018397839525796655
60008.616741014,0.9978630198627284,0.9975892425546556,0.9975828961572423,0.9999833131065832,0.00027377730807276457
60008.616897852655,0.9975717036652779,0.9975878999716862,0.9975815447305025,0.9999831950381598,-1.6196306408255978e-05
60008.61705469132,0.9978859325690895,0.9975866065183029,0.9975802426487823,0.9999830798949428,0.0002993260507866413
60008.61721152997,0.9976921241407277,0.9975853618886693,0.997578989607355,0.999982967676948,0.00010676225205841217
60008.617368368636,0.9976934022727765,0.9975841657925965,0.9975777853170759,0.9999828583841545,0.00010923648018001941
60008.61752520731,0.997286762495252,0.9975830179556143,0.9975766295044576,0.9999827520165678,-0.00029625546036227135
60008.61768204596,0.9977601923852452,0.9975819181182262,0.997575521910927,0.9999826485742075,0.0001782742670189963
60008.617838884624,0.9979305470733777,0.9975808660347572,0.9975744622916715,0.9999825480570492,0.0003496810386205418
60008.61799572329,0.9973273206678106,0.9975798614736746,0.9975734504159657,0.9999824504651029,-0.00025254080586400995
60008.61815256194,0.9978423662033612,0.9975789042167361,0.99757248606632,0.9999823557983769,0.0002634619866250798
60008.618309400605,0.9976901111532971,0.9975779940583085,0.9975715690377968,0.999982264056854,0.00011211709498859523
60008.61846623927,0.9980863527634646,0.9975771308054945,0.9975706991381449,0.9999821752405428,0.0005092219579700963
60008.61862307793,0.9979854700453895,0.9975763142774371,0.9975698761871008,0.9999820893494474,0.00040915576795241826
60008.61877991659,0.9977610989808033,0.9975755443049148,0.9975691000159855,0.9999820063835597,0.00018555467588854402
60008.61893675525,0.9976540234710869,0.9975748207302833,0.9975683704676485,0.9999819263428876,7.920274080364109e-05
60008.61909359391,0.9975429765512149,0.9975741434069245,0.9975676873959167,0.9999818492274269,-3.116685570958566e-05
60008.61925043257,0.99708803285515,0.997573512199096,0.9975670506654442,0.9999817750371746,-0.00048547934394593817
60008.61940727123,0.9970780005071055,0.9975729269817599,0.9975664601515439,0.9999817037721372,-0.0004949264746544335
60008.61956410989,0.9969680027847906,0.9975723876401837,0.9975659157397864,0.9999816354323116,-0.0006043848553931586
60008.61972094856,0.9973025651904903,0.9975718940698093,0.9975654173258705,0.9999815700176914,-0.0002693288793189641
60008.61987778722,0.9982957996648518,0.997571446176218,0.9975649648155908,0.9999815075282888,0.0007243534886338665
60008.62003462588,0.9981072570325705,0.9975710438746902,0.9975645581243936,0.999981447964098,0.0005362131578803275
60008.62019146454,0.9974857222676916,0.9975706870902281,0.997564197177403,0.9999813913251163,-8.496482253650406e-05
60008.62034830319,0.9977338220322841,0.9975703757574569,0.9975638819093222,0.9999813376113512,0.00016344627482722807
60008.62050514186,0.9976965539740589,0.9975701098203453,0.9975636122641521,0.9999812868227926,0.00012644415371354523
60008.62066198052,0.9974838314499049,0.9975698892323036,0.9975633881952909,0.999981238959446,-8.605778239867412e-05
60008.620818819174,0.996874236381984,0.9975697139559973,0.9975632096653485,0.9999811940213154,-0.0006954775740132257
60008.62097565784,0.9976895589808136,0.997569583963254,0.9975630766460514,0.9999811520083922,0.0001199750175595593
60008.62113249651,0.9975754449368497,0.9975694992351117,0.9975629891182919,0.999981112920679,5.945701737952724e-06
60008.62128933516,0.9974902910050528,0.997569459761731,0.9975760593728398,0.9999810767581828,-7.91687566781274e-05
60008.62144617383,0.9975062003540373,0.9975694655423638,0.9975760626001516,0.999981043520895,-6.326518832655559e-05
60008.621603012485,0.9980665475808361,0.997569516585388,0.9975761110849145,0.9999810132088203,0.0004970309954481777
60008.62175985114,0.9972413351603588,0.9975696129083044,0.9975762048442068,0.9999809858219573,-0.0003282777479455268
60008.62191668981,0.9970660104803731,0.9975697545377764,0.9975763439041744,0.9999809613603046,-0.000503744057403277
60008.622073528466,0.9979719239272792,0.9975699415096485,0.9975765283000452,0.9999809398238647,0.0004019824176306752
60008.622230367124,0.9975016498464839,0.9975701738690442,0.9975767580762285,0.9999809212126364,-6.852402256030121e-05
60008.62238720579,0.9971684331438921,0.9975704516704342,0.9975770332863801,0.999980905526619,-0.0004020185265420917
60008.62254404445,0.9972849761476964,0.9975707749776805,0.9975773539934474,0.999980892765814,-0.00028579882998414075
60008.622700883105,0.997359446372869,0.9975711438642243,0.9975777202698524,0.9999808829302205,-0.00021169749135530047
60008.62285772177,0.9971737320286619,0.9975715584131836,0.9975781321975903,0.9999808760198383,-0.0003978263845216823
60008.62301456042,0.9974491849280255,0.9975720187174081,0.9975785898682812,0.9999808720346682,-0.0001228337893826037
60008.623171399086,0.9980136508497374,0.9975725248798696,0.9975790933835581,0.9999808709747094,0.00044112596986778385
60008.62332823775,0.9975514142342687,0.9975730770135717,0.9975796428549747,0.9999808728399625,-2.1662779302933366e-05
60008.6234850764,0.996904298563025,0.99757367524186,0.9975802384043128,0.9999808776304268,-0.000669376678835043
60008.623641915074,0.9979064178531593,0.9975743196988608,0.997580880164017,0.9999808853461036,0.0003320981542984658
60008.62379875374,0.9973517849150708,0.99757501052927,0.9975815682769825,0.999980895986992,-0.00022322561419918507
60008.62395559239,0.9975745084700591,0.9975757478889451,0.9975823028971426,0.9999809095530909,-1.2394188859676802e-06
60008.624112431055,0.9980874920962812,0.9975765319453028,0.9975830841898616,0.9999809260444026,0.0005109601509784012
60008.62426926972,0.9975290944795611,0.9975773628772526,0.9975839123318656,0.9999809454609263,-4.8268397691564324e-05
60008.62442610837,0.9977264357547072,0.9975782408757224,0.9975847875117638,0.9999809678026595,0.00014819487898476424
60008.624582947035,0.9972943182963085,0.9975791661442931,0.9975857099306775,0.9999809930696066,-0.00028484784798454843
60008.62473978569,0.9980167490062382,0.9975801388990622,0.9975866798020994,0.999981021261764,0.00043661010717599424
60008.62489662435,0.9981097262195466,0.9975811593695311,0.9975876973527747,0.999981052379133,0.000528566850015566
60008.625053463016,0.9974390690304655,0.9975822277989111,0.9975887628230017,0.9999810864217153,-0.00014315876844561704
60008.625210301674,0.9978820972785698,0.9975833444444663,0.9975898764669683,0.9999811233895077,0.0002987528341035217
60008.62536714033,0.9968449383744197,0.99758450957835,0.9975910385535819,0.9999811632825114,-0.0007395712039303115
60008.625523979,0.9982584463848726,0.9975857234880495,0.9975922493669052,0.9999812061007289,0.0006727228968230747
60008.625680817655,0.9976516821630381,0.9975869864768321,0.9975935092065966,0.9999812518441561,6.469568620603994e-05
60008.62583765631,0.997776109281616,0.9975882988647581,0.9975948183889126,0.9999813005127948,0.00018781041685789202
60008.62599449498,0.9980117506607882,0.9975896609892494,0.997596177247268,0.9999813521066475,0.0004220896715387834
60008.62615133363,0.9977221780417322,0.9975910732056059,0.9975975861327429,0.9999814066257068,0.00013110483612632784
60008.626308172294,0.998128822340268,0.9975925358885628,0.997599045415627,0.9999814640699829,0.0005362864517052257
60008.62646501096,0.9974257774551605,0.9975940494323544,0.9976005554854748,0.9999815244394709,-0.0001682719771939345
60008.62662184961,0.996982444003837,0.9975956142520699,0.9976021167524465,0.9999815877341646,-0.0006131702482329304
60008.626778688274,0.9962495853837007,0.9975972307851697,0.9976037296488107,0.9999816539540758,-0.0013476454014690331
60008.62693552694,0.997898104685463,0.9975988994917625,0.9976053946292082,0.999981723099199,0.0002992051937005247
60008.62709236558,0.9970390156402306,0.997600620856177,0.9976071121722061,0.9999817951695238,-0.0005616052159463925
60008.62724920425,0.9975882218638489,0.9976023953891273,0.9976088827824461,0.9999818701650701,-1.417352527843807e-05
60008.627406042906,0.9977599590550111,0.9976042236276452,0.9976107069905581,0.9999819480858247,0.00015573542736591062
60008.627562881564,0.9974299344455312,0.9976061061378615,0.9976125853559209,0.9999820289317909,-0.00017617169233030694
60008.62771972023,0.9981276444312401,0.9976080435163283,0.9976145184679609,0.9999821127029725,0.0005196009149118774
60008.62787655889,0.9978572044154829,0.9976100363916014,0.9976165069477119,0.9999821993993618,0.0002471680238814722
60008.628033397545,0.9973288878828024,0.9976120854268108,0.9976185514503557,0.9999822890209628,-0.0002831975440084067
60008.62819023621,0.9974154146705375,0.9976141913216163,0.9976206526671502,0.9999823815677796,-0.0001987766510788136
60008.62834707487,0.9973064042403854,0.9976163548143204,0.9976228113275104,0.9999824770398038,-0.0003099505739350139
60008.628503913525,0.998042177945499,0.9976185766851002,0.9976250282022019,0.9999825754370395,0.0004236012603987538
60008.62866075219,0.9970395345266068,0.9976208577586252,0.9976273041059219,0.9999826767594916,-0.000581323232018427
60008.62881759084,0.9973683625723953,0.9976231989067994,0.9976296398999971,0.9999827810071458,-0.00025483633440415154
60008.628974429506,0.9973472872807312,0.9976256010534454,0.9976320364970189,0.9999828881800212,-0.00027831377271425595
60008.62913126817,0.9971797587129243,0.997628065176757,0.997634494863244,0.9999829982781085,-0.0004483064638326484
60008.62928810682,0.99766211542949,0.9976305923141829,0.9976370160234188,0.9999831113013969,3.152311530707497e-05
60008.62944494548,0.9973329873713745,0.9976331835677489,0.9976396010660334,0.9999832272499023,-0.00030019619637433603
60008.629601784145,0.9983726419887822,0.9976358401083627,0.9976422511475551,0.9999833461236247,0.0007368018804194687
60008.629758622796,0.9974551367306647,0.9976385631815844,0.9976449674981159,0.9999834679225474,-0.00018342645091973253
60008.62991546146,0.9978308605315416,0.9976413541153732,0.997647751429164,0.9999835926466932,0.00018950641616832797
60008.630072300126,0.9972062285665789,0.9976442143257015,0.9976506043389753,0.9999837202960509,-0.0004379857591225722
60008.63022913878,0.9977629338096292,0.9976471453254111,0.9976535277213918,0.999983850870608,0.0001157884842181156
60008.63038597744,0.997399190187185,0.9976501487342011,0.9976565231756697,0.999983984370389,-0.0002509585470160669
60008.6305428161,0.9975686137296979,0.997653226287166,0.9976595924148702,0.9999841207953755,-8.461255746816665e-05
60008.63069965476,0.9974823583880549,0.9976563798479853,0.9976627372788692,0.9999842601455735,-0.00017402145993039575
60008.63085649342,0.997691380831369,0.997659611421661,0.9976659597468939,0.9999844024209897,3.176940970794906e-05
60008.63101333207,0.99774729957283,0.9976629231690441,0.9976692619518177,0.9999845476216042,8.437640378589073e-05
60008.63117017073,0.9985568187315871,0.9976663174257068,0.9976726461987564,0.9999846957474369,0.0008905013058803091
60008.631327009396,0.9982102157453144,0.9976697967205607,0.997676114983377,0.9999848467984882,0.0005404190247537688
60008.631483848054,0.9978429887123594,0.9976733637990668,0.9976796710147345,0.9999850007747442,0.00016962491329264306
60008.63164068671,0.9969586250549566,0.9976770216509016,0.9976833172424989,0.9999851576762115,-0.0007183965959449701
60008.63179752538,0.9977221623548305,0.9976807735408806,0.9976870568873605,0.9999853175028981,4.138881394988303e-05
60008.63195436403,0.998264650938923,0.9976846230451475,0.9976908934765988,0.9999854802547813,0.0005800278937755365
60008.632111202685,0.9974325805564304,0.9976885740966306,0.9976948308887842,0.9999856459318834,-0.0002559935402002278
60008.63226804135,0.9980229264054579,0.9976926310355609,0.9976988734033864,0.9999858145342051,0.00033029536989692687
60008.63242488,0.9973218084999262,0.997696798671986,0.9977030257621682,0.9999859860617225,-0.0003749901720597748
60008.632581718666,0.9979384671905698,0.9977010823635447,0.9977072932455613,0.9999861605144675,0.0002373848270250667
60008.63273855733,0.9975509066127365,0.9977054881057468,0.9977116817612066,0.9999863378924244,-0.00015458149301028623
60008.63289539598,0.9980667470368839,0.9977100226477779,0.9977161979575337,0.9999865181955762,0.00035672438910605564
60008.63305223464,0.9982759561519592,0.99771469363706,0.997720849365446,0.999986701423948,0.0005612625148991857
60008.6332090733,0.9973939884320312,0.9977195097992126,0.9977256445745254,0.9999868875775312,-0.0003255213671814472
60008.633365911955,0.9978247923783147,0.9977244811730606,0.9977305934630016,0.9999870766563259,0.00010031120525411108
60008.63352275062,0.9980864406705697,0.9977296194169548,0.9977357074971926,0.9999872686603413,0.000356821253614914
60008.63367958928,0.9978810290159121,0.9977349382168826,0.9977410001299732,0.9999874635895594,0.00014609079902949684
60008.633836427936,0.9981530816469874,0.9977404538473112,0.9977464873476689,0.999987661443989,0.00041262779967610186
60008.633993266594,0.9974874418023877,0.9977461859572059,0.9977521884351775,0.9999878622236301,-0.00025874415481819124
60008.63415010525,0.9977522571915768,0.9977521587163541,0.9977581270895038,0.9999880659284829,9.847522264294639e-08
60008.63430694391,0.9978832088118045,0.9977584025587021,0.9977643331086288,0.9999882725585473,0.00012480625310240523
60008.634463782575,0.9978335184856795,0.997764956988972,0.9977708451005514,0.9999884821138328,6.856149670741996e-05
60008.634620621226,0.9977212915624318,0.9977718754615599,0.9977777151682075,0.9999886945943105,-5.058389912804273e-05
60008.63477745988,0.9973833542809385,0.9977792348901202,0.9977850179684817,0.9999889100000094,-0.0003958806091817202
60008.63493429855,0.9982872711278177,0.9977871579911493,0.997792871690936,0.9999891283309302,0.000500113136668423
60008.6350911372,0.9982841505832165,0.9977958936125755,0.9978015103032473,0.9999893495870421,0.00048825697064103224
60008.635247975864,0.9980674857362454,0.9978643372948232,0.9978639349221206,0.9999895737683863,0.00020314844142221844
60008.63540481453,0.9979999560449087,0.998003474457424,0.9980007133066424,0.9999898008749422,-3.5184125153353563e-06
60008.63556165317,0.9981938535638827,0.9981775175499267,0.9981734832341822,0.9999900309066777,1.63360139560087e-05
60008.63571849184,0.9982114678693053,0.998373897899488,0.9983691737238538,0.999990263863657,-0.0001624300301827919
60008.6358753305,0.9990187164096034,0.9985843876403939,0.9985793616591069,0.9999904997458481,0.00043432876920945773
60008.63603216915,0.9992168421815386,0.99880248465229,0.9987974394464614,0.9999907385532287,0.0004143575292485657
60008.63618900781,0.9985990362914187,0.999022447508742,0.9990175988771084,0.9999909802858318,-0.0004234112173233662
60008.63634584647,0.9990211582016062,0.9992387616346926,0.9992342792504899,0.9999912249436466,-0.00021760343308641072
60008.63650268513,0.9992171604406407,0.9994457053465146,0.9994417260610865,0.9999914725266729,-0.0002285449058738731
60008.63665952379,0.9995541541944449,0.9996368165015769,0.9996334556917077,0.9999917230349223,-8.266230713194211e-05
60008.63681636244,0.9995999569757059,0.9998039261123376,0.9998012938318337,0.99999197646836,-0.00020396913663167648
60008.6369732011,1.0002559716979058,0.999934521724061,0.9999327717298061,0.9999922328270211,0.00032144997384475626
60008.637130039766,0.9995104120487927,0.9999924921109057,0.9999922004571651,0.9999924921109057,-0.0004820800621130328
60008.637286878424,0.9996543711746481,0.9999927543199898,0.9999924608174113,0.9999927543199898,-0.0003383831453417363
60008.637443717074,0.9998671183328108,0.9999930194542733,0.9999927240987918,0.9999930194542733,-0.00012590112146249055
60008.63760055574,1.0004611454503551,0.999993287513793,0.9999929903013435,0.999993287513793,0.0004678579365621216
60008.63775739439,0.9999627158109415,0.9999935584984992,0.9999932594250168,0.9999935584984992,-3.084268755770836e-05
60008.637914233055,0.9993606224438906,0.9999938324084423,0.9999935314698618,0.9999938324084423,-0.0006332099645517397
60008.63807107171,1.0002688025860802,0.9999941092435845,0.9999938064358407,0.9999941092435845,0.0002746933424957465
60008.638227910364,0.9998330593120969,0.9999943890039249,0.9999940843229532,0.9999943890039249,-0.00016132969182802714
60008.63838474903,1.0000788575747686,0.9999946716895031,0.9999943651312382,0.9999946716895031,8.418588526548643e-05
60008.63854158769,1.0003446321827931,0.9999949573002799,0.9999946488606567,0.9999949573002799,0.0003496748825132512
60008.63869842634,1.0002333842218123,0.9999952458362545,0.9999949355112083,0.9999952458362545,0.00023813838555775124
60008.638855265,1.0003429690647652,0.9999955372974679,0.9999952250829333,0.9999955372974679,0.0003474317672972349
60008.63901210366,1.0001310055974433,0.9999958316838793,0.9999955175757913,0.9999958316838793,0.00013517391356399067
60008.63916894231,0.9995354686424786,0.9999961289954883,0.999995812989782,0.9999961289954883,-0.0004606603530097342
60008.639325780976,1.0000781001084158,0.9999964292323367,0.9999961113249469,0.9999964292323367,8.167087607913182e-05
60008.639482619634,1.000772107922467,0.9999967323943828,0.9999964125812446,0.9999967323943828,0.0007753755280841546
60008.639639458284,0.9997900190287731,0.9999970384816262,0.9999967167586746,0.9999970384816262,-0.00020701945285317436
60008.63979629695,1.0000295569787871,0.9999973474941096,0.9999970238572795,0.9999973474941096,3.22094846775256e-05
60008.63995313561,0.99989852788233,0.9999976594317904,0.9999973338770167,0.9999976594317904,-9.913154946039615e-05
60008.64010997426,0.9998263740972695,0.9999979742946681,0.9999976468178858,0.9999979742946681,-0.00017160019739859145
60008.64026681292,1.000099330332581,0.9999982920827867,0.9999979626799307,0.9999982920827867,0.00010103824979423859
60008.640423651574,0.9998427441219511,0.999998612796087,0.9999982814630926,0.999998612796087,-0.00015586867413597272
60008.64058049023,1.0001557601471622,0.9999989364346139,0.9999986031674157,0.9999989364346139,0.00015682371254832628
60008.6407373289,1.000017364922468,0.9999992629983676,0.9999989277929006,0.9999992629983676,1.810192410034439e-05
60008.64089416755,0.9995957513578692,0.9999995924873023,0.9999992553395017,0.9999995924873023,-0.00040384112943314676
60008.641051006205,1.001291902028055,0.9999999249014638,0.9999995858072644,0.9999999249014638,0.0012919771265912372
60008.64120784487,1.000925666982628,1.0000002602408526,0.9999999191961894,1.0000002602408526,0.0009254067417754364
60008.64136468352,0.9999713668903237,1.0000005985054217,1.0000002555062295,1.0000005985054217,-2.923161509793548e-05
60008.64152152218,1.0003040709738629,1.0000009396952179,1.0000005947374317,1.0000009396952179,0.000303131278645008
60008.641678360844,0.9998315712661933,1.0000012838102417,1.0000009368897966,1.0000012838102417,-0.00016971254404840597
60008.641835199494,0.9996307037629639,1.000001630850445,1.000001281963276,1.000001630850445,-0.0003709270874809878
60008.64199203815,1.0000831998752455,1.0000019808158758,1.000001629957918,1.0000019808158758,8.12190593697526e-05
60008.64214887681,1.0000733617273838,1.0000023337065183,1.0000019808737062,1.0000023337065183,7.102802086556004e-05
60008.64230571546,1.0001767951018725,1.0000026895223557,1.0000023347106248,1.0000026895223557,0.0001741055795168034
60008.642462554126,0.9998015214875544,1.0000030482634379,1.0000026914687228,1.0000030482634379,-0.000201526775883476
60008.642619392784,1.0010498819299314,1.000003409929715,1.0000030511479507,1.000003409929715,0.0010464720002163475
60008.642776231434,0.9999563190433086,1.0000037745211867,1.0000034137483083,1.0000037745211867,-4.7455477878100005e-05
60008.6429330701,1.0006177263483167,1.000004142037904,1.0000037792698462,1.000004142037904,0.0006135843104126959
60008.64308990876,1.000009440002749,1.0000045124798158,1.0000041477125137,1.0000045124798158,4.927522933240169e-06
60008.64324674741,0.9999889103201391,1.000004885846922,1.0000045190763105,1.000004885846922,-1.5975526782785465e-05
60008.64340358607,1.0000206783958439,1.000005262139274,1.0000048933612884,1.000005262139274,1.541625656975576e-05
60008.643560424716,1.0000399800480382,1.0000056413567855,1.0000052705673603,1.0000056413567855,3.4338691252688847e-05
60008.64371726338,0.9997413710311265,1.0000060234995611,1.0000056506946315,1.0000060234995611,-0.0002646524684346563
60008.64387410205,1.0002299888156636,1.0000064085675484,1.0000060337430494,1.0000064085675484,0.00022358024811519606
60008.64403094069,0.9994515941534637,1.0000067965606936,1.00000641971256,1.0000067965606936,-0.0005552024072298378
60008.644187779355,1.0006161387096313,1.000007187479104,1.0000068086032712,1.000007187479104,0.0006089512305271771
60008.64434461801,1.000115033812407,1.0000075813227083,1.0000072004151108,1.0000075813227083,0.00010745248969867838
60008.64450145666,1.0003799701173572,1.0000079780915057,1.0000075951480785,1.0000079780915057,0.0003719920258515863
60008.64465829532,0.999509746068371,1.0000083777855329,1.000007992802211,1.0000083777855329,-0.0004986317171619126
60008.64481513398,0.9992610353359894,1.0000087804047715,1.0000083933774901,1.0000087804047715,-0.0007477450687820575
60008.64497197264,1.000499468408596,1.0000091859492217,1.0000087968739158,1.0000091859492217,0.0004902824593742139
60008.645128811295,0.9997962284113922,1.0000095944188836,1.0000092032914878,1.0000095944188836,-0.00021336600749144452
60008.64528564995,1.0000303669446378,1.0000100058137569,1.0000096126302063,1.0000100058137569,2.036113088088598e-05
60008.6454424886,1.00020164750997,1.0000104201338227,1.0000100248900523,1.0000104201338227,0.000191227376147296
60008.64559932727,1.0000318525612946,1.0000108373791385,1.0000104400710832,1.0000108373791385,2.1015182156025602e-05
60008.64575616592,1.0001868878619855,1.000011257549627,1.0000108581732219,1.000011257549627,0.00017563031235856563
60008.64591300458,0.999944551296395,1.0000116806453465,1.0000112791965265,1.0000116806453465,-6.712934895147793e-05
60008.646069843235,0.9998863619037367,1.0000121066662777,1.0000117031409774,1.0000121066662777,-0.00012574476254101352
60008.646226681885,0.9999721166270595,1.0000125356124003,1.0000121300065552,1.0000125356124003,-4.0418985340795466e-05
60008.64638352055,0.9997126882982066,1.0000129674837743,1.0000125597933192,1.0000129674837743,-0.00030027918556774225
60008.64654035921,0.999975059445418,1.0000134022803402,1.00001299250121,1.0000134022803402,-3.8342834922211466e-05
60008.64669719786,1.0003994679048716,1.000013840002097,1.0000134281302269,1.000013840002097,0.0003856279027745213
60008.64685403652,1.0009953762845647,1.000014280649086,1.0000138666804104,1.000014280649086,0.000981095635478768
60008.64701087518,0.9999014814189671,1.0000147242213069,1.000014308151761,1.0000147242213069,-0.00011324280233981909
60008.647167713825,1.0002742596456782,1.000015170718677,1.0000147525441965,1.000015170718677,0.0002590889270011054
60008.64732455249,0.9998226049740732,1.0000156201413213,1.0000151998578404,1.0000156201413213,-0.00019301516724812284
60008.64748139115,1.0002075512801591,1.0000160724891565,1.00001565009261,1.0000160724891565,0.00019147879100267495
60008.6476382298,1.0003782598956772,1.0000165277621818,1.000016103248505,1.0000165277621818,0.0003617321334954404
60008.64779506846,0.9996467229579635,1.0000169859604398,1.0000165593255677,1.0000169859604398,-0.00037026300247622324
60008.647951907114,1.0005631906583075,1.0000174470839092,1.0000170183237767,1.0000174470839092,0.0005457435743982941
60008.648108745765,1.000246151695006,1.0000179111325687,1.000017480243111,1.0000179111325687,0.00022824056243742064
60008.64826558443,1.0006910837048202,1.0000183781064829,1.0000179450836346,1.0000183781064829,0.0006727055983373198
60008.64842242308,0.9998042479355472,1.0000188480055652,1.0000184128452614,1.0000188480055652,-0.00021460007001794512
60008.64857926174,1.0008970017674559,1.0000193208298809,1.0000188835280566,1.0000193208298809,0.0008776809375750094
60008.6487361004,1.0006116134147758,1.0000197965794082,1.000019357131998,1.0000197965794082,0.0005918168353675757
60008.648892939054,0.9997255832302134,1.000020275254147,1.0000198336570862,1.000020275254147,-0.00029469202393350713
60008.649049777705,0.9993979531756613,1.0000207568540747,1.0000203131032985,1.0000207568540747,-0.0006228036784133861
60008.64920661637,1.0000280758946969,1.000021241379259,1.000020795470702,1.000021241379259,6.834515437814659e-06
60008.64936345501,1.0004522583813529,1.000021728829587,1.0000212807591846,1.000021728829587,0.00043052955176592356
60008.64952029368,1.000210551240904,1.0000222192051946,1.0000217689688813,1.0000222192051946,0.00018833203570944868
60008.64967713234,0.9999113914292468,1.000022712505991,1.0000222600997017,1.000022712505991,-0.00011132107674427516
60008.64983397099,0.9999207047820083,1.0000232087319758,1.0000227541516458,1.0000232087319758,-0.00010250394996746959
60008.649990809645,0.9998446568926971,1.0000237078831953,1.0000232511247593,1.0000237078831953,-0.0001790509904981974
60008.6501476483,1.0002114069687964,1.0000242099596264,1.0000237510190195,1.0000242099596264,0.0001871970091700259
60008.65030448695,1.000715400590625,1.0000247149612453,1.0000242538344026,1.0000247149612453,0.0006906856293795727
60008.65046132561,1.0006151739732172,1.0000252228880993,1.0000247595709555,1.0000252228880993,0.0005899510851179457
60008.65061816427,1.0001030635920627,1.0000257337401648,1.000025268228655,1.0000257337401648,7.732985189790043e-05
60008.65077500292,1.0007604346748493,1.000026247517418,1.0000257798074772,1.000026247517418,0.000734187157431343
60008.650931841585,1.0007237805095937,1.0000267642199305,1.0000262943074936,1.0000267642199305,0.0006970162896631216
60008.651088680235,0.9997739690673022,1.0000272838476065,1.0000268117286084,1.0000272838476065,-0.00025331478030432564
60008.65124551889,1.0001855340496268,1.0000278064005181,1.000027332070894,1.0000278064005181,0.00015772764910870762
60008.65140235755,1.0006302253709998,1.0000283318786414,1.0000278553343258,1.0000283318786414,0.0006018934923583963
60008.6515591962,1.000040961314376,1.0000288602819514,1.0000283815188797,1.0000288602819514,1.210103242454963e-05
60008.65171603486,0.9995770886277011,1.0000293916104976,1.0000289106246047,1.0000293916104976,-0.00045230298279652636
60008.65187287352,1.0001567052424942,1.0000299258642553,1.000029442651476,1.0000299258642553,0.00012677937823890595
60008.65202971217,1.0011010419294846,1.0000304630431995,1.0000299775994692,1.0000304630431995,0.001070578886285034
60008.652186550826,1.0001529088111536,1.0000310031473802,1.0000305154686335,1.0000310031473802,0.00012190566377334733
60008.65234338948,1.0003088786792214,1.0000315461767726,1.0000310562589443,1.0000315461767726,0.0002773325024487683
60008.652500228134,0.9993821198130047,1.000032092131351,1.0000315999703762,1.000032092131351,-0.0006499723183462924
60008.65265706679,1.0000870088874148,1.0000326410111664,1.00003214660298,1.0000326410111664,5.4367876248351266e-05
60008.65281390546,1.000636933341316,1.0000331928162187,1.0000326961567558,1.0000331928162187,0.0006037405250973737
60008.6529707441,1.0005695989519912,1.0000337475464056,1.0000332486316015,1.0000337475464056,0.0005358514055855412
60008.65312758276,1.0004302650971695,1.0000343052018554,1.0000338040276446,1.0000343052018554,0.0003959598953140464
60008.65328442142,0.9999806544706742,1.0000348657825429,1.0000343623448602,1.0000348657825429,-5.421131186866823e-05
60008.65344126007,1.0001004892068361,1.0000354292883635,1.0000349235831443,1.0000354292883635,6.505991847260972e-05
60008.65359809873,0.9998030516554839,1.0000359957194742,1.0000354877426532,1.0000359957194742,-0.00023294406399032574
60008.65375493738,1.0003230289710923,1.0000365650757437,1.000036054823256,1.0000365650757437,0.00028646389534858763
60008.65391177603,0.9997603295605365,1.0000371373572245,1.0000366248250052,1.0000371373572245,-0.0002768077966880389
60008.6540686147,1.000427247556533,1.0000377125639703,1.0000371977479539,1.0000377125639703,0.0003895349925626679
60008.65422545335,0.999863570537544,1.000038290695874,1.0000377735919959,1.000038290695874,-0.00017472015832997734
60008.654382292,1.0000410451025485,1.000038871752989,1.0000383523571839,1.000038871752989,2.1733495596532038e-06
60008.654539130664,1.0000901210014823,1.0000394557353696,1.0000389340435725,1.0000394557353696,5.066526611274824e-05
60008.65469596931,1.0002562317451653,1.0000400426428802,1.0000395186510262,1.0000400426428802,0.00021618910228515809
60008.65485280797,0.9996775318310914,1.000040632475684,1.000040106179708,1.000040632475684,-0.0003631006445926621
60008.65500964663,1.0001120255712497,1.0000412252336721,1.000040696629509,1.0000412252336721,7.080033757755899e-05
60008.655166485274,1.0004124019429652,1.0000418209168165,1.0000412900004014,1.0000418209168165,0.0003705810261487308
60008.65532332394,0.9999636567515069,1.0000424195252553,1.0000418862925229,1.0000424195252553,-7.876277374840868e-05
60008.6554801626,0.9999562779954018,1.0000430210588778,1.0000424855057635,1.0000430210588778,-8.674306347600247e-05
60008.65563700124,1.0001185575413802,1.000043625517656,1.0000430876400945,1.000043625517656,7.493202372432783e-05
60008.655793839906,0.999951319523936,1.0000442329017296,1.0000436926956557,1.0000442329017296,-9.291337779360198e-05
60008.65595067856,0.9997490146920069,1.0000448432109867,1.0000443006723359,1.0000448432109867,-0.00029582851897980156
60008.65610751721,0.9999688448812655,1.0000454564453984,1.0000449115701053,1.0000454564453984,-7.661156413296677e-05
60008.65626435587,0.9997090069987372,1.0000460726051073,1.0000455253891065,1.0000460726051073,-0.000337065606370035
60008.65642119452,0.9995737182131851,1.0000466916899702,1.0000461421291973,1.0000466916899702,-0.00047297347678509905
60008.65657803317,0.999647918359871,1.0000473137000445,1.0000467617904343,1.0000473137000445,-0.00039939534017352507
60008.65673487184,1.001027218292792,1.000047938635388,1.0000473843728752,1.000047938635388,0.0009792796574039642
60008.65689171049,0.9998206440465673,1.0000485664958854,1.0000480098764049,1.0000485664958854,-0.00022792244931801875
60008.65704854914,1.0001299131192318,1.0000491972815937,1.000048638301081,1.0000491972815937,8.07158376381345e-05
60008.6572053878,0.9994652323688613,1.0000498309925427,1.0000492696469325,1.0000498309925427,-0.0005845986236814316
60008.657362226455,1.0004554906374128,1.0000504676287034,1.0000499039139306,1.0000504676287034,0.0004050230087093709
60008.657519065106,1.000165930101219,1.000051107190046,1.0000505411020455,1.000051107190046,0.00011482291117292931
60008.65767590376,0.9999783279843646,1.0000517496766297,1.0000511812113366,1.0000517496766297,-7.342169226509654e-05
60008.657832742414,1.0002486915107325,1.0000523950883948,1.0000518242417442,1.0000523950883948,0.00019629642233764955
60008.65798958107,1.000128540430851,1.0000530434254016,1.0000524701933282,1.0000530434254016,7.549700544950966e-05
60008.65814641973,1.000399297792114,1.00005369468762,1.0000531190660586,1.00005369468762,0.00034560310449394116
60008.65830325837,0.999542527739058,1.000054348874989,1.000053770859875,1.000054348874989,-0.0005118211359308455
60008.65846009704,1.0005591302007972,1.0000550059876605,1.0000544255749286,1.0000550059876605,0.0005041242131367252
60008.658616935696,1.000304594721961,1.0000556660255133,1.0000550832110984,1.0000556660255133,0.00024892869644776994
60008.65877377434,0.9996783369012284,1.000056328988516,1.0000557437683535,1.000056328988516,-0.00037799208728761524
60008.658930613004,1.0003407079676039,1.0000569948768225,1.000056407246847,1.0000569948768225,0.00028371309078134566
60008.659087451655,0.9994173119961911,1.0000576636902787,1.0000570736464252,1.0000576636902787,-0.0006403516940876042
60008.659244290306,1.0004835661958387,1.0000583354289463,1.0000577429671498,1.0000583354289463,0.0004252307668923816
60008.65940112896,0.9999529590646152,1.0000590100928566,1.0000584152090517,1.0000590100928566,-0.0001060510282413496
60008.65955796762,0.9997721073387416,1.0000596876819783,1.0000590903721005,1.0000596876819783,-0.0002875803432367263
60008.65971480627,0.9997530964802971,1.00006036819628,1.000059768456264,1.00006036819628,-0.00030727171598299297
60008.65987164493,1.0005602109536744,1.0000610516358246,1.0000604494616057,1.0000610516358246,0.0004991593178498288
60008.66002848358,0.9994852981647063,1.000061738000549,1.0000611333880618,1.000061738000549,-0.000576439835842657
60008.66018532224,1.0000634411731029,1.0000624272905168,1.0000618202356961,1.0000624272905168,1.0138825861094602e-06
60008.660342160896,0.999628047089956,1.000063119505696,1.000062510004477,1.000063119505696,-0.0004350724157399233
60008.66049899954,0.9998288848410626,1.0000638146460221,1.0000632026943403,1.0000638146460221,-0.0002349298049595383
60008.6606558382,1.000495849433852,1.0000645127116243,1.000063898305414,1.0000645127116243,0.00043133672222772645
60008.660812676855,1.0001138501517002,1.0000652137024382,1.0000645968376343,1.0000652137024382,4.8636449262007275e-05
60008.660969515506,1.0008430966530153,1.0000659176184306,1.0000652982909684,1.0000659176184306,0.0007771790345847407
60008.66112635416,1.000323332282399,1.0000666244596672,1.0000660026654817,1.0000666244596672,0.00025670782273179427
60008.66128319282,1.000298882374127,1.0000673342261155,1.0000667099611413,1.0000673342261155,0.0002315481480115178
60008.661440031465,0.9995127231793107,1.000068046917709,1.0000674201778814,1.000068046917709,-0.0005553237383982834
60008.66159687012,1.0006104032487062,1.00006876253458,1.0000681333158339,1.00006876253458,0.0005416407141261015
60008.66175370879,0.9996903882716761,1.0000694810766961,1.000068849374966,1.0000694810766961,-0.0003790928050200204
60008.66191054743,1.000696448581358,1.0000702025439234,1.000069568355145,1.0000702025439234,0.0006262460374346634
60008.66206738609,1.0001145459385945,1.0000709269364292,1.0000702902565368,1.0000709269364292,4.361900216531822e-05
60008.66222422474,0.9990577387553204,1.0000716542541124,1.0000710150790417,1.0000716542541124,-0.0010139154987919285
60008.66238106339,0.9997391460877034,1.0000723844970072,1.0000717428226926,1.0000723844970072,-0.000333238409303771
60008.662537902055,1.0005631589629118,1.0000731176651814,1.0000724734875577,1.0000731176651814,0.000490041297730448
60008.662694740706,1.0000489641428287,1.0000738537584988,1.0000732070735017,1.0000738537584988,-2.4889615670042886e-05
60008.662851579356,1.000225541662137,1.0000745927770274,1.0000739435805917,1.0000745927770274,0.00015094888510969184
60008.663008418014,0.9993611414356732,1.000075334720802,1.0000746830088623,1.000075334720802,-0.0007141932851287836
60008.663165256665,0.9988757763164194,1.0000760795897536,1.000075425358245,1.0000760795897536,-0.0012003032733342023
60008.66332209532,0.999361829856226,1.000076827383951,1.0000761706288084,1.000076827383951,-0.0007149975277250809
60008.66347893398,0.9998696597180776,1.0000775781033604,1.0000769188205185,1.0000775781033604,-0.00020791838528277928
60008.663635772624,1.0004404374682623,1.000078331747911,1.0000776699333052,1.000078331747911,0.0003621057203513356
60008.66379261128,1.000259437173453,1.0000790883177428,1.000078423967308,1.0000790883177428,0.00018034885571016623
60008.66394944994,1.000216511695803,1.0000798478127866,1.0000791809224574,1.0000798478127866,0.00013666388301647459
60008.66410628858,1.000088238846758,1.0000806102329707,1.0000799407986827,1.0000806102329707,7.628613787336036e-06
60008.66426312724,1.0002753020347994,1.000081375578437,1.0000807035961248,1.000081375578437,0.00019392645636240324
60008.664419965906,1.0000797395048269,1.0000821438491507,1.000081469314749,1.0000821438491507,-2.4043443238586093e-06
60008.66457680455,1.000062945982983,1.0000829150449688,1.000082237954413,1.0000829150449688,-1.996906198575843e-05
60008.66473364321,1.0005536695944415,1.0000836891660696,1.0000830095152946,1.0000836891660696,0.0004699804283718745
60008.66489048186,0.999706554060306,1.000084466212346,1.0000837839972867,1.000084466212346,-0.000377912152040083
60008.66504732051,0.9997230898880525,1.0000852461838337,1.000084561400425,1.0000852461838337,-0.0003621562957811797
60008.665204159166,0.9999787303236289,1.000086029080569,1.000085341724746,1.000086029080569,-0.00010729875694015512
60008.66536099782,1.0000389018157354,1.0000868149024795,1.000086124970177,1.0000868149024795,-4.7913086744122424e-05
60008.66551783647,0.999968800757194,1.0000876036496011,1.0000869111367543,1.0000876036496011,-0.00011880289240717712
60008.66567467513,1.000698467717029,1.0000883953220077,1.0000877002245512,1.0000883953220077,0.0006100723950213105
60008.66583151378,0.9999620358261149,1.000089189919552,1.000088492233421,1.000089189919552,-0.00012715409343722062
60008.66598835243,1.000346518355962,1.000089987442308,1.0000892871634375,1.000089987442308,0.0002565309136541849
60008.66614519109,1.0000009966556374,1.0000907878903122,1.000090085014637,1.0000907878903122,-8.979123467489636e-05
60008.666302029735,1.0003833357029077,1.0000915912634534,1.0000908857869086,1.0000915912634534,0.0002917444394543445
60008.66645886839,1.0005038632336236,1.0000923975618807,1.000091689480401,1.0000923975618807,0.0004114656717428833
60008.66661570705,1.0001895148918083,1.0000932067855193,1.00009249609504,1.0000932067855193,9.630810628902253e-05
60008.666772545694,0.9997803267116979,1.0000940189342942,1.0000933056307502,1.0000940189342942,-0.0003136922225962513
60008.66692938435,1.0001487829988267,1.0000948340083555,1.000094118087682,1.0000948340083555,5.3948990471175406e-05
60008.66708622301,0.9989676609949867,1.0000956520076287,1.00009493346576,1.0000956520076287,-0.001127991012642049
60008.66724306166,0.9998097063724931,1.0000964729320754,1.0000957517649467,1.0000964729320754,-0.00028676655958226327
60008.66739990032,1.0005773203475257,1.0000972967817714,1.000096572985318,1.0000972967817714,0.00048002356575427285
60008.667556738976,1.000666116141576,1.000098123556679,1.0000973971268357,1.000098123556679,0.0005679925848969258
60008.66771357762,1.0000655491559436,1.000098953256721,1.000098224189423,1.000098953256721,-3.340410077745659e-05
60008.66787041628,0.9988140787933667,1.0000997858820517,1.0000990541732333,1.0000997858820517,-0.0012857070886850286
60008.66802725493,1.000023124917964,1.000100621432555,1.0000998870781517,1.000100621432555,-7.749651459088014e-05
60008.66818409358,1.00029500239999,1.0001014599082694,1.000100722904216,1.0001014599082694,0.00019354249172054416
60008.668340932236,0.9999752554172553,1.0001023013092345,1.000101561651466,1.0001023013092345,-0.00012704589197920502
60008.66849777089,0.9998582769232232,1.0001031456353717,1.000102403319823,1.0001031456353717,-0.00024486871214857153
60008.66865460954,0.9999542210398623,1.0001039928867201,1.0001032479093264,1.0001039928867201,-0.00014977184685782685
60008.668811448195,0.9997418021540315,1.0001048430633195,1.0001040954200153,1.0001048430633195,-0.0003630409092879594
60008.668968286845,0.9993756388209293,1.0001056961650907,1.0001049458518114,1.0001056961650907,-0.0007300573441614278
