pl_name,spec_type,spec_id_a,spec_id_b,authors_a,authors_b,instrument_a,instrument_b,same_instrument,epoch_class,tested,n,n_interp,offset,offset_err,chi2,dof,p_value,chi2_red,slope,slope_err,p_slope,chi2_red_slope,shared_suspect,significant,pair_class
TOI-5205 b,Transmission,1601,1605,Cañas et al. 2026,Cañas et al. 2026,Near Infrared Spectrograph (NIRSpec) - PRISM,Near Infrared Spectrograph (NIRSpec) - PRISM,True,unknown,True,469.0,1.0,0.0256724317257455,0.0024065654501766,761.2046095075749,468.0,2.382474642490337e-16,1.6265055758708866,-0.001187809258712,0.0024088615946283,1.9499544045724308e-16,1.6294677988409343,False,True,epoch_same_pipeline
TOI-260 b,Transmission,1760,1762,Meech et al. 2026,Meech et al. 2026,Near Infrared Spectrograph (NIRSpec) - G395H,Near Infrared Spectrograph (NIRSpec) - G395H,True,unknown,True,106.0,106.0,-0.0018306595453794,0.000400805012341,266.2078872485979,105.0,5.638709552672701e-16,2.5353132118914083,0.0082596565805739,0.0007178917545219,0.0259691440865785,1.2868544571835396,False,True,epoch_same_pipeline
TOI-5205 b,Transmission,1603,1605,Cañas et al. 2026,Cañas et al. 2026,Near Infrared Spectrograph (NIRSpec) - PRISM,Near Infrared Spectrograph (NIRSpec) - PRISM,True,unknown,True,469.0,1.0,-0.0098694345416085,0.002471226051612,710.8512399091783,468.0,2.7245462433808167e-12,1.5189129057888424,0.0011905197204301,0.0024482165874323,2.2916011660173395e-12,1.5216590391650826,False,True,epoch_same_pipeline
TOI-776 b,Transmission,950,951,Alderson et al. 2025,Alderson et al. 2025,Near Infrared Spectrograph (NIRSpec),Near Infrared Spectrograph (NIRSpec),True,unknown,True,106.0,106.0,-0.00287054937762,0.00045507673659,210.8442308618162,105.0,4.296952549640129e-09,2.008040293922059,0.0060107655641826,0.0008213692387592,0.0005800061462356,1.5124169777296632,False,True,epoch_same_pipeline
TOI-776 b,Transmission,952,953,Alderson et al. 2025,Alderson et al. 2025,Near Infrared Spectrograph (NIRSpec),Near Infrared Spectrograph (NIRSpec),True,unknown,True,105.0,0.0,-0.0026660032196372,0.0004626360922189,180.8242158692641,104.0,4.563701075338067e-06,1.7386943833583088,0.005542721816038,0.0008419157628317,0.0131314503452295,1.3347788574314858,False,True,epoch_same_pipeline
TOI-260 b,Transmission,1761,1763,Meech et al. 2026,Meech et al. 2026,Near Infrared Spectrograph (NIRSpec) - G395H,Near Infrared Spectrograph (NIRSpec) - G395H,True,unknown,True,106.0,106.0,-0.0025187322322149,0.0004333189755404,171.44391424500083,105.0,4.57367538559844e-05,1.632799183285722,0.0059456720964954,0.0007903882253791,0.219493530109194,1.1043880005665596,False,True,epoch_same_pipeline
TOI-776 c,Transmission,957,958,Teske et al. 2025,Teske et al. 2025,Near Infrared Spectrograph (NIRSpec),Near Infrared Spectrograph (NIRSpec),True,unknown,True,106.0,0.0,-0.0029505456820231,0.0004184051169275,167.8751233702715,105.0,9.488012492306304e-05,1.5988106987644903,0.0040824431664849,0.0007544366848111,0.0132156576792424,1.3326301003426384,False,True,epoch_same_pipeline
GJ 1132 b,Transmission,1084,1086,Bennett et al. 2025,Bennett et al. 2025,Near Infrared Spectrograph (NIRSpec) - G395H,Near Infrared Spectrograph (NIRSpec) - G395M,False,unknown,True,54.0,0.0,-0.0004757201764289,0.0009828523978607,100.250983905827,53.0,9.533423428598308e-05,1.8915279982231512,0.0036505625210833,0.0017309550760392,0.0002078237400431,1.8423683820746224,False,True,epoch_same_pipeline
GJ 1132 b,Transmission,1088,1090,Bennett et al. 2025,Bennett et al. 2025,Near Infrared Spectrograph (NIRSpec) - G395H,Near Infrared Spectrograph (NIRSpec) - G395M,False,unknown,True,62.0,1.0,0.0004750161854795,0.0010208041525897,94.83598564428956,61.0,0.0035913019325017,1.5546882892506486,0.0031552402571056,0.0017038288969997,0.0055716742542296,1.5234437829048624,False,False,epoch_same_pipeline
L 98-59 c,Transmission,941,942,Scarsdale et al. 2024,Scarsdale et al. 2024,Near Infrared Spectrograph (NIRSpec),Near Infrared Spectrograph (NIRSpec),True,unknown,True,108.0,0.0,-0.0012959683566319,0.0004994996584757,142.31062789264587,107.0,0.0127272973895763,1.3300058681555689,0.0039165612260209,0.0009000840318691,0.1191928636472736,1.1639298952414974,False,False,epoch_same_pipeline
GJ 1132 b,Transmission,1086,1087,Bennett et al. 2025,Bennett et al. 2025,Near Infrared Spectrograph (NIRSpec) - G395M,Near Infrared Spectrograph (NIRSpec) - G395M,True,unknown,True,58.0,0.0,0.0016338311167017,0.0009929859359605,81.59069770738688,57.0,0.0180017607160969,1.4314157492524011,-0.0001331390768189,0.0017876071350848,0.0144360791839742,1.4568776892058606,False,False,epoch_same_pipeline
HD 15337 c,Transmission,1766,1768,Wallack et al. 2026,Wallack et al. 2026,Near Infrared Spectrograph (NIRSpec) - G395H,Near Infrared Spectrograph (NIRSpec) - G395H,True,unknown,True,106.0,106.0,-0.0029132984257189,0.0006038549923338,135.5323198830991,105.0,0.0240431285048042,1.290783998886658,-0.00317042275707,0.0010804403580477,0.0628768616875874,1.2204012781268996,False,False,epoch_same_pipeline
L 98-59 c,Transmission,939,940,Scarsdale et al. 2024,Scarsdale et al. 2024,Near Infrared Spectrograph (NIRSpec),Near Infrared Spectrograph (NIRSpec),True,unknown,True,106.0,106.0,-0.0007427274281173,0.0005194011498743,131.4684147267863,105.0,0.0411589929096194,1.2520801402551076,0.0034231599702101,0.0009311946973035,0.1652365462228277,1.1341802102055836,False,False,epoch_same_pipeline
GJ 1132 b,Transmission,1085,1086,Bennett et al. 2025,Bennett et al. 2025,Near Infrared Spectrograph (NIRSpec) - G395H,Near Infrared Spectrograph (NIRSpec) - G395M,False,unknown,True,54.0,0.0,0.0024253691690775,0.0009793611971749,71.6106785328522,53.0,0.0451217198947078,1.3511448779783437,0.0006932610362338,0.0017242024598903,0.0380059583374869,1.3740194834523851,False,False,epoch_same_pipeline
GJ 1132 b,Transmission,1080,1082,Bennett et al. 2025,Bennett et al. 2025,Near Infrared Spectrograph (NIRSpec) - G395H,Near Infrared Spectrograph (NIRSpec) - G395M,False,unknown,True,62.0,1.0,-0.0034522430067687,0.0010402531581142,79.72134203183175,61.0,0.0541140510749981,1.3069072464234714,0.0017355588505118,0.0017525123396709,0.0527381280500315,1.3123432681551097,False,False,epoch_same_pipeline
TOI-5205 b,Transmission,1602,1606,Cañas et al. 2026,Cañas et al. 2026,Near Infrared Spectrograph (NIRSpec) - PRISM,Near Infrared Spectrograph (NIRSpec) - PRISM,True,unknown,True,469.0,0.0,0.0234008835971248,0.0024796597143794,513.8536006436084,468.0,0.0702322459250204,1.0979777791530094,0.0006663977329584,0.0025925917319081,0.0662595145644733,1.1001874335924364,False,False,epoch_same_pipeline
HD 15337 c,Transmission,1767,1769,Wallack et al. 2026,Wallack et al. 2026,Near Infrared Spectrograph (NIRSpec) - G395H,Near Infrared Spectrograph (NIRSpec) - G395H,True,unknown,True,106.0,106.0,-0.0028328647711467,0.0006301513147605,125.45130773514066,105.0,0.0846974840161502,1.194774359382292,-0.0027061400227146,0.0011515423546319,0.1360337781916499,1.1531610049570362,False,False,epoch_same_pipeline
TOI-776 c,Transmission,954,955,Teske et al. 2025,Teske et al. 2025,Near Infrared Spectrograph (NIRSpec),Near Infrared Spectrograph (NIRSpec),True,unknown,True,106.0,106.0,-0.0019030739912045,0.0004650481167514,123.6948622035643,105.0,0.1027623949324134,1.1780463067006124,0.0017167784224209,0.0008410582123533,0.1416273323731908,1.1493107142892884,False,False,epoch_same_pipeline
GJ 1132 b,Transmission,1090,1091,Bennett et al. 2025,Bennett et al. 2025,Near Infrared Spectrograph (NIRSpec) - G395M,Near Infrared Spectrograph (NIRSpec) - G395M,True,unknown,True,64.0,0.0,0.0015752167128881,0.0010317981560821,77.36668713933334,63.0,0.1052537701294268,1.228042653005291,0.0007611304338364,0.0017384582647358,0.092760265810626,1.2447580882867164,False,False,epoch_same_pipeline
TOI-5205 b,Transmission,1601,1603,Cañas et al. 2026,Cañas et al. 2026,Near Infrared Spectrograph (NIRSpec) - PRISM,Near Infrared Spectrograph (NIRSpec) - PRISM,True,unknown,True,469.0,0.0,0.0349166814347468,0.0020911199699157,498.2956067328276,468.0,0.1607633730172168,1.0647342024205717,-0.0019891120476776,0.002063785514269,0.1599720316094005,1.0650249744553355,False,False,epoch_same_pipeline
GJ 1132 b,Transmission,1082,1083,Bennett et al. 2025,Bennett et al. 2025,Near Infrared Spectrograph (NIRSpec) - G395M,Near Infrared Spectrograph (NIRSpec) - G395M,True,unknown,True,64.0,0.0,0.0066654967109997,0.0010384171207202,71.38700889583534,63.0,0.2191163152591593,1.1331271253307196,0.0006807480787835,0.0017863973877163,0.1973410083351106,1.1490611637188812,False,False,epoch_same_pipeline
TOI-836 b,Transmission,775,776,Alderson et al. 2024,Alderson et al. 2024,Near Infrared Spectrograph (NIRSpec),Near Infrared Spectrograph (NIRSpec),True,unknown,True,106.0,106.0,0.0008196318196201,0.0004900801008393,114.25497625581971,105.0,0.2525470176493506,1.0881426310078068,-0.0029701483380608,0.0008863432391051,0.5085712092953355,0.9906315714547738,False,False,epoch_same_pipeline
TOI-836 b,Transmission,777,778,Alderson et al. 2024,Alderson et al. 2024,Near Infrared Spectrograph (NIRSpec),Near Infrared Spectrograph (NIRSpec),True,unknown,True,105.0,0.0,0.0001295344315531,0.0004854137961047,111.7946366429603,104.0,0.283158380375788,1.0749484292592335,-0.0023284718739997,0.0008942043656312,0.4262948250358754,1.019553708974906,False,False,epoch_same_pipeline
GJ 1132 b,Transmission,1080,1083,Bennett et al. 2025,Bennett et al. 2025,Near Infrared Spectrograph (NIRSpec) - G395H,Near Infrared Spectrograph (NIRSpec) - G395M,False,unknown,True,62.0,1.0,0.0029616224655312,0.000998640756027,66.42114537616212,61.0,0.2956516018819365,1.0888712356747887,0.0019898802193164,0.001696868566153,0.3054428271863006,1.0840995330758405,False,False,epoch_same_pipeline
TOI-5205 b,Transmission,1602,1604,Cañas et al. 2026,Cañas et al. 2026,Near Infrared Spectrograph (NIRSpec) - PRISM,Near Infrared Spectrograph (NIRSpec) - PRISM,True,unknown,True,469.0,0.0,0.0313881704491327,0.0021464655472426,482.73023919129525,468.0,0.3091544144885542,1.03147487006687,-0.0006984492818558,0.0022232246719265,0.2988753594380811,1.0334722535283307,False,False,epoch_same_pipeline
TOI-5205 b,Transmission,1604,1606,Cañas et al. 2026,Cañas et al. 2026,Near Infrared Spectrograph (NIRSpec) - PRISM,Near Infrared Spectrograph (NIRSpec) - PRISM,True,unknown,True,470.0,0.0,-0.007990477018651,0.0025381357622843,481.86278683028337,469.0,0.3307199571053252,1.0274259847127578,0.0013982985637244,0.0026288108326503,0.3222593492663568,1.0290167851030545,False,False,epoch_same_pipeline
GJ 341 b,Transmission,1000,1002,Kirk et al. 2024,Kirk et al. 2024,Near Infrared Camera (NIRCam),Near Infrared Camera (NIRCam),True,unknown,True,57.0,0.0,2.763612313687413e-05,0.0004115240260907,57.061429724686256,56.0,0.4354097174504386,1.0189541022265405,0.0018801002506038,0.0013859380611378,0.4662662020566243,1.0040216386904357,False,False,epoch_same_pipeline
GJ 1132 b,Transmission,1089,1090,Bennett et al. 2025,Bennett et al. 2025,Near Infrared Spectrograph (NIRSpec) - G395H,Near Infrared Spectrograph (NIRSpec) - G395M,False,unknown,True,62.0,1.0,0.0030581772475827,0.0010236040527089,61.9213010422087,61.0,0.4430174912854183,1.015103295773913,8.429673641975452e-05,0.0017063287628018,0.4074614192308276,1.031981007417713,False,False,epoch_same_pipeline
GJ 1132 b,Transmission,557,558,May et al. 2023,May et al. 2023,Near Infrared Spectrograph (NIRSpec),Near Infrared Spectrograph (NIRSpec),True,unknown,True,57.0,0.0,-0.002314757061571,0.00092239340604,54.80325127409258,56.0,0.5202328757213648,0.9786294870373676,0.0038529997128281,0.0016026884623943,0.7011350918070599,0.891338642267305,False,False,epoch_same_pipeline
GJ 1132 b,Transmission,1088,1091,Bennett et al. 2025,Bennett et al. 2025,Near Infrared Spectrograph (NIRSpec) - G395H,Near Infrared Spectrograph (NIRSpec) - G395M,False,unknown,True,62.0,1.0,0.0014316057788366,0.0010022942203402,59.40430746245609,61.0,0.533952886589315,0.9738411059419032,0.0028892028195522,0.0016498461737373,0.6103236485642038,0.9389603763426349,False,False,epoch_same_pipeline
GJ 1132 b,Transmission,1084,1087,Bennett et al. 2025,Bennett et al. 2025,Near Infrared Spectrograph (NIRSpec) - G395H,Near Infrared Spectrograph (NIRSpec) - G395M,False,unknown,True,54.0,0.0,0.0013088571528487,0.0009818454847661,50.706928627035175,53.0,0.5639425242616135,0.95673450239689,0.0035674587238205,0.0017255104731305,0.6917124896355588,0.8929318131507369,False,False,epoch_same_pipeline
GJ 1132 b,Transmission,1084,1085,Bennett et al. 2025,Bennett et al. 2025,Near Infrared Spectrograph (NIRSpec) - G395H,Near Infrared Spectrograph (NIRSpec) - G395H,True,unknown,True,54.0,0.0,-0.002845511765645,0.0009259606429815,48.80192976669477,53.0,0.63825506180366,0.9207911276734864,0.0029758069265314,0.001637134314678,0.7257943940342791,0.8749600650783366,False,False,epoch_same_pipeline
GJ 1132 b,Transmission,1081,1082,Bennett et al. 2025,Bennett et al. 2025,Near Infrared Spectrograph (NIRSpec) - G395H,Near Infrared Spectrograph (NIRSpec) - G395M,False,unknown,True,62.0,1.0,-0.0010690259315266,0.0010529073612039,55.281515992988574,61.0,0.6822372716354692,0.9062543605407964,-0.0004046130143774,0.0017714475091052,0.6503591272792314,0.9204890953128302,False,False,epoch_same_pipeline
GJ 1132 b,Transmission,555,556,May et al. 2023,May et al. 2023,Near Infrared Spectrograph (NIRSpec),Near Infrared Spectrograph (NIRSpec),True,unknown,True,59.0,0.0,-0.0026592644404945,0.0009177851678752,52.06450918479715,58.0,0.6944879159626713,0.8976639514620198,0.003482288677548,0.0015515221412482,0.8241817941945312,0.8250355485825328,False,False,epoch_same_pipeline
GJ 1132 b,Transmission,1080,1081,Bennett et al. 2025,Bennett et al. 2025,Near Infrared Spectrograph (NIRSpec) - G395H,Near Infrared Spectrograph (NIRSpec) - G395H,True,unknown,True,62.0,0.0,-0.0023102533060126,0.0009915584914214,54.5488379760134,61.0,0.7071472304195412,0.8942432455084163,0.0023757627031603,0.0016918028839844,0.7409368238909839,0.8762806565682965,False,False,epoch_same_pipeline
GJ 341 b,Transmission,1005,1006,Kirk et al. 2024,Kirk et al. 2024,Near Infrared Camera (NIRCam),Near Infrared Camera (NIRCam),True,unknown,True,55.0,0.0,0.0010243647717393,0.0005361632631735,47.18102988948297,54.0,0.7327333277208561,0.8737227757311662,-0.0015523836078946,0.0017607355290198,0.7270376077126451,0.8755413583509024,False,False,epoch_same_pipeline
GJ 341 b,Transmission,1004,1005,Kirk et al. 2024,Kirk et al. 2024,Near Infrared Camera (NIRCam),Near Infrared Camera (NIRCam),True,unknown,True,55.0,0.0,0.0014508797506826,0.0005448673965186,46.49100122797425,54.0,0.7561825918094226,0.8609444671847084,0.001593348231521,0.0017873465637641,0.7515261609705999,0.8621943402498055,False,False,epoch_same_pipeline
GJ 341 b,Transmission,1001,1002,Kirk et al. 2024,Kirk et al. 2024,Near Infrared Camera (NIRCam),Near Infrared Camera (NIRCam),True,unknown,True,57.0,0.0,-0.0001463412393253,0.0004015993443037,47.89096192821855,56.0,0.7712148557227414,0.8551957487181883,0.002893605395065,0.0013523624668686,0.8728467264679672,0.7875052161940266,False,False,epoch_same_pipeline
GJ 1132 b,Transmission,1088,1089,Bennett et al. 2025,Bennett et al. 2025,Near Infrared Spectrograph (NIRSpec) - G395H,Near Infrared Spectrograph (NIRSpec) - G395H,True,unknown,True,62.0,0.0,-0.0025648548877828,0.0009582541575645,51.953758515078334,61.0,0.7887871866179647,0.8517009592635792,0.0029726668374909,0.0016125585605022,0.8549200250557534,0.809257671812465,False,False,epoch_same_pipeline
GJ 1132 b,Transmission,1085,1087,Bennett et al. 2025,Bennett et al. 2025,Near Infrared Spectrograph (NIRSpec) - G395H,Near Infrared Spectrograph (NIRSpec) - G395M,False,unknown,True,54.0,0.0,0.0041507039261295,0.0009782643055913,44.07814103891588,53.0,0.8036810657476907,0.8316630384701109,0.0006397260951003,0.0017188002122028,0.7790691116945494,0.8449925598428035,False,False,epoch_same_pipeline
GJ 3090 b,Transmission,1551,1555,Ahrer et al. 2025,Ahrer et al. 2025,Near Infrared Spectrograph (NIRSpec) - G395H,Near Infrared Spectrograph (NIRSpec) - G395H,True,unknown,True,61.0,0.0,-0.0011980023666193,0.0007974583581061,48.06632658338969,60.0,0.8663674669563803,0.8011054430564948,0.0004703472605507,0.0013567198400421,0.847720487242261,0.8126464364731812,False,False,epoch_same_pipeline
GJ 341 b,Transmission,1000,1001,Kirk et al. 2024,Kirk et al. 2024,Near Infrared Camera (NIRCam),Near Infrared Camera (NIRCam),True,unknown,True,57.0,0.0,0.0001631193347104,0.0004120932886274,43.20687439991689,56.0,0.8945661827609448,0.7715513285699445,-0.0010304274692746,0.0013893910813579,0.8875718599292743,0.77557900142893,False,False,epoch_same_pipeline
GJ 341 b,Transmission,1004,1006,Kirk et al. 2024,Kirk et al. 2024,Near Infrared Camera (NIRCam),Near Infrared Camera (NIRCam),True,unknown,True,55.0,0.0,0.0024380077896606,0.0005428343584596,39.90439179164374,54.0,0.9237410721264232,0.738970218363773,-5.221518165967065e-05,0.0017703381116356,0.9080548092742936,0.752896639018338,False,False,epoch_same_pipeline
GJ 1214 b,Transmission,863,864,Schlawin et al. 2024,Schlawin et al. 2024,Near Infrared Spectrograph (NIRSpec),Near Infrared Spectrograph (NIRSpec),True,unknown,True,59.0,0.0,-0.0037372017359528,0.0011467096604409,41.91349378000448,58.0,0.9447538282400736,0.7226464444828359,0.0002980237397437,0.0019481699314652,0.9331981041318496,0.7349138955348298,False,False,epoch_same_pipeline
GJ 1132 b,Transmission,559,560,May et al. 2023,May et al. 2023,Near Infrared Spectrograph (NIRSpec),Near Infrared Spectrograph (NIRSpec),True,unknown,True,59.0,0.0,-0.0019964725046428,0.0009586222576366,41.7813498972339,58.0,0.9464392630105242,0.7203681016764466,0.0009988855860173,0.0016363607802138,0.9401121081847778,0.7264688370783221,False,False,epoch_same_pipeline
GJ 1132 b,Transmission,1081,1083,Bennett et al. 2025,Bennett et al. 2025,Near Infrared Spectrograph (NIRSpec) - G395H,Near Infrared Spectrograph (NIRSpec) - G395M,False,unknown,True,62.0,1.0,0.0056220182619781,0.0010124382783531,43.92573227371649,61.0,0.9512914965443386,0.7200939717002703,-1.1189309690851343e-05,0.0017151540301697,0.940775020398732,0.7320948285640438,False,False,epoch_same_pipeline
GJ 1132 b,Transmission,1089,1091,Bennett et al. 2025,Bennett et al. 2025,Near Infrared Spectrograph (NIRSpec) - G395H,Near Infrared Spectrograph (NIRSpec) - G395M,False,unknown,True,62.0,1.0,0.0044360595521572,0.0010041682965464,41.5950024037615,61.0,0.9729267377304188,0.6818852853075655,0.0005446643372052,0.0016504093390801,0.9672167612472596,0.6914348450704356,False,False,epoch_same_pipeline
