target,planet,visit,det,n_int,e,w_deg,eccen_assumed,partial_flag,spot_flag,seg_step_flag,seg_step_z,t0_bmjd,depth_ppm,k,aRs,b,q1,q2,ramp_model,t14_h,sigma_ppm,chi2_red_sym,bic_linear,bic_quad,bic_quad_exp,box_depth_ppm,spot_z,dd_ppm,dd_err_boot_ppm,beta,dd_err_ppm,dd_sigma,p_value,dbic_asym,k_in,k_eg,mb_n,mb_z,mb_p_chi2,mb_p_sign,dd_ld_sens_ppm,dd_mcmc_ppm,dd_mcmc_err_ppm,sigma_cal_ppm,sigma_cal_resid_ppm,ul95_abs_dd_ppm,dd_err_cal_ppm,dd_sigma_cal,p_value_cal,significant
GJ-1132,GJ 1132 b,jw01981021001,nrs1,814,0.0118,-95.8,0,0,0,0,0.0,60008.62122312768,2336.9297640353097,0.048341801414876,15.039158682980874,0.5218942448575492,0.0236019840720609,0.6219816123534093,quad,0.7621127593447454,374.0685706966033,1.0787039189367988,983.8054835229945,923.05104159108,927.8275124445012,2570.0983003317247,2.989092480918837,-12.705860538788238,102.4179288251091,1.5814353966027392,161.96733789076754,-0.0784470542286569,0.9374724449645888,6.655776367842918,0.0484016612062048,0.048270228370927,100.0,-0.1123212642363267,0.6010562032999541,0.3682016173266958,-0.06080531614848,,,88.92127568568614,92.72596090941953,158.98135904174194,88.92127568568614,-0.142888869292656,0.8863779493838271,False
GJ-1132,GJ 1132 b,jw01981021001,nrs2,814,0.0118,-95.8,0,0,0,0,0.0,60008.62098183109,2366.561585050864,0.0486473183747147,15.407821739141047,0.4735827300310395,0.0283829923970526,1.0,quad_exp,0.7653964792261831,503.0563799221828,1.101931777561148,1039.6433797135062,976.6922791002922,952.9727528191884,2439.350893445269,3.189643211298683,158.12116456575012,81.67768069229344,1.1652076739732926,95.17146033500056,1.661434678097495,0.0966261779217273,2.073228110901482,0.0477898736041643,0.0494165274343286,101.0,1.831748123849929,0.3292961265622683,0.0460440669293427,-0.278876320948342,,,59.629883403269965,78.96669658987759,256.2123227641292,59.629883403269965,2.6517101081079613,0.008008526835294795,False
GJ-1132,GJ 1132 b,jw01981022001,nrs1,814,0.0118,-95.8,0,0,0,0,0.0,60000.47646871692,2516.101926757661,0.0501607608271411,15.072119454402868,0.4954066309575858,0.1071842084002232,4.457839475883538e-36,quad_exp,0.7744343352969736,363.0300803750845,1.1027256532962892,1034.661206749104,986.9801942372756,953.611028910242,2647.671030069243,2.886456702598416,97.34866736868042,32.458086277786265,1.0,32.458086277786265,2.999211553495196,0.0027067928849834,3.4304548262673507,0.0496552943108246,0.0506260498208511,102.0,1.6697898097444863,0.3470714643148356,0.3729436680836299,0.0071912574662462,101.72408793393062,58.827130772004566,45.54131243869679,38.87604419485066,172.26412633033664,45.54131243869679,2.1375902923246133,0.0325500103221654,False
GJ-1132,GJ 1132 b,jw01981022001,nrs2,814,0.0118,-95.8,0,0,0,0,0.0,60000.47670331929,2204.197902486282,0.0469488860622515,15.703476364058512,0.4628610906749908,0.0005441070391407,0.6268654503678411,quad_exp,0.753718757070601,544.7367207058222,1.0238151366547112,979.1655763723468,902.7350497187996,890.1669735304132,2518.4475792526805,2.7578070886494968,-7.489239310463653,127.95621962620837,1.3889585357819,177.7258834562056,-0.0421392718090447,0.9663876735844754,6.630382911116158,0.0469675186004252,0.0468877229578365,99.0,0.0721192090778935,0.8369520454047462,0.687885343579692,2.079593824874573,,,123.77064654844848,115.07183466933871,211.0919528826614,123.77064654844848,-0.06050901016770631,0.95175023992462,False
K2-18,K2-18 b,jw02372004001,nrs1,2089,0.2,-5.7,0,0,0,0,1.578393039771162,60656.708448176905,2717.7272852473184,0.052131826030241,83.34273173058922,0.5839425928048324,0.0450285878971832,0.6718328832119503,quad_exp,2.641759797523264,505.42658664138565,1.0963375806160685,2729.81185709408,2398.2986896912807,2355.730237716372,3102.807042888456,3.103846503834909,-63.30108549930337,134.04895658423888,1.9507291971079288,261.4932134507279,-0.242075443044838,0.8087217059913779,5.515539136111784,0.0524468069126719,0.0518398154880569,309.0,-1.3236330440370163,0.7834154819262578,0.1110424432362852,0.0985050998534617,,,155.27116780970684,113.26603542066368,318.7221565462711,155.27116780970684,-0.4076808746417252,0.6835079803813453,False
K2-18,K2-18 b,jw02372004001,nrs2,2089,0.2,-5.7,0,0,0,0,0.4785426106151064,60656.70853310555,2453.8946547183123,0.0495368010141784,80.42138386525953,0.6258491276985386,0.0082786258245653,0.5432900175972276,quad_exp,2.635483080754057,860.9463891213364,0.991008967331891,2489.9305994991228,2161.215809745909,2136.752050698567,2975.017845844308,3.1435992398266843,64.83254446033871,159.05837709900135,1.5593104675105462,248.0213923557125,0.2613990020963829,0.7937848265046836,6.859817187728368,0.0492808110349976,0.0499342655971577,307.0,0.8672029784910362,0.999999920917525,0.4934849114784423,-0.4484880135212137,,,174.6446918995022,149.28693195317334,352.1230626350198,174.6446918995022,0.37122539342705047,0.7104696610558328,False
K2-18,K2-18 b,jw02372005001,nrs1,2089,0.2,-5.7,0,0,0,0,1.2975194227526925,60821.40865152558,2643.6441789388405,0.0514163804534979,83.4093502134976,0.5744766058956876,0.1720197391404568,0.1233652591921471,quad_exp,2.6558989050099626,525.3603909888395,1.0135021306216594,2494.3845453803774,2200.6408524493727,2183.515337177995,3035.0636468093885,3.0462817693484228,-83.96591135794709,115.17257118850488,1.9038703037826537,219.2736380960881,-0.3829275241976526,0.701773502635157,4.071870008589031,0.05177860157168,0.0509613350429601,310.0,-1.5370583391143997,0.9417969183044956,0.7764790615850122,0.1194953980336066,,,91.34997761407838,91.24797023632463,234.236624533106,91.34997761407838,-0.9191672899217733,0.3580080773770121,False
K2-18,K2-18 b,jw02372005001,nrs2,2089,0.2,-5.7,0,0,0,0,1.4715824039580296,60821.40887827439,2540.634017672052,0.0504047023369055,83.32714327119096,0.5958091699166664,0.095940587186248,0.2025792018609444,quad_exp,2.6116701020509936,829.2010493810271,1.0563463668113555,2517.3718024622253,2284.183283709619,2272.588504216374,3047.8090866226103,2.839208964941576,-210.8627941937377,214.71388775978343,2.129667031412144,457.2690879483383,-0.4611350291353189,0.6447017314485168,-0.7812302982388246,0.0514720143752548,0.0493812258824414,305.0,-2.6424131321754123,0.9571044229860431,0.0293982516312577,0.8524906004217883,,,166.8128740596616,184.62670241250217,485.269972021881,166.8128740596616,-1.264067868756469,0.20620566814275443,False
K2-18,K2-18 b,jw02372007001,nrs1,2089,0.2,-5.7,0,0,0,0,0.7308852257716282,60459.06947988585,2705.8645420501784,0.0520179251993981,82.54486113210568,0.5991986945085858,0.0758090898614851,0.4386888478678185,quad_exp,2.6352633591159247,502.9927720997525,1.0746308187630431,2588.3249246333307,2324.4196991078,2310.6018798239324,3068.15772688418,2.869569544394522,17.7893758597919,147.55529713885744,2.314945390566265,341.58245496523364,0.0520793020871124,0.9584655051233686,7.548810304248036,0.0519424970895791,0.0521134568011059,308.0,0.336413060274878,0.867220251088983,1.0,-0.0065673795104395,,,126.84254736409603,134.26960433648696,226.44536627372992,126.84254736409603,0.14024770260036065,0.8884642830966489,False
K2-18,K2-18 b,jw02372007001,nrs2,2089,0.2,-5.7,0,0,0,0,0.8692299926740915,60459.06977340621,2574.815590031776,0.050742640747519,86.5146493613013,0.5502075681954126,0.0019236346508913,0.930458942235148,quad_exp,2.6029337318614125,822.3722048617728,1.0402574287114392,2522.104057311086,2266.443796796194,2239.139601906648,3080.41007064197,2.927573592360369,-2.508767646262986,185.79010745357635,1.7092279232686236,317.5576395267307,-0.0079001961659681,0.9936966210208312,7.629173819524567,0.0507520610194512,0.0507273390793942,304.0,0.065947910493899,0.9863745060012687,0.2758102571842294,0.0239704069362676,,,169.3096452211447,169.81269454363505,281.02313403504604,169.3096452211447,-0.014817629810671126,0.9881776745704941,False
LHS-1140,LHS 1140 b,jw07073024001,nrs1,2496,0.043,90.0,0,0,0,0,0.1114758422509495,60873.15492129483,4963.850079266289,0.0704545958704348,91.61137598769004,0.1515099047369914,0.0381230580147378,0.218313682883488,quad_exp,2.0939272387186065,637.0755192031237,1.0559300520328712,3846.948476930562,2846.4364020632806,2703.2665566486107,5869.35573277092,2.8954513430064384,-9.73997214148703,236.34020674783665,3.5864107174279547,847.6130504395799,-0.0114910596721414,0.990831662672125,7.758409219941768,0.0704873632652992,0.0704182391710611,520.0,-0.0794305766177931,0.999939485521782,0.7588999938839631,-0.8708602019062699,,,223.92754324081915,214.32435601072768,378.10078077263455,223.92754324081915,-0.043496088067256376,0.9653060828468566,False
LHS-1140,LHS 1140 b,jw07073025001,nrs1,2496,0.043,90.0,0,0,0,0,0.157955990788931,61021.57831058529,4952.070955957409,0.0703709525014221,90.77892373614516,0.1984270089917927,0.0451750715287655,0.1977166971760161,quad_exp,2.0974566775839776,592.1979357760484,1.1222405563038722,4081.519490918105,2969.131555053043,2868.11447026632,5780.744999925536,2.6886901864481376,14.3955794560148,203.834689678492,3.326005674944286,677.9553346211717,0.0212338169210789,0.9830591383564335,7.702301983303187,0.0703266034064648,0.0704288770757152,521.0,0.5046808428344551,0.97967899739944,1.0,-0.4989014730548753,,,144.90294180948038,171.94834914126952,252.76091873261004,144.90294180948038,0.09934635747383397,0.9208632725008996,False
LHS-1140,LHS 1140 b,jw07073026001,nrs1,2496,0.043,90.0,0,0,0,0,0.0339763106314479,61219.47628211464,4990.594451868106,0.0706441395436883,91.26974495967414,0.1792756768622374,0.0316509116458056,0.0057197769674511,quad_exp,2.0935345608741045,603.1094685840989,1.0909878017722303,4092.214512714033,2967.6723626716744,2790.420122500658,5801.392753504553,3.1463217863925177,66.42051862998724,193.2126071189376,2.919089140244773,564.0048231992706,0.1177658698966834,0.9062531731928556,5.337359056711193,0.0704519924806865,0.0709218144376517,520.0,1.6724834292083854,0.9954185436812416,0.1477851088611091,-0.2072384257976693,,,169.27013768508007,179.22590875840112,344.869895121944,169.27013768508007,0.39239359959380316,0.6947674144232041,False
LHS-1140,LHS 1140 c,jw07073032001,nrs1,2054,0.05,90.0,0,0,0,0,0.7048936297030299,61256.2476160553,2512.4746431708595,0.0501245912020323,26.04812731716788,0.0845433839867568,0.1380429347245805,0.012682653343833,quad_exp,1.1034729721723124,567.6218693459806,1.109936363538197,2569.622501473108,2377.8851635690253,2370.3499721530206,2954.9763724510126,3.07639888935504,-30.904473176600767,132.20545248822822,2.080042331740108,274.9929376623703,-0.1123827885883547,0.9105199015865922,7.196713455854479,0.0502702365154407,0.0499619075510708,274.0,-0.3776599149529887,0.9962064099610832,0.3648657419632333,-1.5607915986540917,,,72.13607655587118,100.9984362158239,149.56831911100886,72.13607655587118,-0.42841910250919296,0.6683460195094175,False
LHS-1140,LHS 1140 c,jw07073033001,nrs1,2054,0.05,90.0,0,0,0,0,0.2098897388407897,60991.792044625145,2584.3529859556947,0.0508365320016589,26.23127452087485,0.0866407223346979,0.0593366203082719,0.307287188186739,quad,1.0963330009253696,585.6624426445347,1.0808874174153351,2457.9083745352864,2272.516011155684,2283.153719228814,3014.856687848177,2.983926552703391,54.742844622301774,103.13708430375374,1.833785834035992,189.13132415999945,0.2894435644937956,0.7722419613055971,6.475439161523809,0.050580746840707,0.05111902576914,271.0,1.0796515665357251,0.9997937255740714,0.0887796125701743,0.098903389986539,,,67.76543566883637,86.69814644299296,166.21698629753763,67.76543566883637,0.8078284169797884,0.4191893639241506,False
TOI-1685,TOI-1685 b,jw03263001001,nrs1,4450,0.0,90.0,0,0,1,0,0.735082019102355,60355.41443475871,839.0462977843088,0.0289662958934053,5.493256741648866,0.3148356380004486,0.076894209740929,9.19395836698818e-16,quad_exp,0.9180278987623752,427.2484870217319,1.0616336026114486,4858.358068809175,4803.073578643362,4797.659789346434,935.2983099142342,4.539769374911493,-180.03568339752644,64.84351520151006,1.3323999796147172,86.3974983326386,-2.0838066711650827,0.0371777562810568,-1.091973929932465,0.0303646723817234,0.0272392666100222,107.0,-2.840828526559884,0.1601852549868508,0.0065177646312789,-1.8023241176531428,-173.9720214359634,59.642963686004144,58.716932261467946,69.14711313615085,276.6250369676412,58.716932261467946,-3.066162969751606,0.002168250986066522,False
TOI-1685,TOI-1685 b,jw03263001001,nrs2,4450,0.0,90.0,0,0,0,0,2.0400902648158072,60355.41459271646,796.6109049920645,0.0282242963595563,5.529118327625841,0.3125549061057105,0.0376463178375874,0.9582628697426704,quad,0.911922245635651,639.4057982296224,1.0371553648758025,4686.9588670508265,4674.2494057795975,4690.241902895379,914.1415170402788,3.5862465074753325,70.4311089016218,108.47758751620567,1.1628724461195692,126.14559754411977,0.558331882149025,0.5766177779114757,7.90926995512018,0.0276326539168166,0.0288789658988715,106.0,0.9231529288443208,0.6159854807434649,0.3821258105292203,0.0221350127443855,,,99.48597908894187,101.11337180066324,234.0855445029312,99.48597908894187,0.7079501005730203,0.47897624559745056,False
TOI-1685,TOI-1685 b,jw04195001001,nrs1,1032,0.0,90.0,0,0,0,0,0.5403910739083977,60369.46710607165,687.3832678930925,0.0262179951158186,5.566410143584168,0.3147808091621986,0.0222983736148472,0.9365054175787446,quad,0.9031133361859248,474.8833249355785,1.0252533582603405,1162.5173859653005,1105.3734704269204,1111.279500676929,885.7474286892985,2.417167039309517,117.78051332814164,82.9621698337365,1.4636055534538404,121.4238924952374,0.9699945447948916,0.3320492113101795,4.068296931756095,0.0250633215667389,0.0273120962448125,105.0,1.728077451532269,0.9972700464006682,0.0784850273390179,0.0360584172482845,,,77.91283762963086,86.14088240145253,245.9471312288844,77.91283762963086,1.5116958502785784,0.13061125479213306,False
TOI-1685,TOI-1685 b,jw04195001001,nrs2,1032,0.0,90.0,0,0,0,0,0.4024980004570686,60369.46690588995,643.6253442040431,0.0253697722536889,5.61958608955481,0.3236744354277397,0.1325543636902123,0.9962094014491908,quad,0.8910125603433698,752.7871945677346,1.0777152059175812,1177.4069381190652,1159.0944024279352,1159.657738091348,914.616320549344,3.169477938344868,194.4146126811653,79.19473340024999,1.0,79.19473340024999,2.4548932022865,0.0140926449132463,4.254257350900161,0.0234598007582512,0.0272906002920055,104.0,1.8155952602272645,0.8913119278035281,0.1409562882123078,0.4952916629833623,160.4521204606871,116.72623891477352,125.01690960354766,105.09996371299468,400.0674289790012,125.01690960354766,1.5551065315699366,0.11992069964890498,False
TOI-1685,TOI-1685 b,jw04195002001,nrs1,1032,0.0,90.0,0,0,0,0,0.0399201739443779,60371.47453745934,699.6125049191764,0.0264501891282307,5.303797056712432,0.2690464333650117,0.6943516480161577,0.2140820212182433,quad_exp,0.9616050015902148,456.6729077684956,1.0126699782298194,1135.3495217896452,1114.7803923675997,1104.3412572112904,803.2518477371076,2.901788020493486,-70.50866062234779,53.9022584946897,1.0,53.9022584946897,-1.3080836052406617,0.1908449535827244,4.46512575859515,0.0276479647932631,0.0263420063128679,112.0,-1.0657928048971657,0.8748319672959297,0.2191311474977842,-1.1814118190278151,,,40.48301188775228,63.35413056398679,137.1032151777003,40.48301188775228,-1.7416851497573345,0.08156355243126236,False
TOI-1685,TOI-1685 b,jw04195002001,nrs2,1032,0.0,90.0,0,0,0,0,1.6726182006563042,60371.4741524071,604.0092111996116,0.0245765988533729,5.372549982895018,0.3078280937177636,0.4954109273934113,0.4811716943756098,quad,0.936581175774336,634.2048277730653,1.1414070890305164,1241.4529793182005,1224.3148907355808,1235.0338170657817,803.0799424895152,3.1130457066454515,114.69786759989228,113.14677606468712,1.2083632551620047,136.72240663661174,0.8389105372080126,0.4015195142955368,4.873244038283929,0.0237573788094817,0.0260597566277412,109.0,1.3206316049656075,0.2714469282566633,0.1250045413258333,2.320337050702008,,,85.98873841779128,102.27490538614803,256.1493422971589,85.98873841779128,1.3338708034372209,0.18224620159240223,False
TOI-1685,TOI-1685 b,jw04195003001,nrs1,1032,0.0,90.0,0,0,0,0,0.078261435384639,60365.45135573879,760.7879238264833,0.0275823843027843,5.607067333727637,0.3197881602555228,0.0216465418664187,0.9908474847146445,quad,0.8963433054741472,426.0759827100183,1.0809114711036854,1177.7483779287654,1162.3673779785058,1173.492408754046,938.717879765294,3.5449060625965263,62.36417295747828,53.28165412186726,1.0,53.28165412186726,1.1704624037166194,0.2418149353964104,6.26884701493168,0.02694333910731,0.0280768177543143,104.0,0.9381645152182764,0.9952120408800832,0.624143515844679,-0.7533073214788502,,,60.86861784018229,63.396260554337054,162.49304930457814,60.86861784018229,1.0245702164820425,0.3055660237175898,False
TOI-1685,TOI-1685 b,jw04195003001,nrs2,1032,0.0,90.0,0,0,0,0,0.2385599128988689,60365.451971395385,698.0096327249358,0.0264198719286247,5.656972725889195,0.3279278918762678,0.010724163760624,0.0003001621429446,quad,0.8847919857362285,652.8010043202635,1.0917226922933367,1211.7950462429728,1173.4380684767088,1186.1730706056085,781.9658533468887,2.26775197603166,119.56679773507447,130.13428922997767,1.2973954842389817,168.83563919162256,0.7081845889147276,0.4788306351576696,4.9245491176777705,0.0253307107500751,0.0275900653286477,103.0,1.4270004175778424,0.7241696442135969,0.1144682420125579,-0.8289692997853138,,,133.50771200789242,134.9814121091409,339.18698398805753,133.50771200789242,0.8955797079947425,0.37047727735831104,False
TOI-1685,TOI-1685 b,jw04195104001,nrs1,1032,0.0,90.0,0,0,0,0,2.329630699165159,60554.14947080407,718.57447358154,0.0268062394524398,5.550514440389611,0.3075054267503284,0.0123514825894318,0.0031803933750342,quad,0.9084150174167008,446.3301633997843,1.1833802663580872,1289.5503909123945,1267.2954243190134,1279.1583552466957,934.8219281991588,2.959378149746929,-112.5825387593239,108.33869091440506,1.476262031302959,159.93629591800303,-0.7039211338059453,0.4814818894237336,4.251649656824839,0.0279709792934482,0.0258803621279762,105.0,-1.8631382864161647,0.7208858981122365,0.2414317175651771,-1.4909535586427864,,,86.21415930979713,92.42201049264364,254.4048308239402,86.21415930979713,-1.305847434581785,0.19160444537439703,False
TOI-1685,TOI-1685 b,jw04195104001,nrs2,1032,0.0,90.0,0,0,0,0,0.1017941945108401,60554.149585528365,722.0357283831323,0.0268707225132323,5.289190119433166,0.3008543918720771,0.1861461850003948,0.0542419122207923,quad,0.9559918132144958,819.0671237548333,0.8665074103341597,955.160232854303,942.8176197505117,954.7103967054215,987.1313220820576,3.009783805074913,222.2816364886132,86.02919222577404,1.103718206500612,94.9519857501277,2.3409898669582505,0.0192326890960031,3.1598239671411648,0.0244840542376399,0.02866619173173,111.0,1.699775252879758,0.9750697862122654,0.0363064911413178,-6.973187699441667,190.01421671245828,103.21610350389712,64.22747320223155,100.62815604414796,327.9358299062841,64.22747320223155,3.4608497797931452,0.0005384731973141687,False
TOI-776,TOI-776 c,jw02512003001,nrs1,3636,0.089,7.0,0,0,1,0,1.880987397677224,60075.96822061004,1166.5669983300927,0.0341550435269828,40.4095334622841,0.2814788096224758,0.0862934330673769,4.194591533346695e-05,quad_exp,2.90423877176363,394.2338511232855,1.1139238973455183,7073.065175183181,4677.877078474407,4121.074446327822,1146.447331745515,4.129231311990023,-65.32285257505161,18.774743163303675,1.0092407064011488,18.94823505263274,-3.4474373150640965,0.0005659317176481,-0.0330915005997667,0.0347068073979364,0.0337526240044001,722.0,-2.321360046897469,0.494043516938345,0.3920283323903506,-1.4924585575544145,-69.01427113364706,24.311342045254808,31.30633778241629,22.07566091946009,116.8217782271264,31.30633778241629,-2.0865695958772044,0.036927058034204194,False
TOI-776,TOI-776 c,jw02512003001,nrs2,3636,0.089,7.0,0,0,0,0,0.3442710187242826,60075.96834119151,873.7770524380669,0.0295597201008072,40.11924390848664,0.306789907437896,0.0204519117935723,0.1659540495312915,quad_exp,2.8890401732060127,609.9167102617017,1.1053442948420589,4935.021583201957,4090.898728661184,4089.964807650279,1323.9044322685966,2.77793218235454,16.044109585419946,217.2466770360211,3.737814550481568,812.0277904690096,0.0197580794324209,0.9842363591159224,7.958551944287592,0.0294101950558235,0.0296817061977072,718.0,0.32727128621095,0.9999999346615708,0.4332292120547754,-0.2479442270598078,,,124.78888773879645,184.79997851231724,221.32182991574007,124.78888773879645,0.12857001834172038,0.8976978912624696,False
TOI-776,TOI-776 c,jw02512004001,nrs1,3636,0.089,7.0,0,0,0,0,2.249032235322932,60091.63411171365,1150.3845166739304,0.0339173188308558,39.98333708326276,0.2900894201849809,0.1538004864736614,0.158226536291981,quad_exp,2.927173417119775,405.5742026668827,1.0383247670085207,5847.831570600989,4317.8047758636,3846.95199972587,1154.0635392979225,3.945421577511725,0.0,11.52641950060449,1.0,11.52641950060449,0.0,1.0,8.198639455297325,0.0339173188308558,0.0339173188308558,727.0,0.0874196493721314,0.8068546680030236,0.7667165593612776,0.0,,,18.890191423009902,13.370942699072602,31.074364890851296,18.890191423009902,0.0,1.0,False
TOI-776,TOI-776 c,jw02512004001,nrs2,3636,0.089,7.0,0,0,0,0,1.25883349545129,60091.63338940913,813.6384371305011,0.0285243481455843,40.21634104340971,0.3592425591832454,2.648160549403273e-07,2.511128039314038e-12,quad,2.82624163501896,629.7776765691424,1.0350660514685848,4512.91253403804,3843.979508296338,3857.5904570620382,1186.6621911198472,2.846721035400026,-49.69587728130424,201.97290133751324,3.539628189141276,714.9089750169115,-0.0695135730812844,0.9445808290317684,6.277600256189999,0.0289831880057296,0.0281127961913106,702.0,-1.3417409886715248,0.99758588421252,0.2737094596870614,-0.3451705865683152,,,197.3954220324065,190.74244612026888,374.41134652461295,197.3954220324065,-0.25175800314733565,0.801228120514528,False
TOI-776,TOI-776 b,jw02512005001,nrs1,3288,0.052,45.0,0,0,0,0,2.4692763547054266,60104.78619011461,635.9896470858591,0.0252188351651272,25.695311373911288,0.2609352837084409,0.0019835420232645,8.620949169591418e-05,quad_exp,2.3421934140496887,395.48155643310247,1.0951107021035662,4545.913283789316,3729.303094867412,3670.753229057251,1123.8626559907373,2.6296193938720944,6.647641580784301,85.26499314465877,2.425604696145288,206.8191677884801,0.0321422895753213,0.974358578614847,7.943724846517853,0.0251613188116927,0.0252930742679577,582.0,0.5622843248824111,0.4634981025318747,0.4309703630342652,0.5188584021538531,,,85.38997397482073,73.83724026155807,147.1141487693644,85.38997397482073,0.07785037600250957,0.9379470737552595,False
TOI-776,TOI-776 b,jw02512005001,nrs2,3288,0.052,45.0,0,0,0,0,0.5414676228685458,60104.78577991914,613.6593100648552,0.0247721478694289,25.775984810798143,0.2334504702536035,0.3110678311415529,0.0017883436307483,quad_exp,2.3498430226463825,603.7325845473525,1.053008779355418,3933.4162312051153,3579.2902565308063,3532.7431262888203,1030.0266454682517,3.2291650803834275,10.383156317706268,123.32181696149836,2.517604603896688,310.475574143173,0.0334427477793089,0.973321520914511,8.01150422759929,0.0246679421069436,0.0248775104081825,584.0,0.3984536055191768,0.9997716719571348,1.0,0.490399687202407,,,146.16309981967103,129.18902473300383,250.8214555210651,146.16309981967103,0.0710381507406213,0.9433673922735855,False
TOI-776,TOI-776 b,jw02512006001,nrs1,3288,0.052,45.0,0,0,0,0,0.4393280874959033,60088.29198853358,964.5060694802016,0.0310564980234443,25.565332142987977,0.2819918972632176,0.0020366244350498,1.0,quad_exp,2.354815301543568,407.95959480607087,1.0128729438568058,4460.27244205692,3563.080268402278,3401.1778575243707,1194.980140068247,3.05707203797192,4.200244099877349,33.69298891484057,1.214457650271353,40.91870814813603,0.1026485021147639,0.9182419470010524,8.040918429099293,0.0310193665472716,0.0310869963987175,585.0,0.0869773482939244,0.9012274937327006,0.8686632529059601,-0.0044204924391078,,,41.9038559071147,36.25581605155333,73.13208706708105,41.9038559071147,0.10023526496434436,0.9201575495909072,False
TOI-776,TOI-776 b,jw02512006001,nrs2,3288,0.052,45.0,0,0,0,0,1.4420517024850878,60088.291538986654,685.8958745623879,0.0261896138681422,25.932868199264966,0.2393634795364861,5.528368367731711e-09,3.90210481012441e-10,quad_exp,2.3357546738698147,582.500871404996,1.1011601738618084,4170.07927689933,3748.200747389908,3690.583397480769,1000.2948606594452,3.103508271010756,-10.329907237196828,92.69103650474248,1.550933825751886,143.75766385920798,-0.0718563933211493,0.9427161933842552,8.014580392373318,0.0262772344772435,0.0260799375868662,580.0,-0.1596338887441935,0.9975885301702948,0.8355529533810061,-0.0739771631193662,,,44.69033573080566,80.24307703931032,83.84550951437214,44.69033573080566,-0.2311440956590595,0.8172028591341484,False
