target,visit,det,bin,wave_lo_um,wave_hi_um,n_cols,n_ok,oot_scatter_ppm
GJ-1132,jw01981021001,nrs1,0,2.8616225868637777,2.9691390621089435,159,814,589.5444977783502
GJ-1132,jw01981021001,nrs1,1,2.9691390621089435,3.0766555373541093,158,814,561.4177191106747
GJ-1132,jw01981021001,nrs1,2,3.0766555373541093,3.184172012599275,159,814,525.4126740413712
GJ-1132,jw01981021001,nrs1,3,3.184172012599275,3.291688487844441,159,814,558.6408182544957
GJ-1132,jw01981021001,nrs1,4,3.291688487844441,3.3992049630896073,159,814,514.7215904779154
GJ-1132,jw01981021001,nrs1,5,3.3992049630896073,3.506721438334773,159,814,508.6834220755962
GJ-1132,jw01981021001,nrs1,6,3.506721438334773,3.614237913579939,160,814,486.0775837329504
GJ-1132,jw01981021001,nrs1,7,3.614237913579939,3.721754388825105,160,814,440.291967064509
GJ-1132,jw01981021001,nrs2,0,3.8207140041647993,3.9904537349497797,254,814,465.5518350900901
GJ-1132,jw01981021001,nrs2,1,3.9904537349497797,4.160193465734761,253,814,555.1895583831619
GJ-1132,jw01981021001,nrs2,2,4.160193465734761,4.329933196519741,255,814,650.8142416466553
GJ-1132,jw01981021001,nrs2,3,4.329933196519741,4.499672927304721,255,814,739.5554004370141
GJ-1132,jw01981021001,nrs2,4,4.499672927304721,4.669412658089702,256,814,839.4402961757345
GJ-1132,jw01981021001,nrs2,5,4.669412658089702,4.839152388874682,257,814,1814.9971798284193
GJ-1132,jw01981021001,nrs2,6,4.839152388874682,5.008892119659663,258,814,68090.69504280781
GJ-1132,jw01981021001,nrs2,7,5.008892119659663,5.178631850444644,260,814,5102.041539463045
GJ-1132,jw01981022001,nrs1,0,2.8618027027535105,2.969235448967721,159,814,610.9000727687651
GJ-1132,jw01981022001,nrs1,1,2.969235448967721,3.0766681951819317,158,814,564.7304073605284
GJ-1132,jw01981022001,nrs1,2,3.0766681951819317,3.1841009413961423,159,814,542.6896701741916
GJ-1132,jw01981022001,nrs1,3,3.1841009413961423,3.291533687610353,158,814,526.7598001664185
GJ-1132,jw01981022001,nrs1,4,3.291533687610353,3.3989664338245635,159,814,539.9485278455353
GJ-1132,jw01981022001,nrs1,5,3.3989664338245635,3.506399180038774,160,814,514.7467422214112
GJ-1132,jw01981022001,nrs1,6,3.506399180038774,3.6138319262529848,159,814,460.76885300944645
GJ-1132,jw01981022001,nrs1,7,3.6138319262529848,3.7212646724671954,160,814,449.8525208469574
GJ-1132,jw01981022001,nrs2,0,3.820225302612134,3.9899673603914283,254,814,454.94335832611773
GJ-1132,jw01981022001,nrs2,1,3.9899673603914283,4.159709418170722,253,814,565.1732026764801
GJ-1132,jw01981022001,nrs2,2,4.159709418170722,4.329451475950016,255,814,643.1329558107357
GJ-1132,jw01981022001,nrs2,3,4.329451475950016,4.4991935337293105,255,814,815.9206924377759
GJ-1132,jw01981022001,nrs2,4,4.4991935337293105,4.668935591508605,256,814,888.0402853122633
GJ-1132,jw01981022001,nrs2,5,4.668935591508605,4.838677649287899,257,814,2298.289038171485
GJ-1132,jw01981022001,nrs2,6,4.838677649287899,5.008419707067192,258,814,126814.1430901071
GJ-1132,jw01981022001,nrs2,7,5.008419707067192,5.178161764846487,260,814,4907.299248438517
K2-18,jw02372004001,nrs1,0,2.8618279245986082,2.96926872211858,159,2089,713.836919068597
K2-18,jw02372004001,nrs1,1,2.96926872211858,3.0767095196385523,158,2089,712.0687477845813
K2-18,jw02372004001,nrs1,2,3.0767095196385523,3.184150317158524,159,2089,716.7167183102852
K2-18,jw02372004001,nrs1,3,3.184150317158524,3.2915911146784964,158,2089,697.7134206366217
K2-18,jw02372004001,nrs1,4,3.2915911146784964,3.3990319121984682,159,2089,662.7109967947747
K2-18,jw02372004001,nrs1,5,3.3990319121984682,3.50647270971844,160,2089,651.2999298041437
K2-18,jw02372004001,nrs1,6,3.50647270971844,3.6139135072384123,159,2089,633.6460148468212
K2-18,jw02372004001,nrs1,7,3.6139135072384123,3.721354304758384,160,2089,569.8794342864861
K2-18,jw02372004001,nrs2,0,3.8203223813482197,3.990077357424214,254,2089,693.523428382718
K2-18,jw02372004001,nrs2,1,3.990077357424214,4.1598323335002085,253,2089,862.1518984932616
K2-18,jw02372004001,nrs2,2,4.1598323335002085,4.329587309576203,255,2089,1063.5421280639146
K2-18,jw02372004001,nrs2,3,4.329587309576203,4.499342285652197,255,2089,1250.550915988714
K2-18,jw02372004001,nrs2,4,4.499342285652197,4.669097261728191,256,2089,1378.42819444782
K2-18,jw02372004001,nrs2,5,4.669097261728191,4.838852237804185,257,2089,2188.0523746121376
K2-18,jw02372004001,nrs2,6,4.838852237804185,5.00860721388018,258,2089,744918.9638630715
K2-18,jw02372004001,nrs2,7,5.00860721388018,5.178362189956174,260,2089,6977.743592708113
K2-18,jw02372005001,nrs1,0,2.861886311387701,2.969305802669837,159,2089,733.0046576927205
K2-18,jw02372005001,nrs1,1,2.969305802669837,3.0767252939519727,158,2089,713.6807727352466
K2-18,jw02372005001,nrs1,2,3.0767252939519727,3.1841447852341087,159,2089,703.3102208783482
K2-18,jw02372005001,nrs1,3,3.1841447852341087,3.2915642765162447,158,2089,707.1878705289666
K2-18,jw02372005001,nrs1,4,3.2915642765162447,3.3989837677983807,159,2089,678.3035298632535
K2-18,jw02372005001,nrs1,5,3.3989837677983807,3.5064032590805168,160,2089,646.4043971235665
K2-18,jw02372005001,nrs1,6,3.5064032590805168,3.6138227503626523,159,2089,638.4621983373045
K2-18,jw02372005001,nrs1,7,3.6138227503626523,3.7212422416447883,160,2089,562.2556509157226
K2-18,jw02372005001,nrs2,0,3.8201906630271516,3.989911370303823,254,2089,662.0429122105049
K2-18,jw02372005001,nrs2,1,3.989911370303823,4.159632077580494,253,2089,812.1137800979802
K2-18,jw02372005001,nrs2,2,4.159632077580494,4.329352784857166,255,2089,1014.9479059931732
K2-18,jw02372005001,nrs2,3,4.329352784857166,4.499073492133837,255,2089,1244.9006688462478
K2-18,jw02372005001,nrs2,4,4.499073492133837,4.668794199410509,256,2089,1317.0661537265976
K2-18,jw02372005001,nrs2,5,4.668794199410509,4.83851490668718,257,2089,1925.6185863480432
K2-18,jw02372005001,nrs2,6,4.83851490668718,5.008235613963851,258,2088,369654.05023544864
K2-18,jw02372005001,nrs2,7,5.008235613963851,5.177956321240523,260,2089,6925.268081078557
K2-18,jw02372007001,nrs1,0,2.862006211143523,2.9693409859620177,159,2089,720.5045840945579
K2-18,jw02372007001,nrs1,1,2.9693409859620177,3.076675760780512,158,2089,715.9512641418803
K2-18,jw02372007001,nrs1,2,3.076675760780512,3.1840105355990067,158,2089,693.1684770760087
K2-18,jw02372007001,nrs1,3,3.1840105355990067,3.2913453104175012,159,2089,687.0505037672249
K2-18,jw02372007001,nrs1,4,3.2913453104175012,3.3986800852359957,159,2089,683.8575317796043
K2-18,jw02372007001,nrs1,5,3.3986800852359957,3.5060148600544903,159,2089,653.6465436933247
K2-18,jw02372007001,nrs1,6,3.5060148600544903,3.6133496348729848,159,2089,630.740525610218
K2-18,jw02372007001,nrs1,7,3.6133496348729848,3.7206844096914793,160,2089,570.2202829966717
K2-18,jw02372007001,nrs2,0,3.8196330262994906,3.989354526768324,254,2089,648.3385767309363
K2-18,jw02372007001,nrs2,1,3.989354526768324,4.159076027237157,253,2089,822.4057488469142
K2-18,jw02372007001,nrs2,2,4.159076027237157,4.328797527705991,255,2089,983.691644726368
K2-18,jw02372007001,nrs2,3,4.328797527705991,4.498519028174824,255,2089,1209.2748742013578
K2-18,jw02372007001,nrs2,4,4.498519028174824,4.668240528643658,256,2089,1321.2590334360548
K2-18,jw02372007001,nrs2,5,4.668240528643658,4.837962029112491,257,2089,1880.7515472613768
K2-18,jw02372007001,nrs2,6,4.837962029112491,5.007683529581324,258,2089,878600.2142774524
K2-18,jw02372007001,nrs2,7,5.007683529581324,5.177405030050157,260,2089,6887.1041431017975
LHS-1140,jw07073024001,nrs1,0,2.84824423036032,3.140621419575656,163,2496,636.1478831067546
LHS-1140,jw07073024001,nrs1,1,3.140621419575656,3.432998608790992,162,2496,645.5824954958972
LHS-1140,jw07073024001,nrs1,2,3.432998608790992,3.7253757980063282,163,2496,668.5570293593754
LHS-1140,jw07073024001,nrs1,3,3.7253757980063282,4.017752987221664,163,2496,740.5046867269803
LHS-1140,jw07073024001,nrs1,4,4.017752987221664,4.310130176437,162,2496,855.2273751033031
LHS-1140,jw07073024001,nrs1,5,4.310130176437,4.602507365652336,163,2496,1147.5135674390885
LHS-1140,jw07073024001,nrs1,6,4.602507365652336,4.894884554867672,163,2496,1336.171619369773
LHS-1140,jw07073024001,nrs1,7,4.894884554867672,5.187261744083008,163,2496,1529.2246158785977
LHS-1140,jw07073025001,nrs1,0,2.849107320303722,3.1409822853726634,163,2496,664.3368700161307
LHS-1140,jw07073025001,nrs1,1,3.1409822853726634,3.432857250441605,162,2496,667.4714474611217
LHS-1140,jw07073025001,nrs1,2,3.432857250441605,3.7247322155105467,162,2496,687.8214867123829
LHS-1140,jw07073025001,nrs1,3,3.7247322155105467,4.016607180579489,163,2496,733.2606227752816
LHS-1140,jw07073025001,nrs1,4,4.016607180579489,4.30848214564843,162,2496,875.8468495793524
LHS-1140,jw07073025001,nrs1,5,4.30848214564843,4.600357110717372,162,2496,1102.013522190319
LHS-1140,jw07073025001,nrs1,6,4.600357110717372,4.892232075786314,163,2496,1277.9109926710873
LHS-1140,jw07073025001,nrs1,7,4.892232075786314,5.184107040855255,163,2496,1499.4789609728628
LHS-1140,jw07073026001,nrs1,0,2.8487104171071738,3.140864474469951,163,2496,646.5614260689
LHS-1140,jw07073026001,nrs1,1,3.140864474469951,3.4330185318327286,162,2496,609.1849797279566
LHS-1140,jw07073026001,nrs1,2,3.4330185318327286,3.725172589195506,163,2496,662.519539473493
LHS-1140,jw07073026001,nrs1,3,3.725172589195506,4.017326646558283,162,2496,737.9130549102792
LHS-1140,jw07073026001,nrs1,4,4.017326646558283,4.309480703921061,162,2496,843.8995218421788
LHS-1140,jw07073026001,nrs1,5,4.309480703921061,4.601634761283838,163,2496,1099.496674888405
LHS-1140,jw07073026001,nrs1,6,4.601634761283838,4.893788818646616,163,2496,1292.9600945691116
LHS-1140,jw07073026001,nrs1,7,4.893788818646616,5.185942876009393,163,2496,1464.20658553832
LHS-1140,jw07073032001,nrs1,0,2.849000433930459,3.1406995369993274,163,2054,620.0865003356726
LHS-1140,jw07073032001,nrs1,1,3.1406995369993274,3.432398640068196,162,2054,600.7874175420765
LHS-1140,jw07073032001,nrs1,2,3.432398640068196,3.7240977431370643,162,2054,680.210349532244
LHS-1140,jw07073032001,nrs1,3,3.7240977431370643,4.015796846205933,162,2054,723.0893806077127
LHS-1140,jw07073032001,nrs1,4,4.015796846205933,4.307495949274801,162,2054,858.6399059836714
LHS-1140,jw07073032001,nrs1,5,4.307495949274801,4.59919505234367,163,2054,1084.733451852515
LHS-1140,jw07073032001,nrs1,6,4.59919505234367,4.890894155412538,162,2054,1266.97165616985
LHS-1140,jw07073032001,nrs1,7,4.890894155412538,5.182593258481407,163,2054,1458.357420251416
LHS-1140,jw07073033001,nrs1,0,2.8489613947171466,3.1410678510751353,163,2054,699.2295474552757
LHS-1140,jw07073033001,nrs1,1,3.1410678510751353,3.4331743074331245,162,2054,651.3869656437697
LHS-1140,jw07073033001,nrs1,2,3.4331743074331245,3.725280763791113,163,2054,676.6914011502233
LHS-1140,jw07073033001,nrs1,3,3.725280763791113,4.017387220149102,162,2054,738.710705367308
LHS-1140,jw07073033001,nrs1,4,4.017387220149102,4.309493676507091,162,2054,854.4781998716425
LHS-1140,jw07073033001,nrs1,5,4.309493676507091,4.60160013286508,163,2054,1068.0727600678783
LHS-1140,jw07073033001,nrs1,6,4.60160013286508,4.8937065892230684,163,2054,1272.4707198491506
LHS-1140,jw07073033001,nrs1,7,4.8937065892230684,5.185813045581058,163,2054,1482.4889047171046
TOI-1685,jw03263001001,nrs1,0,2.8619297421425656,2.9692651864042228,159,4450,659.6474917816814
TOI-1685,jw03263001001,nrs1,1,2.9692651864042228,3.0766006306658804,158,4450,624.0137789032333
TOI-1685,jw03263001001,nrs1,2,3.0766006306658804,3.1839360749275376,158,4450,630.3937542077574
TOI-1685,jw03263001001,nrs1,3,3.1839360749275376,3.291271519189195,159,4450,624.5661817169416
TOI-1685,jw03263001001,nrs1,4,3.291271519189195,3.3986069634508524,159,4450,602.2655699489592
TOI-1685,jw03263001001,nrs1,5,3.3986069634508524,3.5059424077125096,159,4450,608.9364054117246
TOI-1685,jw03263001001,nrs1,6,3.5059424077125096,3.613277851974167,159,4450,574.1871495414846
TOI-1685,jw03263001001,nrs1,7,3.613277851974167,3.7206132962358245,160,4450,531.236763882888
TOI-1685,jw03263001001,nrs2,0,3.819562640797222,3.9892852956206752,254,4450,546.9967420050093
TOI-1685,jw03263001001,nrs2,1,3.9892852956206752,4.159007950444128,253,4450,687.1385688998103
TOI-1685,jw03263001001,nrs2,2,4.159007950444128,4.328730605267581,255,4450,817.8279964744337
TOI-1685,jw03263001001,nrs2,3,4.328730605267581,4.4984532600910345,255,4450,1027.4119759642813
TOI-1685,jw03263001001,nrs2,4,4.4984532600910345,4.668175914914488,256,4450,1093.593125474529
TOI-1685,jw03263001001,nrs2,5,4.668175914914488,4.837898569737941,257,4449,1671.5741606386644
TOI-1685,jw03263001001,nrs2,6,4.837898569737941,5.007621224561394,258,4450,114715.32433807115
TOI-1685,jw03263001001,nrs2,7,5.007621224561394,5.177343879384847,260,4450,6006.534450846045
TOI-1685,jw04195001001,nrs1,0,2.8619452180618055,2.969280119346575,159,1032,675.9864820095845
TOI-1685,jw04195001001,nrs1,1,2.969280119346575,3.076615020631345,158,1032,648.1437884428345
TOI-1685,jw04195001001,nrs1,2,3.076615020631345,3.1839499219161147,158,1032,643.416069674203
TOI-1685,jw04195001001,nrs1,3,3.1839499219161147,3.2912848232008844,159,1032,648.1815340030718
TOI-1685,jw04195001001,nrs1,4,3.2912848232008844,3.398619724485654,159,1032,640.8365812190361
TOI-1685,jw04195001001,nrs1,5,3.398619724485654,3.505954625770424,159,1032,643.2175250760451
TOI-1685,jw04195001001,nrs1,6,3.505954625770424,3.6132895270551937,159,1032,605.9806836004242
TOI-1685,jw04195001001,nrs1,7,3.6132895270551937,3.7206244283399634,160,1032,552.4642961702891
TOI-1685,jw04195001001,nrs2,0,3.8195732507346043,3.989295016665008,254,1032,623.7966017290819
TOI-1685,jw04195001001,nrs2,1,3.989295016665008,4.159016782595411,253,1032,794.1400301321654
TOI-1685,jw04195001001,nrs2,2,4.159016782595411,4.3287385485258145,255,1032,956.3061105420281
TOI-1685,jw04195001001,nrs2,3,4.3287385485258145,4.498460314456218,255,1032,1194.6818383604052
TOI-1685,jw04195001001,nrs2,4,4.498460314456218,4.668182080386622,256,1032,1296.84947685697
TOI-1685,jw04195001001,nrs2,5,4.668182080386622,4.837903846317025,257,1032,1608.6588119144235
TOI-1685,jw04195001001,nrs2,6,4.837903846317025,5.007625612247429,258,1032,12079.195699183074
TOI-1685,jw04195001001,nrs2,7,5.007625612247429,5.177347378177832,260,1032,5316.407444452296
TOI-1685,jw04195002001,nrs1,0,2.8615103233790617,2.9689299817875265,159,1032,663.3123683963895
TOI-1685,jw04195002001,nrs1,1,2.9689299817875265,3.0763496401959913,158,1032,601.9507603827838
TOI-1685,jw04195002001,nrs1,2,3.0763496401959913,3.183769298604456,159,1032,620.655860938094
TOI-1685,jw04195002001,nrs1,3,3.183769298604456,3.291188957012921,158,1032,632.8798827978505
TOI-1685,jw04195002001,nrs1,4,3.291188957012921,3.3986086154213857,159,1032,604.067754613344
TOI-1685,jw04195002001,nrs1,5,3.3986086154213857,3.5060282738298505,160,1032,565.1794321742336
TOI-1685,jw04195002001,nrs1,6,3.5060282738298505,3.6134479322383153,159,1032,581.16258627048
TOI-1685,jw04195002001,nrs1,7,3.6134479322383153,3.72086759064678,160,1032,552.5678862008596
TOI-1685,jw04195002001,nrs2,0,3.819816307503048,3.989537652296524,254,1032,576.7382050192546
TOI-1685,jw04195002001,nrs2,1,3.989537652296524,4.15925899709,253,1032,651.0147286478419
TOI-1685,jw04195002001,nrs2,2,4.15925899709,4.328980341883476,255,1032,841.3062065131343
TOI-1685,jw04195002001,nrs2,3,4.328980341883476,4.498701686676952,255,1032,1033.596253991444
TOI-1685,jw04195002001,nrs2,4,4.498701686676952,4.668423031470428,256,1032,1080.6850564807332
TOI-1685,jw04195002001,nrs2,5,4.668423031470428,4.838144376263904,257,1032,1883.856814505002
TOI-1685,jw04195002001,nrs2,6,4.838144376263904,5.00786572105738,258,1032,78787.01366663557
TOI-1685,jw04195002001,nrs2,7,5.00786572105738,5.177587065850856,260,1032,5608.44164733557
TOI-1685,jw04195003001,nrs1,0,2.8617391449464544,2.9690742420659344,159,1032,655.7889421594131
TOI-1685,jw04195003001,nrs1,1,2.9690742420659344,3.0764093391854144,158,1032,616.7824358146702
TOI-1685,jw04195003001,nrs1,2,3.0764093391854144,3.1837444363048943,158,1032,605.0353878463545
TOI-1685,jw04195003001,nrs1,3,3.1837444363048943,3.291079533424374,159,1032,628.3806007851423
TOI-1685,jw04195003001,nrs1,4,3.291079533424374,3.3984146305438543,159,1032,591.3123384756898
TOI-1685,jw04195003001,nrs1,5,3.3984146305438543,3.505749727663334,159,1032,578.1013566569603
TOI-1685,jw04195003001,nrs1,6,3.505749727663334,3.613084824782814,159,1032,590.6528438927962
TOI-1685,jw04195003001,nrs1,7,3.613084824782814,3.7204199219022938,160,1032,563.4909060972642
TOI-1685,jw04195003001,nrs2,0,3.8193688902793013,3.98909116483544,254,1032,545.9007453485654
TOI-1685,jw04195003001,nrs2,1,3.98909116483544,4.158813439391579,253,1032,689.6622018676632
TOI-1685,jw04195003001,nrs2,2,4.158813439391579,4.328535713947718,255,1032,820.4967082657632
TOI-1685,jw04195003001,nrs2,3,4.328535713947718,4.498257988503857,255,1032,1013.216166907696
TOI-1685,jw04195003001,nrs2,4,4.498257988503857,4.667980263059997,256,1032,1137.726141622721
TOI-1685,jw04195003001,nrs2,5,4.667980263059997,4.837702537616135,257,1032,1474.9714571968614
TOI-1685,jw04195003001,nrs2,6,4.837702537616135,5.007424812172275,258,1032,12382.486108622896
TOI-1685,jw04195003001,nrs2,7,5.007424812172275,5.1771470867284135,260,1032,6270.683338301163
TOI-1685,jw04195104001,nrs1,0,2.8618463819786517,2.969370875383745,159,1032,690.9565519028155
TOI-1685,jw04195104001,nrs1,1,2.969370875383745,3.0768953687888385,158,1032,656.8078485092606
TOI-1685,jw04195104001,nrs1,2,3.0768953687888385,3.184419862193932,159,1032,671.4075995476405
TOI-1685,jw04195104001,nrs1,3,3.184419862193932,3.291944355599025,159,1032,665.216385089465
TOI-1685,jw04195104001,nrs1,4,3.291944355599025,3.3994688490041183,159,1032,618.4811125944564
TOI-1685,jw04195104001,nrs1,5,3.3994688490041183,3.5069933424092117,159,1032,609.3172661965154
TOI-1685,jw04195104001,nrs1,6,3.5069933424092117,3.614517835814305,160,1032,583.5847024120548
TOI-1685,jw04195104001,nrs1,7,3.614517835814305,3.7220423292193985,160,1032,514.1742322714906
TOI-1685,jw04195104001,nrs2,0,3.8210092623375362,3.9907616588798955,254,1032,603.7373938045328
TOI-1685,jw04195104001,nrs2,1,3.9907616588798955,4.160514055422255,253,1032,745.264441039257
TOI-1685,jw04195104001,nrs2,2,4.160514055422255,4.330266451964614,255,1032,933.1512853129692
TOI-1685,jw04195104001,nrs2,3,4.330266451964614,4.500018848506974,255,1032,1137.0039523356324
TOI-1685,jw04195104001,nrs2,4,4.500018848506974,4.669771245049333,256,1032,1193.1323132128566
TOI-1685,jw04195104001,nrs2,5,4.669771245049333,4.8395236415916925,257,1032,2214.3891597256193
TOI-1685,jw04195104001,nrs2,6,4.8395236415916925,5.009276038134052,258,1032,106207.64292401537
TOI-1685,jw04195104001,nrs2,7,5.009276038134052,5.179028434676411,260,1032,6538.193751709922
TOI-776,jw02512003001,nrs1,0,2.861493050972169,2.9689180615271766,159,3636,628.433550005983
TOI-776,jw02512003001,nrs1,1,2.9689180615271766,3.0763430720821847,158,3636,594.9041308894235
TOI-776,jw02512003001,nrs1,2,3.0763430720821847,3.183768082637193,159,3636,580.2239075444476
TOI-776,jw02512003001,nrs1,3,3.183768082637193,3.2911930931922004,158,3636,608.1298680230167
TOI-776,jw02512003001,nrs1,4,3.2911930931922004,3.398618103747208,159,3636,575.8966054729214
TOI-776,jw02512003001,nrs1,5,3.398618103747208,3.506043114302216,160,3636,574.3889520782939
TOI-776,jw02512003001,nrs1,6,3.506043114302216,3.6134681248572242,159,3636,563.0198422995462
TOI-776,jw02512003001,nrs1,7,3.6134681248572242,3.720893135412232,160,3636,551.110379449711
TOI-776,jw02512003001,nrs2,0,3.819846811472352,3.989576792564478,254,3636,544.6320742434605
TOI-776,jw02512003001,nrs2,1,3.989576792564478,4.159306773656604,253,3636,653.7348288007447
TOI-776,jw02512003001,nrs2,2,4.159306773656604,4.32903675474873,255,3636,796.1311041794511
TOI-776,jw02512003001,nrs2,3,4.32903675474873,4.498766735840856,255,3636,987.6344527034715
TOI-776,jw02512003001,nrs2,4,4.498766735840856,4.668496716932982,256,3636,1076.2067277893227
TOI-776,jw02512003001,nrs2,5,4.668496716932982,4.838226698025107,257,3636,2570.307830481933
TOI-776,jw02512003001,nrs2,6,4.838226698025107,5.007956679117233,258,3636,126684.33733157888
TOI-776,jw02512003001,nrs2,7,5.007956679117233,5.177686660209359,260,3636,6438.151034293549
TOI-776,jw02512004001,nrs1,0,2.861530453545439,2.9689537175170906,159,3636,627.1359642974655
TOI-776,jw02512004001,nrs1,1,2.9689537175170906,3.076376981488742,158,3636,581.7582904829812
TOI-776,jw02512004001,nrs1,2,3.076376981488742,3.1838002454603935,159,3636,596.2759487740557
TOI-776,jw02512004001,nrs1,3,3.1838002454603935,3.2912235094320446,158,3636,604.1501985544035
TOI-776,jw02512004001,nrs1,4,3.2912235094320446,3.398646773403696,159,3636,568.0391347430468
TOI-776,jw02512004001,nrs1,5,3.398646773403696,3.5060700373753475,160,3636,581.6384085861284
TOI-776,jw02512004001,nrs1,6,3.5060700373753475,3.613493301346999,159,3636,546.3560144054927
TOI-776,jw02512004001,nrs1,7,3.613493301346999,3.7209165653186504,160,3636,549.5028879395284
TOI-776,jw02512004001,nrs2,0,3.819868595222458,3.9895957030106683,254,3636,518.0449777042803
TOI-776,jw02512004001,nrs2,1,3.9895957030106683,4.159322810798878,253,3636,653.3159584055921
TOI-776,jw02512004001,nrs2,2,4.159322810798878,4.3290499185870885,255,3636,786.1643024272724
TOI-776,jw02512004001,nrs2,3,4.3290499185870885,4.498777026375299,255,3636,992.5181994967138
TOI-776,jw02512004001,nrs2,4,4.498777026375299,4.668504134163509,256,3636,1086.63417673062
TOI-776,jw02512004001,nrs2,5,4.668504134163509,4.8382312419517195,257,3636,1484.4760079996202
TOI-776,jw02512004001,nrs2,6,4.8382312419517195,5.007958349739929,258,3636,13868.113334144959
TOI-776,jw02512004001,nrs2,7,5.007958349739929,5.177685457528139,260,3636,7117.874077790375
TOI-776,jw02512005001,nrs1,0,2.86193013214717,2.9692675886068045,159,3288,618.0653603113766
TOI-776,jw02512005001,nrs1,1,2.9692675886068045,3.0766050450664393,158,3288,577.4786809039241
TOI-776,jw02512005001,nrs1,2,3.0766050450664393,3.1839425015260736,158,3288,596.8259291259714
TOI-776,jw02512005001,nrs1,3,3.1839425015260736,3.291279957985708,159,3288,616.2972598034363
TOI-776,jw02512005001,nrs1,4,3.291279957985708,3.3986174144453427,159,3288,573.7930278793692
TOI-776,jw02512005001,nrs1,5,3.3986174144453427,3.505954870904977,159,3288,579.0370430340308
TOI-776,jw02512005001,nrs1,6,3.505954870904977,3.6132923273646114,159,3288,571.7802578581785
TOI-776,jw02512005001,nrs1,7,3.6132923273646114,3.720629783824246,160,3288,551.8089166212875
TOI-776,jw02512005001,nrs2,0,3.819580955478861,3.989306857983288,254,3288,517.731375488391
TOI-776,jw02512005001,nrs2,1,3.989306857983288,4.159032760487714,253,3288,641.0182608825002
TOI-776,jw02512005001,nrs2,2,4.159032760487714,4.328758662992142,255,3288,777.363522232838
TOI-776,jw02512005001,nrs2,3,4.328758662992142,4.498484565496568,255,3288,968.5468073778087
TOI-776,jw02512005001,nrs2,4,4.498484565496568,4.668210468000995,256,3288,1073.021685391147
TOI-776,jw02512005001,nrs2,5,4.668210468000995,4.837936370505421,257,3288,1592.8695685795035
TOI-776,jw02512005001,nrs2,6,4.837936370505421,5.007662273009848,258,3288,13101.314460999194
TOI-776,jw02512005001,nrs2,7,5.007662273009848,5.177388175514275,260,3288,6801.239423676298
TOI-776,jw02512006001,nrs1,0,2.8620083763449493,2.9693472007189445,159,3288,623.4615793278944
TOI-776,jw02512006001,nrs1,1,2.9693472007189445,3.0766860250929398,158,3288,594.7026300949987
TOI-776,jw02512006001,nrs1,2,3.0766860250929398,3.1840248494669354,158,3288,593.4391599456796
TOI-776,jw02512006001,nrs1,3,3.1840248494669354,3.2913636738409306,159,3288,581.8892306762156
TOI-776,jw02512006001,nrs1,4,3.2913636738409306,3.398702498214926,159,3288,592.4794820803951
TOI-776,jw02512006001,nrs1,5,3.398702498214926,3.5060413225889215,159,3288,571.506526129907
TOI-776,jw02512006001,nrs1,6,3.5060413225889215,3.6133801469629168,159,3288,543.5694651438621
TOI-776,jw02512006001,nrs1,7,3.6133801469629168,3.720718971336912,160,3288,542.8775421285023
TOI-776,jw02512006001,nrs2,0,3.8196712763215253,3.9893992817174295,254,3288,514.5102935704014
TOI-776,jw02512006001,nrs2,1,3.9893992817174295,4.159127287113334,253,3288,639.9040647557626
TOI-776,jw02512006001,nrs2,2,4.159127287113334,4.328855292509237,255,3288,779.2239343122169
TOI-776,jw02512006001,nrs2,3,4.328855292509237,4.498583297905141,255,3288,981.3593822883321
TOI-776,jw02512006001,nrs2,4,4.498583297905141,4.668311303301046,256,3288,1090.4387778895946
TOI-776,jw02512006001,nrs2,5,4.668311303301046,4.838039308696949,257,3288,1835.3910411039863
TOI-776,jw02512006001,nrs2,6,4.838039308696949,5.007767314092853,258,3288,14207.095294061475
TOI-776,jw02512006001,nrs2,7,5.007767314092853,5.177495319488758,260,3288,6746.027656708971
