target,planet,visit,det,bin,wave_lo_um,wave_hi_um,n_fits,sigma_cal_ppm,sigma_resid_ppm,bias_slope,dd_obs_ppm,cal_vs_boot,ul95_abs_dd_ppm
GJ-1132,GJ 1132 b,jw01981021001,nrs1,0,2.8616225868637777,2.9691390621089435,40,57.96216730509405,81.30106522358649,0.8923135875968542,54.83067192267512,0.6521000877721391,150.17843713955483
GJ-1132,GJ 1132 b,jw01981021001,nrs1,1,2.9691390621089435,3.0766555373541093,40,45.46442134540646,48.50285028854677,1.0052058480896306,49.71625849927667,0.8289139587695871,124.50523161247028
GJ-1132,GJ 1132 b,jw01981021001,nrs1,2,3.0766555373541093,3.184172012599275,40,27.783985975999883,29.084654773796764,0.9294108051499599,74.04228219751131,0.654303857673441,119.74693912803113
GJ-1132,GJ 1132 b,jw01981021001,nrs1,3,3.184172012599275,3.291688487844441,40,70.04082378380807,56.73521463820528,1.0345429784008184,-20.05229479013328,1.266690740450046,135.26944991449756
GJ-1132,GJ 1132 b,jw01981021001,nrs1,4,3.291688487844441,3.399204963089608,40,48.97874339001726,58.652130057731476,1.035766240432726,-128.98125575159244,0.913029414604191,209.55128862817082
GJ-1132,GJ 1132 b,jw01981021001,nrs1,5,3.399204963089608,3.506721438334773,40,33.354354230208166,32.24903702983925,1.0363040684925333,26.226509309411338,0.903708671262752,81.09442201810377
GJ-1132,GJ 1132 b,jw01981021001,nrs1,6,3.506721438334773,3.614237913579939,40,27.04328716905906,35.56613379248548,0.9156756654240732,11.218658117713442,0.7543868627901604,55.704865510815594
GJ-1132,GJ 1132 b,jw01981021001,nrs1,7,3.614237913579939,3.721754388825105,40,56.901255970984664,53.31707828195096,0.9449620580539426,-3.01029244838746,1.1666626540036347,96.61285852065723
GJ-1132,GJ 1132 b,jw01981021001,nrs2,0,3.8207140041647993,3.99045373494978,40,70.50360884418232,58.47737059706743,1.1017100672754092,-55.86343153770376,1.5168939855470676,171.84186808638367
GJ-1132,GJ 1132 b,jw01981021001,nrs2,1,3.99045373494978,4.160193465734761,40,46.89589605598561,42.13378328498336,0.9962309268105515,-39.393423252635614,0.9222458450062866,116.53717226473194
GJ-1132,GJ 1132 b,jw01981021001,nrs2,2,4.160193465734761,4.329933196519741,40,55.926926684198776,67.85757974618245,0.8922909207493211,70.97180481885432,0.7423454976150928,162.9715992143613
GJ-1132,GJ 1132 b,jw01981021001,nrs2,3,4.329933196519741,4.499672927304721,40,58.58376395617746,81.46355737731062,1.0094949680735443,22.372366973355888,0.7446797357206485,118.74265868126781
GJ-1132,GJ 1132 b,jw01981021001,nrs2,4,4.499672927304721,4.669412658089702,40,95.91898098874063,81.17336256363033,0.8868841185898922,68.83769018312634,1.0936802162692305,226.62441390960467
GJ-1132,GJ 1132 b,jw01981021001,nrs2,5,4.669412658089702,4.839152388874682,40,166.61555849544337,203.28373231616496,1.061105552097281,240.2353921113166,1.0080670029449517,514.317985836321
GJ-1132,GJ 1132 b,jw01981022001,nrs1,0,2.8618027027535105,2.969235448967721,40,39.965539991799574,57.51681695809036,1.0220219568651405,91.3906763315574,0.44720174202727736,157.1339896180677
GJ-1132,GJ 1132 b,jw01981022001,nrs1,1,2.969235448967721,3.076668195181932,40,87.10418406771198,68.94343053417948,1.0232404660217023,57.67383230851362,1.0988496222380946,200.96021509989984
GJ-1132,GJ 1132 b,jw01981022001,nrs1,2,3.076668195181932,3.1841009413961423,40,86.01058031802542,76.02428694840265,0.8939726283902187,26.408163193877584,1.1799990882069857,167.8955678170294
GJ-1132,GJ 1132 b,jw01981022001,nrs1,3,3.1841009413961423,3.291533687610353,40,59.189330108590646,50.27932615756771,1.0766727801267781,-76.36427108845267,1.0437132446314346,173.73071911708428
GJ-1132,GJ 1132 b,jw01981022001,nrs1,4,3.291533687610353,3.3989664338245635,40,48.36036314566405,50.25424596861546,1.1258839732160169,-44.38257055272695,1.018790515662082,123.93536792734432
GJ-1132,GJ 1132 b,jw01981022001,nrs1,5,3.3989664338245635,3.506399180038774,40,41.78627356918649,46.74099777540266,0.9892367448125187,13.74585771258055,0.8732919036002545,82.48427773389233
GJ-1132,GJ 1132 b,jw01981022001,nrs1,6,3.506399180038774,3.6138319262529848,40,33.051763025156596,29.862772243990644,1.052629073727246,-45.20422333031265,0.9516918631362241,99.57437350669525
GJ-1132,GJ 1132 b,jw01981022001,nrs1,7,3.6138319262529848,3.7212646724671954,40,71.55853694504762,63.98567339199731,0.9837232199310544,14.095495676747037,0.9789298145436257,131.80928895135037
GJ-1132,GJ 1132 b,jw01981022001,nrs2,0,3.820225302612134,3.989967360391428,40,53.91970392344941,59.27355177389128,0.9807863079157432,18.78609181373524,0.8491622637415197,107.48400476780952
GJ-1132,GJ 1132 b,jw01981022001,nrs2,1,3.989967360391428,4.159709418170722,40,66.9222114087449,67.36396715923814,1.136659428190323,-59.75597487680503,1.1179698754055047,169.8430126441904
GJ-1132,GJ 1132 b,jw01981022001,nrs2,2,4.159709418170722,4.329451475950016,40,63.63647247254792,69.9409304921985,1.0634056735863076,-108.85472674262726,0.9399772163806861,213.53672395996858
GJ-1132,GJ 1132 b,jw01981022001,nrs2,3,4.329451475950016,4.499193533729311,40,56.91674175616194,56.93607572490482,0.9576352165984606,61.29727129140306,1.0555791483487145,154.92531148028945
GJ-1132,GJ 1132 b,jw01981022001,nrs2,4,4.499193533729311,4.668935591508605,40,82.93834614800438,93.23787742227991,1.0778527516912764,39.941555262363366,0.9384827960301161,176.37513467583057
GJ-1132,GJ 1132 b,jw01981022001,nrs2,5,4.668935591508605,4.838677649287899,40,426.3490206688038,449.13846987210655,1.0625572680990771,195.9722962675669,0.9588740330502085,897.3164352677492
K2-18,K2-18 b,jw02372004001,nrs1,0,2.861827924598608,2.96926872211858,40,97.19250224593266,82.98743932532034,0.9913935964297377,-42.75556902738446,1.6279241310259416,202.63723522194368
K2-18,K2-18 b,jw02372004001,nrs1,1,2.96926872211858,3.0767095196385523,40,104.04452502238699,135.5455838832567,0.9902056808466939,30.86292646422347,0.8295989383901692,202.01617012605007
K2-18,K2-18 b,jw02372004001,nrs1,2,3.0767095196385523,3.184150317158524,40,98.72790590976624,97.64095175381216,1.0977518486080853,35.44358646653898,0.9367069279616222,197.85099168810444
K2-18,K2-18 b,jw02372004001,nrs1,3,3.184150317158524,3.2915911146784964,40,43.33468743874861,67.1889628068705,0.9337010297247689,93.20907715565114,0.46018465456385194,164.4946379923926
K2-18,K2-18 b,jw02372004001,nrs1,4,3.2915911146784964,3.399031912198468,40,54.38855456873886,49.73193938586098,0.9098514620858331,103.1153928418762,0.9328273167334102,192.58456510745162
K2-18,K2-18 b,jw02372004001,nrs1,5,3.399031912198468,3.50647270971844,40,38.9907427471296,37.89183192022055,1.0442651810106494,93.38655224652236,0.7418160028429069,157.52632406555057
K2-18,K2-18 b,jw02372004001,nrs1,6,3.50647270971844,3.613913507238412,40,41.75838806511628,38.391192320354065,0.9405323366461337,50.622010034596585,1.1343139531596447,119.31455840171286
K2-18,K2-18 b,jw02372004001,nrs1,7,3.613913507238412,3.721354304758384,40,116.30418772421966,100.71227207723786,0.9382039366717091,58.611188960772026,1.143102725995654,249.93157776711337
K2-18,K2-18 b,jw02372004001,nrs2,0,3.82032238134822,3.990077357424214,40,58.214106443592634,54.215678628520955,0.9956759452730495,40.400819762850816,1.0027911338010436,136.1630248625607
K2-18,K2-18 b,jw02372004001,nrs2,1,3.990077357424214,4.1598323335002085,40,21.911652766662904,25.749321375919862,1.0879497179318705,36.05921893749158,0.7574067560423005,72.10388773865205
K2-18,K2-18 b,jw02372004001,nrs2,2,4.1598323335002085,4.329587309576203,40,51.150133390397514,55.171754271546654,1.028070753397824,50.91687640537386,0.7178511815550699,135.0588458325778
K2-18,K2-18 b,jw02372004001,nrs2,3,4.329587309576203,4.499342285652197,40,61.08432521167108,70.90838126631583,1.1153089199628619,5.164681204690956,0.5726835065897907,105.64839617788988
K2-18,K2-18 b,jw02372004001,nrs2,4,4.499342285652197,4.669097261728191,40,96.93111285750342,95.47932996683129,0.9693999327277146,-39.6961009697756,0.9798284665981585,199.14778162036873
K2-18,K2-18 b,jw02372004001,nrs2,5,4.669097261728191,4.838852237804185,40,261.42266494210526,227.21906495679352,0.8487289802329695,21.51461425314448,0.9891715614616171,451.55489808290764
K2-18,K2-18 b,jw02372004001,nrs2,7,5.00860721388018,5.178362189956174,40,338.9461971790268,418.1137195159493,0.8173159972197203,766.8946334722342,0.7436561183867586,1324.4611278317334
K2-18,K2-18 b,jw02372005001,nrs1,0,2.861886311387701,2.969305802669837,40,76.32737117450148,90.68593315698378,1.0392143968412073,-5.074559639137426,0.7593803176314862,130.63308522119237
K2-18,K2-18 b,jw02372005001,nrs1,1,2.969305802669837,3.0767252939519727,40,83.48700141502033,76.99372274961287,1.1685228092898707,10.75625222117689,0.8700103734028504,148.09236954888533
K2-18,K2-18 b,jw02372005001,nrs1,2,3.0767252939519727,3.1841447852341087,40,62.668992998936915,52.888418520847324,0.913344020404129,83.20417718962963,1.5728125262322215,186.29467067288084
K2-18,K2-18 b,jw02372005001,nrs1,3,3.1841447852341087,3.2915642765162447,40,102.45242960456285,93.43077674043879,0.9612763783703617,23.560152447461064,1.1806464735393365,192.09439914696696
K2-18,K2-18 b,jw02372005001,nrs1,4,3.2915642765162447,3.3989837677983807,40,48.98764072190673,50.29985565658903,0.9717264740048812,-2.7993037813984176,0.8379024082860418,83.383972768935
K2-18,K2-18 b,jw02372005001,nrs1,5,3.3989837677983807,3.5064032590805168,40,44.84618618225192,46.74055765484884,0.9991450859090691,7.262612757151944,0.8150263334755954,81.03458902695635
K2-18,K2-18 b,jw02372005001,nrs1,6,3.5064032590805168,3.613822750362652,40,28.96872565774819,33.215537225432136,0.9651449299123546,26.69248224935724,0.757985281239549,74.346035956353
K2-18,K2-18 b,jw02372005001,nrs1,7,3.613822750362652,3.721242241644788,40,76.14033856491805,72.56180234511658,0.8750957389388724,159.76239464543474,1.0358895164743902,285.0132515847249
K2-18,K2-18 b,jw02372005001,nrs2,0,3.820190663027152,3.989911370303823,40,84.32839011068772,104.29260399111045,1.1194771228767537,35.49140253995093,1.391508376743843,174.21160427203225
K2-18,K2-18 b,jw02372005001,nrs2,1,3.989911370303823,4.159632077580494,40,24.11152774387968,27.725586521469612,0.9551433760300383,29.3531055975088,0.7101436906963914,69.01656873619088
K2-18,K2-18 b,jw02372005001,nrs2,2,4.159632077580494,4.329352784857166,40,45.069581386094605,38.17131204953892,0.8229109068157141,12.006652339422669,1.0180832284889114,86.1461137195483
K2-18,K2-18 b,jw02372005001,nrs2,3,4.329352784857166,4.499073492133837,40,151.08213592128385,150.76631539689228,0.9043964095825685,-93.8911986168782,0.8750716227255488,342.42131220739014
K2-18,K2-18 b,jw02372005001,nrs2,4,4.499073492133837,4.668794199410509,40,135.56444281333754,131.54712836292208,0.9564673016454919,-40.18629468518446,1.0180364892164995,263.1898031131247
K2-18,K2-18 b,jw02372005001,nrs2,5,4.668794199410509,4.83851490668718,40,181.42419710376657,197.735714158414,1.0450627213154937,104.35527050518508,0.7981404997025475,402.79807474088113
K2-18,K2-18 b,jw02372007001,nrs1,0,2.862006211143523,2.9693409859620177,40,93.35934947813367,84.44791868700749,0.9623224444668127,76.4461762822622,1.0471267456286437,230.0223061737921
K2-18,K2-18 b,jw02372007001,nrs1,1,2.9693409859620177,3.076675760780512,40,65.68930883678108,83.47641874443124,1.0765469692498164,-36.00042623406411,0.7239649666386555,144.05933927056898
K2-18,K2-18 b,jw02372007001,nrs1,2,3.076675760780512,3.1840105355990067,40,111.33922144347505,95.23962569033924,1.0798867380386594,8.272167304426963,1.4810364360815056,191.42518657894342
K2-18,K2-18 b,jw02372007001,nrs1,3,3.1840105355990067,3.291345310417501,40,57.650088184513834,76.92003730684578,0.9140677009872976,61.7062541761206,0.8881109444509586,156.54064923964586
K2-18,K2-18 b,jw02372007001,nrs1,4,3.291345310417501,3.398680085235996,40,70.04925322788931,62.78092462074194,0.8719342562614498,18.50749893058442,1.4105070289879473,133.73852049046235
K2-18,K2-18 b,jw02372007001,nrs1,5,3.398680085235996,3.5060148600544903,40,31.469347293185905,44.107147700694966,1.1291530529342033,-39.7146527360546,0.6403406805800529,91.48172903334542
K2-18,K2-18 b,jw02372007001,nrs1,6,3.5060148600544903,3.6133496348729848,40,44.65359977242455,42.30340619716404,0.9178712631377907,-3.446515261124831,1.0722146483351624,76.90168688676322
K2-18,K2-18 b,jw02372007001,nrs1,7,3.6133496348729848,3.7206844096914793,40,55.73393724226339,52.73342791444537,1.0379054880794132,-22.615623703722484,0.9930064844768581,114.29795046724576
K2-18,K2-18 b,jw02372007001,nrs2,0,3.81963302629949,3.989354526768324,40,45.00094357678604,47.27668687698582,0.8968044521943763,-53.3047934627778,0.9283523207314008,127.33134564659085
K2-18,K2-18 b,jw02372007001,nrs2,1,3.989354526768324,4.159076027237157,40,46.50920887701428,43.322975030940455,0.9365194078265114,10.68058918054582,1.070764086577767,87.18823778323431
K2-18,K2-18 b,jw02372007001,nrs2,2,4.159076027237157,4.328797527705991,40,40.69666320151394,54.76147546034439,0.9595603250773738,10.218913996493711,0.8723631918156581,77.16492496298414
K2-18,K2-18 b,jw02372007001,nrs2,3,4.328797527705991,4.498519028174824,40,79.52428642482549,69.16354833492056,0.8579339678742693,30.23783222556994,1.2647440528614657,161.05528339440787
K2-18,K2-18 b,jw02372007001,nrs2,4,4.498519028174824,4.668240528643658,40,143.86222574453498,115.49685280693129,1.0505148852907042,33.94663563367718,1.1624145930629992,270.5999969834372
K2-18,K2-18 b,jw02372007001,nrs2,5,4.668240528643658,4.837962029112491,40,536.2757095245272,512.0000870911882,0.7754618494601874,55.43634575093381,1.0827615237576231,937.609887918781
LHS-1140,LHS 1140 b,jw07073024001,nrs1,0,2.84824423036032,3.140621419575656,40,166.44343161801288,144.10626491250937,0.9554512180437467,-176.8989813338631,1.5287812078743315,450.6984263454943
LHS-1140,LHS 1140 b,jw07073024001,nrs1,1,3.140621419575656,3.432998608790992,40,104.75066010386125,130.40347034386272,0.899309371715052,-173.823125512426,0.7975776554929791,346.1379613832778
LHS-1140,LHS 1140 b,jw07073024001,nrs1,2,3.432998608790992,3.725375798006328,40,66.87117288492459,61.53071821719585,1.0523458265843322,-112.61986286278426,1.0814694301652157,222.6229422584852
LHS-1140,LHS 1140 b,jw07073024001,nrs1,3,3.725375798006328,4.017752987221664,40,32.547011605680865,41.17715939413165,1.132462215650616,-64.8151716851203,0.7394738635134296,118.35500577646533
LHS-1140,LHS 1140 b,jw07073024001,nrs1,4,4.017752987221664,4.310130176437,40,67.31226577213867,65.36333679204454,1.02576456710354,-76.79245135195582,0.9377073877783746,187.52112854712394
LHS-1140,LHS 1140 b,jw07073024001,nrs1,5,4.310130176437,4.602507365652336,40,86.6175557286868,77.52981168566697,0.9167007579437579,-37.93123120239984,1.1995508795298249,180.41711037608962
LHS-1140,LHS 1140 b,jw07073024001,nrs1,6,4.602507365652336,4.894884554867672,40,183.10692366904874,172.54178116014165,1.034553729751957,50.28701674083917,1.0595583339504033,351.49790617642435
LHS-1140,LHS 1140 b,jw07073024001,nrs1,7,4.894884554867672,5.187261744083008,40,225.30351937125906,235.7139141644047,1.0131160624535243,149.9615741800452,0.8855606063238426,520.5858635457664
LHS-1140,LHS 1140 b,jw07073025001,nrs1,0,2.849107320303722,3.1409822853726634,40,99.4115551848575,95.45038554592239,1.043373280649745,-156.11023804192743,1.2446945394917608,319.64224632101804
LHS-1140,LHS 1140 b,jw07073025001,nrs1,1,3.1409822853726634,3.432857250441605,40,125.50709977901029,115.99700728757053,0.9238698158770897,-150.14813526991605,1.162229158641258,356.607314406388
LHS-1140,LHS 1140 b,jw07073025001,nrs1,2,3.432857250441605,3.724732215510546,40,13.59780494831941,23.255851315847867,1.033491502364115,-21.921702657849707,0.4669138264496124,44.29009179783514
LHS-1140,LHS 1140 b,jw07073025001,nrs1,3,3.724732215510546,4.016607180579489,40,70.1174960685475,69.94794469330593,0.8833614476343614,-23.001774216239653,0.8961579193611023,138.34505524900027
LHS-1140,LHS 1140 b,jw07073025001,nrs1,4,4.016607180579489,4.30848214564843,40,77.94963690318791,71.56134894355975,0.8941978119074738,-76.94512097373811,1.3768304870087835,205.17227367948223
LHS-1140,LHS 1140 b,jw07073025001,nrs1,5,4.30848214564843,4.600357110717372,40,70.31226243739121,92.97092074001313,1.124135600874556,-67.82117697348276,0.6506955639298015,183.4848486829913
LHS-1140,LHS 1140 b,jw07073025001,nrs1,6,4.600357110717372,4.892232075786314,40,227.4891857154168,229.58345566153417,1.0665273837953275,29.037901556889025,1.268959969010511,403.25761205874966
LHS-1140,LHS 1140 b,jw07073025001,nrs1,7,4.892232075786314,5.184107040855255,40,178.67123340923374,234.78425647593835,0.9856173347116758,176.99960875859102,0.7853478645844575,470.9137877167805
LHS-1140,LHS 1140 b,jw07073026001,nrs1,0,2.8487104171071738,3.140864474469951,40,73.751019698711,59.673897975606415,0.993498378179362,-137.52923185315467,1.6490818373289169,258.84965925753426
LHS-1140,LHS 1140 b,jw07073026001,nrs1,1,3.140864474469951,3.4330185318327286,40,53.29029788113062,60.06791158808867,1.0492708417555154,-128.41206791848643,0.9436525588288918,216.0746079329463
LHS-1140,LHS 1140 b,jw07073026001,nrs1,2,3.4330185318327286,3.725172589195506,40,22.403814242405012,25.609248815357887,0.9950523314593204,-75.90950449907953,0.7153628874274397,112.76377892783577
LHS-1140,LHS 1140 b,jw07073026001,nrs1,3,3.725172589195506,4.017326646558283,40,44.123221004165934,66.37363719769984,1.066134099445415,-35.664613203661816,0.5367790580073096,108.24731175551477
LHS-1140,LHS 1140 b,jw07073026001,nrs1,4,4.017326646558283,4.309480703921061,40,49.68325941171068,47.43005703305606,1.0918616249629052,34.621506732814865,0.9380895480000359,116.35046846507893
LHS-1140,LHS 1140 b,jw07073026001,nrs1,5,4.309480703921061,4.601634761283838,40,116.84928553712264,110.77079850180677,0.902395213481,50.93502947764623,0.9841036444484574,243.15210418621297
LHS-1140,LHS 1140 b,jw07073026001,nrs1,6,4.601634761283838,4.893788818646616,40,88.29903816942009,96.5910144160257,1.0992373839805607,34.43679783878082,0.8010818254716775,179.68871562747685
LHS-1140,LHS 1140 b,jw07073026001,nrs1,7,4.893788818646616,5.185942876009393,40,212.26531428279355,154.66345391095663,0.9438262644375786,-40.97418609117897,1.2955014987768616,390.15062808637435
LHS-1140,LHS 1140 c,jw07073032001,nrs1,0,2.849000433930459,3.140699536999328,40,109.35691434101653,114.70053631141784,1.0019220094053074,-67.33130105207509,0.9432391254703791,247.22342514304728
LHS-1140,LHS 1140 c,jw07073032001,nrs1,1,3.140699536999328,3.432398640068196,40,99.48176675779784,97.17638474030964,1.1952898285337106,-98.5122857027898,0.9131733739780243,262.1597920193673
LHS-1140,LHS 1140 c,jw07073032001,nrs1,2,3.432398640068196,3.724097743137064,40,49.91324278711506,54.81065472379279,1.0800814776857368,-8.403881098214498,0.9859752300028659,90.51116548301877
LHS-1140,LHS 1140 c,jw07073032001,nrs1,3,3.724097743137064,4.015796846205933,40,40.423246512822594,33.864147629119536,1.1054747415629016,-64.21043878323748,1.3394339833388496,130.70667929683066
LHS-1140,LHS 1140 c,jw07073032001,nrs1,4,4.015796846205933,4.307495949274801,40,90.72028245826783,80.79917100425146,1.094392455980746,31.23854507307072,1.0951230506748324,180.4734097169213
LHS-1140,LHS 1140 c,jw07073032001,nrs1,5,4.307495949274801,4.59919505234367,40,104.5222480209641,108.21346466657842,1.0905682119307065,-41.99492127206607,0.8991492476897224,213.934019266552
LHS-1140,LHS 1140 c,jw07073032001,nrs1,6,4.59919505234367,4.890894155412538,40,175.51033569139238,154.21858926696748,1.1809717031700036,-39.88914412625432,1.0317558303148393,328.6036463385948
LHS-1140,LHS 1140 c,jw07073032001,nrs1,7,4.890894155412538,5.182593258481407,40,240.63541309139464,223.0044215607943,1.044638013558708,-126.90499390718156,1.231486236739991,522.7502484425257
LHS-1140,LHS 1140 c,jw07073033001,nrs1,0,2.8489613947171466,3.141067851075136,40,165.45685546156392,174.14684007205514,0.9616408267656918,-136.19947630919222,0.9821291796392404,408.3760035434649
LHS-1140,LHS 1140 c,jw07073033001,nrs1,1,3.141067851075136,3.4331743074331245,40,98.47050886358248,91.46539755854758,0.8780107307215628,-22.28066294368601,0.9986317225674757,184.2646500242792
LHS-1140,LHS 1140 c,jw07073033001,nrs1,2,3.4331743074331245,3.725280763791113,40,68.31035764959609,63.90394595441992,0.8783138112678767,-85.10374628344476,0.9163377875154861,197.47428461703032
LHS-1140,LHS 1140 c,jw07073033001,nrs1,3,3.725280763791113,4.017387220149102,40,47.382350715365554,46.03791552214433,1.0345670106200422,-35.75307738215095,0.9585713255826367,113.69704430892729
LHS-1140,LHS 1140 c,jw07073033001,nrs1,4,4.017387220149102,4.309493676507091,40,67.27088065902905,88.46232417321008,1.038287955057183,-40.02573988667532,0.6948580742131671,150.6863385707781
LHS-1140,LHS 1140 c,jw07073033001,nrs1,5,4.309493676507091,4.60160013286508,40,139.20671350329417,134.09814562517093,0.9750403111813386,-8.915026835616592,1.148849333508465,237.91007054853551
LHS-1140,LHS 1140 c,jw07073033001,nrs1,6,4.60160013286508,4.8937065892230684,40,200.44772704880933,200.52495702112728,0.8575413709503438,119.97716098964769,2.6062214284066854,449.713671984939
LHS-1140,LHS 1140 c,jw07073033001,nrs1,7,4.8937065892230684,5.185813045581058,40,147.83058460628104,203.75190576614784,1.0497496625910068,-34.93139160128849,1.4963251132811302,278.1127032786208
TOI-1685,TOI-1685 b,jw03263001001,nrs1,0,2.8619297421425656,2.9692651864042228,40,83.83524429894108,93.26898306929633,0.9266527038419039,109.11674030406624,1.0682823755453568,247.02571717582433
TOI-1685,TOI-1685 b,jw03263001001,nrs1,1,2.9692651864042228,3.0766006306658804,40,78.95005033202115,66.57109533829075,1.0140152583228403,47.59767530433819,1.0089813607496898,177.470508100513
TOI-1685,TOI-1685 b,jw03263001001,nrs1,2,3.0766006306658804,3.1839360749275376,40,71.81401339205257,84.48065591044774,1.0298824400746205,33.68057505424838,0.78032506343563,151.81462708417484
TOI-1685,TOI-1685 b,jw03263001001,nrs1,3,3.1839360749275376,3.291271519189195,40,76.62946457277451,98.19810772588738,0.8199451071701049,-17.99690471207668,1.1469756108663165,144.05237393429076
TOI-1685,TOI-1685 b,jw03263001001,nrs1,4,3.291271519189195,3.3986069634508524,40,76.52127438144373,75.50160357715797,1.0430856670740458,35.301171835528834,1.1557989842232272,161.17866819300377
TOI-1685,TOI-1685 b,jw03263001001,nrs1,5,3.3986069634508524,3.5059424077125096,40,54.31687638745413,69.64460765907552,1.065042319346819,17.910399542289767,0.854918386799628,107.26166119965181
TOI-1685,TOI-1685 b,jw03263001001,nrs1,6,3.5059424077125096,3.613277851974167,40,63.8646191622268,73.60354294820127,1.0301074132017596,29.715084428927643,1.091155985022043,134.77238295079073
TOI-1685,TOI-1685 b,jw03263001001,nrs1,7,3.613277851974167,3.720613296235825,40,74.92782731311515,72.66721751110627,1.120176387928665,3.000418294903453,0.9240746127517622,126.25669422497786
TOI-1685,TOI-1685 b,jw03263001001,nrs2,0,3.819562640797222,3.9892852956206752,40,57.32731581388809,55.15560245165729,0.9756303060908645,-67.26884765803598,0.9414375154569286,161.5722821718819
TOI-1685,TOI-1685 b,jw03263001001,nrs2,1,3.9892852956206752,4.159007950444128,40,67.96395125650616,60.7860597113141,1.0346517797634596,-21.76157548529356,1.0840641411697678,133.5622753022462
TOI-1685,TOI-1685 b,jw03263001001,nrs2,2,4.159007950444128,4.328730605267581,40,45.460496837026284,52.40803647372717,1.0359051116580842,-25.1498691849634,0.7080861194763076,99.93238648187165
TOI-1685,TOI-1685 b,jw03263001001,nrs2,3,4.328730605267581,4.4984532600910345,40,105.01511810328454,86.12828589730442,0.950671440696038,22.073572607007005,1.0687544708357792,194.82344188691008
TOI-1685,TOI-1685 b,jw03263001001,nrs2,4,4.4984532600910345,4.668175914914488,40,85.4968396568555,84.73551337766816,0.8500533492647042,-19.071436296842467,0.8897859652140848,159.71373753236978
TOI-1685,TOI-1685 b,jw03263001001,nrs2,5,4.668175914914488,4.837898569737941,40,267.21750261514245,230.6394825767236,1.0265440483194446,-79.56430449780345,1.1206133611189302,519.1370962997128
TOI-1685,TOI-1685 b,jw04195001001,nrs1,0,2.861945218061805,2.969280119346575,40,45.42456508831543,38.747309306648106,1.0656301153154293,-92.28444162971248,0.9217398595992358,167.00785119999136
TOI-1685,TOI-1685 b,jw04195001001,nrs1,1,2.969280119346575,3.076615020631345,40,60.855252184477415,57.71565264518198,0.9366231244505351,53.11410609463714,1.1000307066688444,153.22099593810248
TOI-1685,TOI-1685 b,jw04195001001,nrs1,2,3.076615020631345,3.1839499219161147,40,41.32495014424961,47.01413871944468,1.182711678314476,-8.18974247860163,0.8046830257051573,76.16928546589224
TOI-1685,TOI-1685 b,jw04195001001,nrs1,3,3.1839499219161147,3.2912848232008844,40,48.649554132624594,38.27386182649531,1.1025282910110559,94.2339651586224,1.2266959700747837,174.26248170678986
TOI-1685,TOI-1685 b,jw04195001001,nrs1,4,3.2912848232008844,3.398619724485654,40,71.983888412688,66.05352989477151,0.9540833032247168,-7.574501952987956,1.034213178747989,125.98799839185972
TOI-1685,TOI-1685 b,jw04195001001,nrs1,5,3.398619724485654,3.505954625770424,40,41.41179760752239,39.01956166856247,1.0481109146362735,79.90191194773473,0.9490804406168517,148.02431901210906
TOI-1685,TOI-1685 b,jw04195001001,nrs1,6,3.505954625770424,3.6132895270551937,40,22.058145424129034,36.49605896873259,0.8529453653369248,-127.42722019079316,0.5525004812734059,163.71286941348544
TOI-1685,TOI-1685 b,jw04195001001,nrs1,7,3.6132895270551937,3.720624428339963,40,52.11854687365074,50.62108266157405,1.0664149209413298,-73.94085634634072,0.9750607565161783,159.6758659534962
TOI-1685,TOI-1685 b,jw04195001001,nrs2,0,3.819573250734604,3.989295016665008,40,33.63714009041179,37.03372254630598,1.0134059390089454,-161.0615742068061,0.7173226467488659,216.3946696555335
TOI-1685,TOI-1685 b,jw04195001001,nrs2,1,3.989295016665008,4.159016782595411,40,80.02358747904633,84.74080529171265,0.9262033088452848,-19.35139696867237,1.0739380229894189,150.99019837170357
TOI-1685,TOI-1685 b,jw04195001001,nrs2,2,4.159016782595411,4.328738548525815,40,59.83813419560306,55.990052541503935,0.9412328247097842,36.81848672938487,1.006989122984222,135.2522174811519
TOI-1685,TOI-1685 b,jw04195001001,nrs2,3,4.328738548525815,4.498460314456218,40,100.68475094997106,86.8557235109171,0.9692161681318451,33.37557093252813,1.1225431646233388,199.0019862452305
TOI-1685,TOI-1685 b,jw04195001001,nrs2,4,4.498460314456218,4.668182080386622,40,170.63682094146424,143.8810144213042,0.8942119103247821,213.9662599804965,1.5510625941032452,494.6638304292052
TOI-1685,TOI-1685 b,jw04195001001,nrs2,5,4.668182080386622,4.837903846317025,40,162.70547782605058,151.7450765231819,0.7538846031975497,488.88165521081015,1.1469780947140262,756.5321662346634
TOI-1685,TOI-1685 b,jw04195001001,nrs2,7,5.007625612247429,5.177347378177832,26,215.51250449875897,532.1664108945481,1.4057341807037913,951.6973932357594,0.5767845195455891,1306.2154631362177
TOI-1685,TOI-1685 b,jw04195002001,nrs1,0,2.8615103233790617,2.9689299817875265,40,44.884075703774045,54.67014297702814,1.0915858835944805,-118.46549475685389,0.957168394006679,192.2997992895622
TOI-1685,TOI-1685 b,jw04195002001,nrs1,1,2.9689299817875265,3.076349640195992,40,34.32374092179475,43.55516951015814,1.0194242915729712,-12.725052823768037,0.7619924397471756,69.1876066401204
TOI-1685,TOI-1685 b,jw04195002001,nrs1,2,3.076349640195992,3.183769298604456,40,45.41744352856174,41.07864395901933,0.9332064941389264,-2.552950940253691,0.9655766230791437,77.26464554473776
TOI-1685,TOI-1685 b,jw04195002001,nrs1,3,3.183769298604456,3.291188957012921,40,33.61745135877162,51.11769919368771,1.082671849323244,63.9344066368663,0.5458036938736132,119.23511412204562
TOI-1685,TOI-1685 b,jw04195002001,nrs1,4,3.291188957012921,3.3986086154213857,40,49.699077156756765,49.30124731416106,0.8743009870316094,-11.266444916059193,0.9619293816660528,93.02142683892407
TOI-1685,TOI-1685 b,jw04195002001,nrs1,5,3.3986086154213857,3.5060282738298505,40,46.229104877595105,51.50218931708374,1.0276126235198573,88.73665348725613,0.9175612658567392,164.78353101090008
TOI-1685,TOI-1685 b,jw04195002001,nrs1,6,3.5060282738298505,3.6134479322383153,40,54.001128818243956,40.81050290297784,0.9810893096913819,-55.56138814231373,1.1808062890090103,144.39324504832504
TOI-1685,TOI-1685 b,jw04195002001,nrs1,7,3.6134479322383153,3.72086759064678,40,40.68684298101005,41.9846403613011,1.0567647672503102,77.965287036978,0.9847677590200835,144.8951437407395
TOI-1685,TOI-1685 b,jw04195002001,nrs2,0,3.819816307503048,3.989537652296524,40,58.25886907336475,55.52709204323196,0.9554056508761658,-2.484746944669933,1.1513363567368406,98.32058657035495
TOI-1685,TOI-1685 b,jw04195002001,nrs2,1,3.989537652296524,4.15925899709,40,35.70189700897086,37.64839098704328,0.899317057067413,-4.936310099921959,1.0926764426631108,63.66593067967903
TOI-1685,TOI-1685 b,jw04195002001,nrs2,2,4.15925899709,4.328980341883476,40,31.569145349339184,39.151483245964805,1.0310471739057392,32.193993492725504,0.7143641340646721,84.12523759238846
TOI-1685,TOI-1685 b,jw04195002001,nrs2,3,4.328980341883476,4.498701686676952,40,95.83602394558334,89.32096970192828,0.9964515304881231,53.65647243387036,1.317938944082774,211.30673182435496
TOI-1685,TOI-1685 b,jw04195002001,nrs2,4,4.498701686676952,4.668423031470428,40,96.68396220473177,81.76509930773469,1.0617717164416889,-182.776101262731,1.3644139819912418,341.8212190895148
TOI-1685,TOI-1685 b,jw04195002001,nrs2,5,4.668423031470428,4.838144376263904,40,174.25199693941678,174.2582263842131,0.9597890198278238,-7.017071268004848,0.8832338199570264,293.6616062333454
TOI-1685,TOI-1685 b,jw04195002001,nrs2,7,5.00786572105738,5.177587065850856,26,244.71825892083612,425.7393211155596,0.6629511272767491,-668.0773105170513,0.5484759024305175,1070.6388464418267
TOI-1685,TOI-1685 b,jw04195003001,nrs1,0,2.8617391449464544,2.9690742420659344,40,79.35031647903729,66.4744888820351,0.9794525111416474,-17.43940630098402,1.275549501629907,147.97067690900036
TOI-1685,TOI-1685 b,jw04195003001,nrs1,1,2.9690742420659344,3.0764093391854144,40,35.15428657261994,47.75181365761359,1.119370938065383,-112.48262542861504,0.8161688092838638,170.31142684057482
TOI-1685,TOI-1685 b,jw04195003001,nrs1,2,3.0764093391854144,3.1837444363048943,40,53.59123385795329,54.74457686994126,1.0771388742730157,55.20123639499109,0.9981384737750202,143.35881609132426
TOI-1685,TOI-1685 b,jw04195003001,nrs1,3,3.1837444363048943,3.291079533424374,40,77.02593128032964,93.38785975024747,1.03551897703903,-25.18858709618698,0.9678558901891147,151.89624405232922
TOI-1685,TOI-1685 b,jw04195003001,nrs1,4,3.291079533424374,3.3984146305438543,40,54.133238720893964,55.20207305169128,1.0188436497946243,31.357456909293365,0.952888638036427,120.40663460516393
TOI-1685,TOI-1685 b,jw04195003001,nrs1,5,3.3984146305438543,3.505749727663334,40,50.862021851239874,56.39062190448482,1.0113623469740132,-11.915174252894486,0.7504507577309013,95.58320019818409
TOI-1685,TOI-1685 b,jw04195003001,nrs1,6,3.505749727663334,3.613084824782814,40,48.8064375573712,43.649016605073115,0.9780621520222629,199.17082784579927,1.3081462200980938,279.4574176276749
TOI-1685,TOI-1685 b,jw04195003001,nrs1,7,3.613084824782814,3.7204199219022938,40,78.55247275952517,73.61069870087003,0.8619916219220012,100.02214871178492,1.3465586797240685,229.24096640120382
TOI-1685,TOI-1685 b,jw04195003001,nrs2,0,3.819368890279301,3.98909116483544,40,46.27405847331234,74.61890610573668,1.0780594278711717,-7.1142895620834175,0.737358528557958,83.23511575068221
TOI-1685,TOI-1685 b,jw04195003001,nrs2,1,3.98909116483544,4.158813439391579,40,75.67629222748135,71.27743180721228,0.9442389878163462,-21.19463777122135,1.287996258034909,145.68213848542817
TOI-1685,TOI-1685 b,jw04195003001,nrs2,2,4.158813439391579,4.328535713947718,40,66.96375829975135,57.21861625432781,1.0000627082992313,-3.976980614514764,1.0272638264622647,114.13236301760573
TOI-1685,TOI-1685 b,jw04195003001,nrs2,3,4.328535713947718,4.498257988503857,40,50.15043894385873,54.48762333351585,1.0142449662080357,-10.031431343105089,0.7206455504768637,92.5289034057527
TOI-1685,TOI-1685 b,jw04195003001,nrs2,4,4.498257988503857,4.667980263059997,40,65.06698373280528,97.16011828156522,0.9841168635465994,-139.75750258329367,0.7279493751823108,246.79269082375836
TOI-1685,TOI-1685 b,jw04195003001,nrs2,5,4.667980263059997,4.837702537616135,40,197.33500148347224,236.06550844047803,1.0151475520579143,123.05811826574865,0.8584706563951342,447.67419570606046
TOI-1685,TOI-1685 b,jw04195104001,nrs1,0,2.861846381978652,2.969370875383745,40,58.09833485115358,64.8101841643913,0.9382585248348523,37.81340591589794,0.8335691617881816,133.38516674604557
TOI-1685,TOI-1685 b,jw04195104001,nrs1,1,2.969370875383745,3.0768953687888385,40,65.77416973129496,65.17370534239275,0.9687888188215956,90.75365227776854,0.7666292031773297,198.95216148574875
TOI-1685,TOI-1685 b,jw04195104001,nrs1,2,3.0768953687888385,3.184419862193932,40,113.94420914146548,101.60477402208436,1.0100819574184576,140.87187657023836,1.1831156956735842,328.31010060794904
TOI-1685,TOI-1685 b,jw04195104001,nrs1,3,3.184419862193932,3.291944355599025,40,100.16063345055589,102.33311645077937,1.055773998673707,78.31997212868168,0.9239669124789881,243.08421415484614
TOI-1685,TOI-1685 b,jw04195104001,nrs1,4,3.291944355599025,3.3994688490041183,40,61.99080590060525,64.23526669244781,1.1396902918552,-66.00644233229814,1.0428755689335947,167.98131803879377
TOI-1685,TOI-1685 b,jw04195104001,nrs1,5,3.3994688490041183,3.506993342409212,40,49.87445977959672,53.20266594557956,1.0653474088570138,5.798922841517614,0.7393783857565758,87.84240917895421
TOI-1685,TOI-1685 b,jw04195104001,nrs1,6,3.506993342409212,3.614517835814305,40,46.57844695557335,59.40030474072202,1.0733853853722017,57.79377216718392,0.7269735013214945,134.41531740910207
TOI-1685,TOI-1685 b,jw04195104001,nrs1,7,3.614517835814305,3.7220423292194,40,57.917429086819126,63.93374366007274,1.1582301198157996,24.307574034315305,0.7899500033327708,119.58174488213277
TOI-1685,TOI-1685 b,jw04195104001,nrs2,0,3.821009262337536,3.990761658879896,40,57.36185733063616,62.88162322257548,0.9289266682750447,-140.53421232598177,0.7065408131962142,234.89446763487825
TOI-1685,TOI-1685 b,jw04195104001,nrs2,1,3.990761658879896,4.160514055422255,40,73.93922135809301,64.16724097858945,0.8725181235591785,8.259590453565968,0.9291266650503907,129.88960958762897
TOI-1685,TOI-1685 b,jw04195104001,nrs2,2,4.160514055422255,4.330266451964614,40,51.21305446911716,59.114328365623194,1.0500503742781264,-88.35846195463967,0.7329890225181256,172.6039365563374
TOI-1685,TOI-1685 b,jw04195104001,nrs2,3,4.330266451964614,4.500018848506974,40,79.61796797693535,100.04666918789822,1.0352361582335323,67.48906922017896,0.9380169820632351,198.4606265422376
TOI-1685,TOI-1685 b,jw04195104001,nrs2,4,4.500018848506974,4.669771245049333,40,125.27636315876298,130.88396503358285,1.0488092327123073,12.33444697876381,0.8840534093616188,218.41406437492893
TOI-1685,TOI-1685 b,jw04195104001,nrs2,5,4.669771245049333,4.8395236415916925,40,386.0552408310237,379.1365829645525,0.8769464115307493,670.7039623354572,0.9629750815601865,1305.764833502491
TOI-776,TOI-776 c,jw02512003001,nrs1,0,2.861493050972169,2.9689180615271766,40,119.09508737124408,81.80929466355387,0.9964407533286046,-6.319323704326871,1.4851239718282674,202.23074243002338
TOI-776,TOI-776 c,jw02512003001,nrs1,1,2.9689180615271766,3.0763430720821847,40,94.54656382312814,103.21329827710835,1.1754159323944655,19.98448347875705,0.9580571355510089,175.51358096780285
TOI-776,TOI-776 c,jw02512003001,nrs1,2,3.0763430720821847,3.183768082637193,40,171.77920826356115,164.21973014008347,1.0049590907743509,23.68080640414864,1.1355481783079906,306.2576039977067
TOI-776,TOI-776 c,jw02512003001,nrs1,3,3.183768082637193,3.2911930931922004,40,189.22575285396601,152.29721913598436,0.8692433499581849,-64.56039301205537,1.1986233299131779,375.8367564568295
TOI-776,TOI-776 c,jw02512003001,nrs1,4,3.2911930931922004,3.398618103747208,40,110.20004906978916,110.72872751106009,0.8737309920269744,-37.962575733385336,1.2159681233634172,219.2416564531885
TOI-776,TOI-776 c,jw02512003001,nrs1,5,3.398618103747208,3.506043114302216,40,41.91305659196985,50.5804705041734,0.9076678424537175,-56.04822856004692,0.5546475049335525,124.99520665383733
TOI-776,TOI-776 c,jw02512003001,nrs1,6,3.506043114302216,3.613468124857224,40,89.36178786938301,74.51634835364867,0.8476052467857541,-57.60751697371892,1.134422819781499,204.60765801885398
TOI-776,TOI-776 c,jw02512003001,nrs1,7,3.613468124857224,3.720893135412232,40,94.29608704954795,112.68454126490145,1.009253530344843,-16.86530355495051,1.0888517571222738,171.98236675145688
TOI-776,TOI-776 c,jw02512003001,nrs2,0,3.819846811472352,3.989576792564478,40,50.70511523459572,53.9023390696126,1.0249754523229222,24.8697437585457,0.8939267273851689,108.27965831945566
TOI-776,TOI-776 c,jw02512003001,nrs2,1,3.989576792564478,4.159306773656604,40,83.11846486521421,90.2083389194719,0.9787462025781495,32.02637442176952,0.9263418568587064,168.7562491250469
TOI-776,TOI-776 c,jw02512003001,nrs2,2,4.159306773656604,4.32903675474873,40,58.85526164444554,69.2694240017278,0.94279661485404,-22.80601750685176,0.8512690223891208,119.62292291196468
TOI-776,TOI-776 c,jw02512003001,nrs2,3,4.32903675474873,4.498766735840856,40,81.25426522200623,69.45550321453294,0.9378019241936103,108.7637014693505,1.5496033514644505,242.42696775955073
TOI-776,TOI-776 c,jw02512003001,nrs2,4,4.498766735840856,4.668496716932982,40,51.89256113482168,60.94359802653171,0.9607352427843036,131.2027048174408,0.810956663214143,216.56596788422246
TOI-776,TOI-776 c,jw02512003001,nrs2,5,4.668496716932982,4.838226698025107,40,287.76780982784555,342.7760912968024,1.039655592291412,-30.66893331489832,0.8031340829282562,504.0469804817042
TOI-776,TOI-776 c,jw02512004001,nrs1,0,2.861530453545439,2.9689537175170906,40,86.20496208391785,87.66312013099078,1.0310136770091025,-23.488082680828875,1.0782614965843822,165.29524530887375
TOI-776,TOI-776 c,jw02512004001,nrs1,1,2.9689537175170906,3.076376981488742,40,71.8208501852086,74.55212964586936,0.870000416275739,-71.48434735451269,0.8388325692547824,189.62964590918085
TOI-776,TOI-776 c,jw02512004001,nrs1,2,3.076376981488742,3.183800245460393,40,112.28319176683098,117.98136829934654,0.9705837726828418,-51.59609652448036,0.8416886946745152,236.3019469809173
TOI-776,TOI-776 c,jw02512004001,nrs1,3,3.183800245460393,3.291223509432045,40,169.28856141876466,145.233682657943,1.0730913307262548,-171.32329092889677,1.4438236882325872,449.8029744627646
TOI-776,TOI-776 c,jw02512004001,nrs1,4,3.291223509432045,3.398646773403696,40,117.76616553155107,109.51282114776944,0.8622406186361633,-163.81059615095154,0.9479537337977398,357.53593845035306
TOI-776,TOI-776 c,jw02512004001,nrs1,5,3.398646773403696,3.5060700373753475,40,61.7232580291755,84.01655667552943,0.9826821639069604,-95.68309071277828,0.7969958597200556,197.21785017077195
TOI-776,TOI-776 c,jw02512004001,nrs1,6,3.5060700373753475,3.613493301346999,40,44.39508464572811,64.02003409782118,0.9928244904896002,-60.526763249776295,0.6777882254968955,133.55667749199904
TOI-776,TOI-776 c,jw02512004001,nrs1,7,3.613493301346999,3.7209165653186496,40,44.54126963970038,47.8795810182016,0.9933383075442546,-6.488054791553262,1.1314232130011515,79.7584433488604
TOI-776,TOI-776 c,jw02512004001,nrs2,0,3.819868595222458,3.989595703010668,40,33.18616156611658,34.46189565739385,0.9591702452706122,-17.238164764934808,0.7515153213626363,71.82940054119658
TOI-776,TOI-776 c,jw02512004001,nrs2,1,3.989595703010668,4.159322810798878,40,25.03434624759783,21.413882815438374,1.0375816464123244,-44.33400856849849,1.21684484776929,85.51550814579693
TOI-776,TOI-776 c,jw02512004001,nrs2,2,4.159322810798878,4.3290499185870885,40,171.9741437585851,151.26743279298523,1.0320076434162027,155.88886240195603,1.2228372648820842,438.7863288848285
TOI-776,TOI-776 c,jw02512004001,nrs2,3,4.3290499185870885,4.498777026375299,40,82.58968689912723,88.79131481187927,1.0588093780584658,160.90985066226455,1.1124266068386433,296.76988561132885
TOI-776,TOI-776 c,jw02512004001,nrs2,4,4.498777026375299,4.668504134163509,40,76.1411353390617,70.41595564881949,1.122884327071674,85.64850060933027,0.9517130381075279,210.9006682420868
TOI-776,TOI-776 c,jw02512004001,nrs2,5,4.668504134163509,4.83823124195172,40,187.32817322360395,217.01178962801566,0.9773340349896255,402.5445819685792,0.8204843312297981,710.6994269214077
TOI-776,TOI-776 b,jw02512005001,nrs1,0,2.86193013214717,2.9692675886068045,40,71.23033304850561,60.36793112209097,0.9144781758687005,-151.6398849759267,1.1147522063427087,268.81378284071843
TOI-776,TOI-776 b,jw02512005001,nrs1,1,2.9692675886068045,3.07660504506644,40,88.53901161277766,72.71501496313067,0.9103934647172071,-144.1422598428098,1.0002419470224253,289.78893394582906
TOI-776,TOI-776 b,jw02512005001,nrs1,2,3.07660504506644,3.1839425015260736,40,110.88791254776653,122.00575770046142,0.9216835026506155,-125.11454356176066,1.065746643430604,307.5251597028366
TOI-776,TOI-776 b,jw02512005001,nrs1,3,3.1839425015260736,3.291279957985708,40,140.25418341919456,128.0848720662513,0.8611168404636411,-230.11697368460457,1.2579232307925357,460.8351054091796
TOI-776,TOI-776 b,jw02512005001,nrs1,4,3.291279957985708,3.3986174144453427,40,65.82196980666697,81.62395993432064,1.1033566692427685,-39.96340141738193,0.8143903368956542,148.24054174934912
TOI-776,TOI-776 b,jw02512005001,nrs1,5,3.3986174144453427,3.505954870904977,40,37.86989332237708,46.10258980542842,1.107484724412932,-28.584752091322823,0.7669370232251606,90.88072660663312
TOI-776,TOI-776 b,jw02512005001,nrs1,6,3.505954870904977,3.6132923273646114,40,38.18639790560145,35.233743782595525,1.199906127368724,-3.4654620231858995,0.9950283137989466,66.28208657790029
TOI-776,TOI-776 b,jw02512005001,nrs1,7,3.6132923273646114,3.720629783824246,40,49.358138098211164,54.472262028070226,0.9425780516931455,-94.94797550329572,0.9260443848078496,176.14211267485308
TOI-776,TOI-776 b,jw02512005001,nrs2,0,3.819580955478861,3.989306857983288,40,48.54701717252962,56.287621889332165,1.0092696932987129,-76.3104228156962,0.9015413147807975,156.17026606450742
TOI-776,TOI-776 b,jw02512005001,nrs2,1,3.989306857983288,4.159032760487714,40,42.48423253700523,39.29587655913872,1.053791127783912,-85.6104594444088,0.9510033715202705,155.49702196778242
TOI-776,TOI-776 b,jw02512005001,nrs2,2,4.159032760487714,4.328758662992142,40,18.27783563567301,21.936998063217633,0.8820196405620903,-68.92865235713153,0.6677228719725801,98.99569197781364
TOI-776,TOI-776 b,jw02512005001,nrs2,3,4.328758662992142,4.498484565496568,40,55.52762258696401,61.36564309883557,0.9255860195466878,-55.71260456285938,1.0282559104599518,147.05554371841518
TOI-776,TOI-776 b,jw02512005001,nrs2,4,4.498484565496568,4.668210468000995,40,65.62212460755379,58.249558411591806,0.8572890283488844,-84.78036237697599,0.992661423555321,192.72875735640196
TOI-776,TOI-776 b,jw02512005001,nrs2,5,4.668210468000995,4.837936370505421,40,101.45148404108738,79.56613626273865,0.9262438122143095,-139.51598069775932,1.189185536746768,306.40367194534804
TOI-776,TOI-776 b,jw02512005001,nrs2,7,5.007662273009848,5.177388175514275,40,380.26388365708783,359.356299000277,0.9783484951108933,236.16798912179289,1.0671312050261226,861.7020777377023
TOI-776,TOI-776 b,jw02512006001,nrs1,0,2.8620083763449493,2.9693472007189445,40,31.07866949330709,29.64252994147246,1.0160830792352729,36.29553642009941,1.1048987450629586,87.41994773658956
TOI-776,TOI-776 b,jw02512006001,nrs1,1,2.9693472007189445,3.07668602509294,40,80.88810959289066,83.75960965322221,1.0481224129342592,-121.47376614723156,1.0963312898600321,254.53470642753672
TOI-776,TOI-776 b,jw02512006001,nrs1,2,3.07668602509294,3.1840248494669354,40,149.5787732482949,125.08978330117186,1.075321584140047,-174.076409707676,1.3638828511258774,420.1334917011211
TOI-776,TOI-776 b,jw02512006001,nrs1,3,3.1840248494669354,3.29136367384093,40,115.89044339171008,126.96845581977898,0.8700572288930447,-272.45281658046827,0.8221112056607618,463.0925959598313
TOI-776,TOI-776 b,jw02512006001,nrs1,4,3.29136367384093,3.398702498214926,40,57.48210315259822,66.7943972103636,0.9062395189996557,-9.368338544999594,0.8492808325149587,103.92639823102367
TOI-776,TOI-776 b,jw02512006001,nrs1,5,3.398702498214926,3.506041322588921,40,111.2252533704595,97.15226819193542,1.037459403739285,-160.30146560357682,1.4502759692212586,343.2670073979827
TOI-776,TOI-776 b,jw02512006001,nrs1,6,3.506041322588921,3.6133801469629168,40,41.42752211834638,51.09195518772802,0.8259126922416287,-43.94200205764555,0.8307130548307196,112.09027594232535
TOI-776,TOI-776 b,jw02512006001,nrs1,7,3.6133801469629168,3.720718971336912,40,99.0025705026878,93.46239799167849,1.0453147481585467,-62.83476980392948,1.1769638034091994,225.6939982808509
TOI-776,TOI-776 b,jw02512006001,nrs2,0,3.819671276321525,3.9893992817174295,40,61.48327944092338,69.05994992020764,0.8068393178794675,-53.28426805297978,0.7658223110879528,154.42426273329875
TOI-776,TOI-776 b,jw02512006001,nrs2,1,3.9893992817174295,4.159127287113334,40,54.9704521280448,58.52800311465459,0.9888732662099048,-41.53312236228378,0.739966644439717,131.95951611291747
TOI-776,TOI-776 b,jw02512006001,nrs2,2,4.159127287113334,4.328855292509237,40,36.76023730244363,59.76256782537102,0.9852297272471228,46.66753363484098,0.6510265705424706,107.13812399736074
TOI-776,TOI-776 b,jw02512006001,nrs2,3,4.328855292509237,4.498583297905141,40,100.11830156991677,87.57157568276304,0.8842762513194103,25.60100106393159,1.5579759687395491,190.29560714644467
TOI-776,TOI-776 b,jw02512006001,nrs2,4,4.498583297905141,4.668311303301046,40,37.3009132399148,37.141699402321635,0.9594104147040408,-86.91010347541925,0.9838888172969643,148.2701057550791
