dd_ppm,dd_err_boot_ppm,k_in,k_eg,depth_ppm,ramp_model,sigma_ppm,chi2_red,n_pts,target,planet,visit,det,bin,wave_lo_um,wave_hi_um,spot_flag,dd_white_ppm,sigma_cal_ppm,sigma_resid_ppm,bias_slope,z_cal,p_cal,fdr_pass,band,ul95_ppm
54.83067192267512,88.8853849155554,0.0475689948349421,0.0481418730579672,2289.4439743218986,quad,413.6099128371192,1.0613274509479147,814,GJ-1132,GJ 1132 b,jw01981021001,nrs1,0,2.8616225868637777,2.9691390621089435,0,-12.705860538788238,57.96216730509405,81.30106522358649,0.8923135875968542,0.9459734594475091,0.3441621233675015,False,cont,150.17843713955483
49.71625849927667,54.84817919207485,0.0486850067215756,0.0491929480513126,2394.1420096707434,quad_exp,365.1986419271131,1.0895337458557348,814,GJ-1132,GJ 1132 b,jw01981021001,nrs1,1,2.9691390621089435,3.0766555373541093,0,-12.705860538788238,45.46442134540646,48.50285028854677,1.0052058480896306,1.0935200983108917,0.2741655095234308,False,cont,124.50523161247028
74.04228219751131,42.46342987307695,0.0477917101560308,0.0485601672344275,2320.1425968099293,linear,352.3709819603199,0.9662833500081336,814,GJ-1132,GJ 1132 b,jw01981021001,nrs1,2,3.0766555373541093,3.184172012599275,0,-12.705860538788238,27.783985975999883,29.084654773796764,0.92941080514996,2.664926560986241,0.007700513715426821,False,cont,119.74693912803113
-20.05229479013328,55.29433629468473,0.0477000178331425,0.0474893609821397,2265.366620386954,linear,336.9140719892113,1.083749477191797,814,GJ-1132,GJ 1132 b,jw01981021001,nrs1,3,3.184172012599275,3.291688487844441,0,-12.705860538788238,70.04082378380807,56.73521463820528,1.0345429784008184,-0.2862943881418045,0.7746526559440678,False,CH4,135.26944991449756
-128.98125575159244,53.64421190225303,0.0486624501903175,0.0473186306096609,2299.3987821570104,quad,331.2098515724596,1.066117490182797,814,GJ-1132,GJ 1132 b,jw01981021001,nrs1,4,3.291688487844441,3.399204963089608,0,-12.705860538788238,48.97874339001726,58.65213005773148,1.035766240432726,-2.633412922102063,0.008453150835736438,False,CH4,209.55128862817082
26.226509309411338,36.90830384929485,0.0484285984714987,0.0486986207117107,2358.0941015578906,quad,327.73019655469346,1.0054810533168814,814,GJ-1132,GJ 1132 b,jw01981021001,nrs1,5,3.399204963089608,3.506721438334773,0,-12.705860538788238,33.354354230208166,32.24903702983925,1.036304068492533,0.7862994177131655,0.4316920935371149,False,cont,81.09442201810377
11.218658117713442,35.84803567368245,0.0480734878125221,0.0481900289331561,2316.6276303755994,linear,314.6596364655242,1.1126069944301873,814,GJ-1132,GJ 1132 b,jw01981021001,nrs1,6,3.506721438334773,3.614237913579939,0,-12.705860538788238,27.04328716905906,35.56613379248548,0.9156756654240732,0.41484077167028,0.6782584703773452,False,cont,55.704865510815594
-3.01029244838746,48.77267286795947,0.0480230124171865,0.0479916599960125,2305.1394385689587,linear,381.3128282987258,1.0725379726338984,814,GJ-1132,GJ 1132 b,jw01981021001,nrs1,7,3.614237913579939,3.721754388825105,0,-12.705860538788238,56.90125597098466,53.31707828195096,0.9449620580539426,-0.05290379618197675,0.9578085597183573,False,cont,96.61285852065723
-55.86343153770376,46.47892965226255,0.0493903491076279,0.0488215439476842,2412.026046428481,linear,354.87140159094184,0.9712764115019163,814,GJ-1132,GJ 1132 b,jw01981021001,nrs2,0,3.8207140041647993,3.99045373494978,0,158.12116456575012,70.50360884418232,58.47737059706743,1.1017100672754092,-0.792348540074958,0.4281574760077246,False,cont,171.84186808638367
-39.393423252635614,50.84966910928825,0.0488013110270727,0.0483960177567168,2361.972715949792,linear,301.08971734549914,1.1435575988910922,814,GJ-1132,GJ 1132 b,jw01981021001,nrs2,1,3.99045373494978,4.160193465734761,0,158.12116456575012,46.89589605598561,42.13378328498336,0.9962309268105516,-0.840018563790884,0.4008979781142922,False,cont,116.53717226473194
70.97180481885432,75.33813684311852,0.0474317240896407,0.0481740620555778,2284.191542891446,quad,363.2548859137476,0.9810892945703276,814,GJ-1132,GJ 1132 b,jw01981021001,nrs2,2,4.160193465734761,4.329933196519741,0,158.12116456575012,55.926926684198776,67.85757974618245,0.8922909207493211,1.2690095634900358,0.20443765316072615,False,CO2,162.9715992143613
22.372366973355888,78.66974371134756,0.047457808545462,0.0476929340564311,2263.193500184305,quad,465.0928898906415,1.050446159410059,814,GJ-1132,GJ 1132 b,jw01981021001,nrs2,3,4.329933196519741,4.499672927304721,0,158.12116456575012,58.58376395617746,81.46355737731062,1.0094949680735443,0.3818868140683337,0.7025453212465633,False,CO2,118.74265868126781
68.83769018312634,87.70294969396092,0.0470686985974834,0.047794351945014,2248.86483640332,quad,522.9908069862063,1.1666284128983826,814,GJ-1132,GJ 1132 b,jw01981021001,nrs2,4,4.499672927304721,4.669412658089702,0,158.12116456575012,95.91898098874064,81.17336256363033,0.8868841185898922,0.7176649446599812,0.4729639029461179,False,CO,226.6244139096047
240.2353921113166,165.28222628922006,0.0426264390074851,0.0453569034940676,1934.701375194043,quad,1431.179168699667,1.135436441788131,814,GJ-1132,GJ 1132 b,jw01981021001,nrs2,5,4.669412658089702,4.839152388874682,0,158.12116456575012,166.61555849544337,203.28373231616496,1.061105552097281,1.441854495946647,0.14934342544534945,False,cont,514.317985836321
91.3906763315574,89.36803289411571,0.0489472883553707,0.0498721135874084,2439.9924924542934,quad,417.8398793937074,1.0453851076201028,814,GJ-1132,GJ 1132 b,jw01981022001,nrs1,0,2.8618027027535105,2.969235448967721,0,97.34866736868042,39.96553999179957,57.51681695809036,1.0220219568651403,2.2867369326251974,0.02221118260941374,False,cont,157.1339896180677
57.67383230851362,79.26852073744315,0.0490065512762974,0.0495914902004858,2429.616122015679,quad,342.9059249967506,1.1002970917499806,814,GJ-1132,GJ 1132 b,jw01981022001,nrs1,1,2.969235448967721,3.076668195181932,0,97.34866736868042,87.10418406771198,68.94343053417948,1.0232404660217025,0.6621247064742589,0.5078913031285438,False,cont,200.96021509989984
26.408163193877584,72.89037862624022,0.0494627357283753,0.0497289693129565,2459.321297298475,quad,324.7778124955648,1.0484854499625191,814,GJ-1132,GJ 1132 b,jw01981022001,nrs1,2,3.076668195181932,3.1841009413961423,0,97.34866736868042,86.01058031802542,76.02428694840265,0.8939726283902187,0.3070338916006961,0.7588175755312278,False,cont,167.8955678170294
-76.36427108845267,56.71033726269528,0.0503733564317939,0.0496095834201024,2500.0454654806995,quad,312.6166003597664,1.0878389601758018,814,GJ-1132,GJ 1132 b,jw01981022001,nrs1,3,3.1841009413961423,3.291533687610353,0,97.34866736868042,59.189330108590646,50.27932615756771,1.076672780126778,-1.2901695448884507,0.19699179778955722,False,CH4,173.73071911708428
-44.38257055272695,47.4684072949345,0.0497246546623913,0.0492763504202711,2450.8423542928017,quad,338.6378650922873,1.0920288462753465,814,GJ-1132,GJ 1132 b,jw01981022001,nrs1,4,3.291533687610353,3.3989664338245635,0,97.34866736868042,48.36036314566405,50.25424596861546,1.1258839732160169,-0.9177468419549338,0.3587514180975412,False,CH4,123.93536792734432
13.74585771258055,47.849148030477984,0.0490776282674099,0.0492174710246946,2415.216540966984,quad,362.3511564003356,0.884617826032596,814,GJ-1132,GJ 1132 b,jw01981022001,nrs1,5,3.3989664338245635,3.506399180038774,0,97.34866736868042,41.78627356918649,46.74099777540266,0.9892367448125188,0.3289562944592611,0.7421887231201334,False,cont,82.48427773389233
-45.20422333031265,34.72947947273308,0.0493162807224374,0.0488558217714526,2409.802211885979,linear,368.5815735414577,0.9051612922802428,814,GJ-1132,GJ 1132 b,jw01981022001,nrs1,6,3.506399180038774,3.6138319262529848,0,97.34866736868042,33.0517630251566,29.862772243990644,1.052629073727246,-1.367679639234569,0.1714123758891889,False,cont,99.57437350669527
14.095495676747037,73.09874097399721,0.0496968791326866,0.0498384920639219,2476.540018490283,quad,390.5600793638681,1.05331073327214,814,GJ-1132,GJ 1132 b,jw01981022001,nrs1,7,3.6138319262529848,3.7212646724671954,0,97.34866736868042,71.55853694504762,63.98567339199731,0.9837232199310544,0.19697853363843193,0.8438443363461074,False,cont,131.80928895135037
18.78609181373524,63.49752718152142,0.0473022362841116,0.04750039630668,2246.4712129297127,quad,369.4824097324165,1.0345018323744757,814,GJ-1132,GJ 1132 b,jw01981022001,nrs2,0,3.820225302612134,3.989967360391428,0,-7.489239310463653,53.91970392344941,59.27355177389128,0.9807863079157432,0.3484086604111574,0.72753329943051,False,cont,107.48400476780952
-59.75597487680503,59.86047824810234,0.0468991267822303,0.0462576709104436,2169.6660506198505,linear,320.3421151865073,1.1872532605327153,814,GJ-1132,GJ 1132 b,jw01981022001,nrs2,1,3.989967360391428,4.159709418170722,0,-7.489239310463653,66.9222114087449,67.36396715923814,1.136659428190323,-0.8929169197925901,0.37190166548230963,False,cont,169.8430126441904
-108.85472674262726,67.70001587652894,0.0469582643870328,0.0457845374280428,2151.7299564764603,linear,344.5684404338387,1.042210146226887,814,GJ-1132,GJ 1132 b,jw01981022001,nrs2,2,4.159709418170722,4.329451475950016,0,-7.489239310463653,63.63647247254792,69.9409304921985,1.0634056735863076,-1.7105713518232175,0.08716027126041906,False,CO2,213.53672395996858
61.29727129140306,53.91991860127128,0.0453508022177662,0.0460216528721682,2086.4085328325687,quad,471.2712795071622,1.11008897443933,814,GJ-1132,GJ 1132 b,jw01981022001,nrs2,3,4.329451475950016,4.499193533729311,0,-7.489239310463653,56.91674175616194,56.93607572490482,0.9576352165984606,1.0769638141622342,0.2814964320349608,False,CO2,154.92531148028945
39.941555262363366,88.37492439802048,0.046491301006368,0.0469188941102311,2180.854093648797,quad,598.3801144387375,0.8907345517713329,814,GJ-1132,GJ 1132 b,jw01981022001,nrs2,4,4.499193533729311,4.668935591508605,0,-7.489239310463653,82.93834614800438,93.23787742227992,1.0778527516912764,0.4815812843806558,0.630103424042124,False,CO,176.37513467583057
195.9722962675669,444.6350677706582,0.0455690801153839,0.0476708858616016,2155.4668848305014,quad_exp,1470.691936686166,1.674052739962763,814,GJ-1132,GJ 1132 b,jw01981022001,nrs2,5,4.668935591508605,4.838677649287899,0,-7.489239310463653,426.3490206688038,449.13846987210655,1.0625572680990771,0.45965227259147845,0.6457658324401123,False,cont,897.3164352677492
-42.75556902738446,59.70333653367527,0.0529190405093184,0.052513515207035,2779.3013688469687,quad,482.5193597850501,1.044643960423163,2089,K2-18,K2-18 b,jw02372004001,nrs1,0,2.861827924598608,2.96926872211858,0,-63.30108549930337,97.19250224593266,82.98743932532034,0.9913935964297376,-0.4399060425381085,0.6600051592765829,False,cont,202.63723522194368
30.86292646422347,125.41545101815662,0.0541771454457059,0.0544612340579002,2948.5990596566594,quad_exp,446.81870323316207,1.0713097052084448,2089,K2-18,K2-18 b,jw02372004001,nrs1,1,2.96926872211858,3.0767095196385523,0,-63.30108549930337,104.044525022387,135.5455838832567,0.990205680846694,0.2966319127083599,0.7667475440476463,False,cont,202.0161701260501
35.44358646653898,105.3989278424673,0.0526372692757056,0.0529728770529757,2788.147264505307,quad,423.4588279705936,1.1164011211324534,2089,K2-18,K2-18 b,jw02372004001,nrs1,2,3.0767095196385523,3.184150317158524,0,-63.30108549930337,98.72790590976624,97.64095175381216,1.0977518486080853,0.3590027170122817,0.7195930567050652,False,cont,197.85099168810444
93.20907715565114,94.1680410439149,0.0544437693660456,0.0552931559954649,3004.613473542048,quad_exp,402.0935576200386,1.0784130436092558,2089,K2-18,K2-18 b,jw02372004001,nrs1,3,3.184150317158524,3.2915911146784964,0,-63.30108549930337,43.33468743874861,67.1889628068705,0.9337010297247688,2.1509114906481663,0.03148318640630506,False,CH4,164.4946379923926
103.1153928418762,58.30506203355792,0.0538452549645648,0.0547944055085998,2944.092227288774,quad_exp,413.2626187833847,1.0317528222701264,2089,K2-18,K2-18 b,jw02372004001,nrs1,4,3.2915911146784964,3.399031912198468,0,-63.30108549930337,54.38855456873886,49.73193938586098,0.9098514620858332,1.8959024313020496,0.05797294739735648,False,CH4,192.58456510745162
93.38655224652236,52.56120466221137,0.0530888660443876,0.0539612291383865,2858.1262001230184,quad_exp,444.7770117095741,0.9759365141101056,2089,K2-18,K2-18 b,jw02372004001,nrs1,5,3.399031912198468,3.50647270971844,0,-63.30108549930337,38.9907427471296,37.89183192022055,1.0442651810106494,2.395095493619373,0.016616037118819607,False,cont,157.52632406555057
50.622010034596585,36.81378329941001,0.0537134343575462,0.0541826082845503,2906.617914974923,quad_exp,436.0906595042757,1.0696735978305942,2089,K2-18,K2-18 b,jw02372004001,nrs1,6,3.50647270971844,3.613913507238412,0,-63.30108549930337,41.75838806511628,38.39119232035407,0.9405323366461336,1.2122596771613585,0.22541299391977843,False,cont,119.31455840171286
58.611188960772026,101.74430090954208,0.0531060543886348,0.0536550482404909,2849.081243845808,linear,457.65649637110886,1.1274625169397765,2089,K2-18,K2-18 b,jw02372004001,nrs1,7,3.613913507238412,3.721354304758384,0,-63.30108549930337,116.30418772421966,100.71227207723786,0.9382039366717092,0.5039473651606664,0.6142983649321543,False,cont,249.93157776711337
40.400819762850816,58.05207533390744,0.0498964854860942,0.0502997026196663,2509.465270225095,quad,491.1047057670928,1.005725177467234,2089,K2-18,K2-18 b,jw02372004001,nrs2,0,3.82032238134822,3.990077357424214,0,64.83254446033871,58.21410644359264,54.21567862852096,0.9956759452730496,0.6940039490599713,0.48767973236951534,False,cont,136.16302486256072
36.05921893749158,28.92983537822992,0.0487170178318825,0.0490857112138497,2391.0555256826165,linear,403.4798688712378,1.0501834872108389,2089,K2-18,K2-18 b,jw02372004001,nrs2,1,3.990077357424214,4.1598323335002085,0,64.83254446033871,21.911652766662904,25.749321375919862,1.0879497179318705,1.6456640364597799,0.09983294717694283,False,cont,72.10388773865205
50.91687640537386,71.25450887967025,0.0484466968626949,0.0489693711753707,2372.01594761834,quad,482.029831498295,0.9896633077182206,2089,K2-18,K2-18 b,jw02372004001,nrs2,2,4.1598323335002085,4.329587309576203,0,64.83254446033871,51.15013339039752,55.171754271546654,1.028070753397824,0.9954397580306712,0.31952242992850266,False,CO2,135.0588458325778
5.164681204690956,106.66332190255544,0.0488082538609254,0.0488611330830265,2384.7875486212247,quad,625.7032228975656,1.0034673908609124,2089,K2-18,K2-18 b,jw02372004001,nrs2,3,4.329587309576203,4.499342285652197,0,64.83254446033871,61.08432521167108,70.90838126631583,1.115308919962862,0.08455002468790743,0.932619131244239,False,CO2,105.64839617788988
-39.6961009697756,98.9266143634672,0.0484061859101311,0.0479944031465794,2323.578911254001,quad,784.6011838414422,0.9482046513019872,2089,K2-18,K2-18 b,jw02372004001,nrs2,4,4.499342285652197,4.669097261728191,0,64.83254446033871,96.93111285750342,95.47932996683129,0.9693999327277146,-0.4095289922868427,0.68215149487977,False,CO,199.14778162036873
21.51461425314448,264.28445289695003,0.0436497681904823,0.0438955222925526,1915.8654696435628,quad_exp,1603.2028534075534,1.1617805428960395,2089,K2-18,K2-18 b,jw02372004001,nrs2,5,4.669097261728191,4.838852237804185,0,64.83254446033871,261.42266494210526,227.21906495679352,0.8487289802329695,0.08229819804609946,0.9344095873122927,False,cont,451.55489808290764
766.8946334722342,455.7835117585204,0.0344609574482644,0.044209187073767,1558.0453535625195,linear,6899.695569828128,0.9783544677413644,2089,K2-18,K2-18 b,jw02372004001,nrs2,7,5.00860721388018,5.178362189956174,0,64.83254446033871,338.9461971790268,418.1137195159493,0.8173159972197203,2.2625851532040375,0.02366127420006226,False,cont,1324.4611278317334
-5.074559639137426,100.512706745636,0.0510562024505433,0.051006482421666,2604.231513678013,quad,531.1158889983104,0.9565868832758332,2089,K2-18,K2-18 b,jw02372005001,nrs1,0,2.861886311387701,2.969305802669837,0,-83.96591135794709,76.32737117450148,90.68593315698378,1.0392143968412073,-0.06648414010664465,0.946992384132471,False,cont,130.63308522119237
10.75625222117689,95.96092640652049,0.0517565016434578,0.0518603096268276,2684.038839256503,quad,463.3380889678374,0.9728537526122042,2089,K2-18,K2-18 b,jw02372005001,nrs1,1,2.969305802669837,3.0767252939519727,0,-83.96591135794709,83.48700141502033,76.99372274961287,1.1685228092898707,0.12883744821192858,0.8974862730675832,False,cont,148.09236954888533
83.20417718962963,39.84517668425792,0.0524008333829079,0.0531888288685971,2782.755238592162,quad_exp,409.7270611203631,1.072737113677285,2089,K2-18,K2-18 b,jw02372005001,nrs1,2,3.0767252939519727,3.1841447852341087,0,-83.96591135794709,62.66899299893692,52.88841852084733,0.913344020404129,1.3276769452963932,0.18428485298256347,False,cont,186.29467067288087
23.560152447461064,86.77655157638462,0.0516058694884518,0.0518336369369021,2674.7392229698166,quad,409.5858422121904,1.120491327782672,2089,K2-18,K2-18 b,jw02372005001,nrs1,3,3.1841447852341087,3.2915642765162447,0,-83.96591135794709,102.45242960456284,93.4307767404388,0.9612763783703616,0.2299618714597256,0.81812139790152,False,CH4,192.09439914696694
-2.7993037813984176,58.46461382312128,0.0518399311611642,0.0518129246328833,2685.9958684151343,quad,428.1738325499818,0.954091141811722,2089,K2-18,K2-18 b,jw02372005001,nrs1,4,3.2915642765162447,3.3989837677983807,0,-83.96591135794709,48.98764072190673,50.29985565658903,0.9717264740048812,-0.05714306180388475,0.9544312340841957,False,CH4,83.383972768935
7.262612757151944,55.02421742744189,0.0519528611248955,0.0520227103467306,2702.706340500331,quad,417.8625740664831,0.9972252197946516,2089,K2-18,K2-18 b,jw02372005001,nrs1,5,3.3989837677983807,3.5064032590805168,0,-83.96591135794709,44.84618618225192,46.74055765484884,0.9991450859090693,0.1619449361343051,0.8713492159275259,False,cont,81.03458902695635
26.69248224935724,38.21805828521503,0.052136833188779,0.0523921927123109,2730.0828723190807,quad_exp,434.27576515130687,1.0206921227057797,2089,K2-18,K2-18 b,jw02372005001,nrs1,6,3.5064032590805168,3.613822750362652,0,-83.96591135794709,28.96872565774819,33.215537225432136,0.9651449299123546,0.9214241097353163,0.3568290460553881,False,cont,74.346035956353
159.76239464543474,73.50237390572187,0.0507345503962043,0.0522853421003481,2652.951113738201,linear,469.0837085195507,1.1706903406170723,2089,K2-18,K2-18 b,jw02372005001,nrs1,7,3.613822750362652,3.721242241644788,0,-83.96591135794709,76.14033856491805,72.56180234511658,0.8750957389388724,2.098262204458411,0.03588198931991016,False,cont,285.0132515847249
35.49140253995093,60.60214334319554,0.0518053753088925,0.052146795811777,2701.230795778699,linear,474.94660379754174,1.0576444876932711,2089,K2-18,K2-18 b,jw02372005001,nrs2,0,3.820190663027152,3.989911370303823,0,-210.8627941937377,84.32839011068772,104.29260399111044,1.1194771228767535,0.42087133992912285,0.6738490343344898,False,cont,174.21160427203225
29.3531055975088,33.95302677439137,0.0504914173896819,0.050781259689147,2563.8369628738133,linear,422.2830338228247,0.9342237366860876,2089,K2-18,K2-18 b,jw02372005001,nrs2,1,3.989911370303823,4.159632077580494,0,-210.8627941937377,24.11152774387968,27.72558652146961,0.9551433760300384,1.2173888734594849,0.22345629439319337,False,cont,69.01656873619088
12.006652339422669,44.2690539681997,0.0514628229836275,0.0515793447203782,2654.323697219538,quad,475.6181904158456,1.013541108378479,2089,K2-18,K2-18 b,jw02372005001,nrs2,2,4.159632077580494,4.329352784857166,0,-210.8627941937377,45.069581386094605,38.17131204953892,0.8229109068157141,0.2664025706510578,0.7899291856497697,False,CO2,86.1461137195483
-93.8911986168782,172.65116591338509,0.0516910664357506,0.0507747491441199,2625.785560797628,quad,633.4794014689232,1.0778796416212797,2089,K2-18,K2-18 b,jw02372005001,nrs2,3,4.329352784857166,4.499073492133837,0,-210.8627941937377,151.08213592128385,150.76631539689228,0.9043964095825684,-0.6214579774394835,0.5342983354129953,False,CO2,342.42131220739014
-40.18629468518446,133.162656004276,0.0493052237744177,0.0488959998032582,2411.1334212673687,quad,704.3418264835592,1.154294610173523,2089,K2-18,K2-18 b,jw02372005001,nrs2,4,4.499073492133837,4.668794199410509,0,-210.8627941937377,135.56444281333754,131.54712836292208,0.956467301645492,-0.29643683735356835,0.7668964966643794,False,CO,263.1898031131247
104.35527050518508,227.3085968841076,0.0495610015578257,0.0506028472115946,2507.726077644217,quad,1322.050476236506,1.188522988760811,2089,K2-18,K2-18 b,jw02372005001,nrs2,5,4.668794199410509,4.83851490668718,0,-210.8627941937377,181.42419710376657,197.735714158414,1.0450627213154935,0.5752003986849588,0.5651557731858567,False,cont,402.79807474088113
76.4461762822622,89.15764005443799,0.0510871788915909,0.0518299722494975,2647.3399318542342,quad,495.73490973721584,1.0407130973837695,2089,K2-18,K2-18 b,jw02372007001,nrs1,0,2.862006211143523,2.9693409859620177,0,17.7893758597919,93.35934947813368,84.44791868700749,0.9623224444668128,0.8188379279588615,0.41287888831992625,False,cont,230.02230617379212
-36.00042623406411,90.7354801182912,0.0537980241856929,0.0534623884618928,2878.2705378305027,quad_exp,453.2971132355179,1.0621829571107593,2089,K2-18,K2-18 b,jw02372007001,nrs1,1,2.9693409859620177,3.076675760780512,0,17.7893758597919,65.68930883678108,83.47641874443124,1.0765469692498164,-0.5480408741019752,0.5836638373054386,False,cont,144.05933927056898
8.272167304426963,75.1765579367203,0.0538622722663962,0.053939007601214,2905.218163364169,quad,431.6618821128303,1.0445629745942842,2089,K2-18,K2-18 b,jw02372007001,nrs1,2,3.076675760780512,3.1840105355990067,0,17.7893758597919,111.33922144347504,95.23962569033924,1.0798867380386594,0.07429697457177385,0.9407740843220398,False,cont,191.42518657894342
61.7062541761206,64.91316039366438,0.0529975876627357,0.0535765858584277,2839.032881557199,quad,411.1315204526316,1.034837206933416,2089,K2-18,K2-18 b,jw02372007001,nrs1,3,3.1840105355990067,3.291345310417501,0,17.7893758597919,57.65008818451384,76.92003730684578,0.9140677009872976,1.0703583657777707,0.28445803208067344,False,CH4,156.54064923964586
18.50749893058442,49.66246306347749,0.052359947025993,0.0525363831215604,2750.674265249904,quad,408.11880525978034,1.053043113463477,2089,K2-18,K2-18 b,jw02372007001,nrs1,4,3.291345310417501,3.398680085235996,0,17.7893758597919,70.04925322788931,62.78092462074194,0.8719342562614498,0.26420694122711746,0.7916204627307675,False,CH4,133.73852049046235
-39.7146527360546,49.14469476572906,0.053192151122658,0.0528175187633766,2809.7558597581806,quad,422.8817230112925,1.0628255920044765,2089,K2-18,K2-18 b,jw02372007001,nrs1,5,3.398680085235996,3.5060148600544903,0,17.7893758597919,31.469347293185905,44.107147700694966,1.129153052934203,-1.2620106914214284,0.20694493926972835,False,cont,91.48172903334542
-3.446515261124831,41.64613852436973,0.052385731478689,0.0523528255903746,2742.5645182916696,quad,437.0472780009729,1.0979081992665167,2089,K2-18,K2-18 b,jw02372007001,nrs1,6,3.5060148600544903,3.6133496348729848,0,17.7893758597919,44.65359977242455,42.30340619716404,0.9178712631377908,-0.07718336883677622,0.9384776719212741,False,cont,76.90168688676322
-22.615623703722484,56.126458501049456,0.0529369462584266,0.05272290446726,2791.1757256937085,quad,481.1964209483023,1.0216140912812044,2089,K2-18,K2-18 b,jw02372007001,nrs1,7,3.6133496348729848,3.7206844096914793,0,17.7893758597919,55.73393724226339,52.73342791444537,1.0379054880794132,-0.40577832507000633,0.6849054859409558,False,cont,114.29795046724576
-53.3047934627778,48.47399265543078,0.0511268954271632,0.0506029114039627,2587.647938766906,quad,497.90721426321744,0.9997440746388464,2089,K2-18,K2-18 b,jw02372007001,nrs2,0,3.81963302629949,3.989354526768324,0,-2.508767646262986,45.00094357678604,47.27668687698582,0.8968044521943763,-1.1845261282537938,0.23620485969421334,False,cont,127.33134564659085
10.68058918054582,43.43553305533509,0.0497347039714292,0.0498419639290652,2478.811037737548,linear,426.7072315969796,0.9748358680160428,2089,K2-18,K2-18 b,jw02372007001,nrs2,1,3.989354526768324,4.159076027237157,0,-2.508767646262986,46.50920887701428,43.322975030940455,0.9365194078265114,0.22964461100142183,0.8183679385666777,False,cont,87.18823778323431
10.218913996493711,46.65105495431504,0.0518218803539714,0.0519203832556908,2690.5589210166017,quad,468.64797464813967,1.0300520098310886,2089,K2-18,K2-18 b,jw02372007001,nrs2,2,4.159076027237157,4.328797527705991,0,-2.508767646262986,40.69666320151394,54.76147546034439,0.9595603250773738,0.2510995544252277,0.8017371403892676,False,CO2,77.16492496298414
30.23783222556994,62.87777060101837,0.0504495244951818,0.050748323657196,2559.980031725329,quad,622.8721968108113,1.04748843650238,2089,K2-18,K2-18 b,jw02372007001,nrs2,3,4.328797527705991,4.498519028174824,0,-2.508767646262986,79.52428642482549,69.16354833492056,0.8579339678742693,0.38023393336768685,0.7037717723174775,False,CO2,161.05528339440787
33.94663563367718,123.76154480773806,0.0493271953965214,0.0496701000735883,2449.817207068824,quad,770.3356659957758,1.01009863465394,2089,K2-18,K2-18 b,jw02372007001,nrs2,4,4.498519028174824,4.668240528643658,0,-2.508767646262986,143.86222574453498,115.49685280693129,1.0505148852907042,0.23596628967744676,0.8134588285316383,False,CO,270.5999969834372
55.43634575093381,495.2851553714545,0.0533820856639006,0.0538988257346944,2876.7721001205496,quad,1353.0965168455043,1.1732069432116743,2089,K2-18,K2-18 b,jw02372007001,nrs2,5,4.668240528643658,4.837962029112491,0,-2.508767646262986,536.2757095245272,512.0000870911882,0.7754618494601874,0.10337284491233956,0.9176670632869841,False,cont,937.609887918781
-176.8989813338631,108.87328465362378,0.0714447872074003,0.0701958591212961,5049.325596710383,quad_exp,483.0959150629889,1.031524776899357,2496,LHS-1140,LHS 1140 b,jw07073024001,nrs1,0,2.84824423036032,3.140621419575656,0,-9.73997214148703,166.44343161801288,144.10626491250937,0.9554512180437468,-1.0628174366162173,0.28786475055362604,False,cont,450.6984263454943
-173.823125512426,131.33600143187982,0.0710886631260874,0.0698553856158701,4999.780149051308,quad_exp,421.7474392139407,1.097439620871438,2496,LHS-1140,LHS 1140 b,jw07073024001,nrs1,1,3.140621419575656,3.432998608790992,0,-9.73997214148703,104.75066010386124,130.40347034386272,0.899309371715052,-1.6593988557215658,0.09703544672587931,False,CH4,346.13796138327774
-112.61986286278426,61.83362286505751,0.0704279247935291,0.069623794265037,4906.419204452599,quad,383.75922545425135,1.099659556450215,2496,LHS-1140,LHS 1140 b,jw07073024001,nrs1,2,3.432998608790992,3.725375798006328,0,-9.73997214148703,66.87117288492459,61.53071821719585,1.0523458265843322,-1.6841317118302441,0.0921562169448409,False,cont,222.6229422584852
-64.8151716851203,44.01374167714553,0.0695998409354187,0.06913264559201,4813.376671895225,quad,417.6553826885499,1.0568054162985094,2496,LHS-1140,LHS 1140 b,jw07073024001,nrs1,3,3.725375798006328,4.017752987221664,0,-9.73997214148703,32.547011605680865,41.17715939413165,1.132462215650616,-1.9914323462436485,0.04643337609440411,False,cont,118.35500577646533
-76.79245135195582,71.78387058634095,0.0689229617655995,0.0683636029418457,4713.870913215164,quad,533.4735729648851,1.0070001549101155,2496,LHS-1140,LHS 1140 b,jw07073024001,nrs1,4,4.017752987221664,4.310130176437,0,-9.73997214148703,67.31226577213867,65.36333679204454,1.02576456710354,-1.1408389016633147,0.25393696873175153,False,cont,187.52112854712394
-37.93123120239984,72.20832163670903,0.0698233003472107,0.0695511469364409,4862.381769230553,quad_exp,748.7014988133317,1.0423833209177835,2496,LHS-1140,LHS 1140 b,jw07073024001,nrs1,5,4.310130176437,4.602507365652336,0,-9.73997214148703,86.6175557286868,77.52981168566697,0.916700757943758,-0.43791620397615805,0.6614470287800965,False,cont,180.41711037608962
50.28701674083917,172.81438671371893,0.0653592956996456,0.0657428669217776,4294.554657270201,quad_exp,944.1832716195496,1.1087906196324089,2496,LHS-1140,LHS 1140 b,jw07073024001,nrs1,6,4.602507365652336,4.894884554867672,0,-9.73997214148703,183.10692366904877,172.54178116014165,1.034553729751957,0.27463197859043803,0.7835989952990794,False,CO,351.4979061764244
149.9615741800452,254.419085223928,0.0644623020561936,0.0656151656293267,4223.474017381827,quad_exp,1242.011123528629,1.076512830915066,2496,LHS-1140,LHS 1140 b,jw07073024001,nrs1,7,4.894884554867672,5.187261744083008,0,-9.73997214148703,225.30351937125903,235.7139141644047,1.0131160624535245,0.6655980101799295,0.5056680786002411,False,cont,520.5858635457663
-156.11023804192743,79.8682343584874,0.070823765075586,0.0697129504571416,4966.9042316633,quad_exp,470.0313149028588,1.0659036023152255,2496,LHS-1140,LHS 1140 b,jw07073025001,nrs1,0,2.849107320303722,3.1409822853726634,0,14.3955794560148,99.4115551848575,95.4503855459224,1.043373280649745,-1.5703429822784458,0.11633533962710121,False,cont,319.64224632101804
-150.14813526991605,107.9882558838383,0.0708127518222444,0.0697445172423529,4966.631227991634,quad_exp,417.6751791627897,1.045923950811541,2496,LHS-1140,LHS 1140 b,jw07073025001,nrs1,1,3.1409822853726634,3.432857250441605,0,14.3955794560148,125.50709977901028,115.99700728757053,0.9238698158770896,-1.196331805406173,0.231567101797718,False,CH4,356.60731440638796
-21.921702657849707,29.122729244743912,0.0699091777863235,0.0697522145605566,4876.904756358385,quad,400.397254123252,1.0027174164889352,2496,LHS-1140,LHS 1140 b,jw07073025001,nrs1,2,3.432857250441605,3.724732215510546,0,14.3955794560148,13.59780494831941,23.255851315847867,1.033491502364115,-1.6121501037238417,0.10692928001576689,False,cont,44.29009179783514
-23.001774216239653,78.2423438477633,0.0693008964217685,0.0691347414159079,4791.776948467514,quad,438.9905300714784,0.9710668800140656,2496,LHS-1140,LHS 1140 b,jw07073025001,nrs1,3,3.724732215510546,4.016607180579489,0,14.3955794560148,70.1174960685475,69.94794469330593,0.8833614476343614,-0.3280461440572965,0.742876773425672,False,cont,138.34505524900027
-76.94512097373811,56.61527518361135,0.070581219564322,0.0700340162650501,4955.488548523255,quad_exp,559.2729905344282,0.9337913706437376,2496,LHS-1140,LHS 1140 b,jw07073025001,nrs1,4,4.016607180579489,4.30848214564843,0,14.3955794560148,77.94963690318791,71.56134894355975,0.8941978119074738,-0.9871132699348248,0.32358711311770716,False,cont,205.17227367948223
-67.82117697348276,108.05707973902317,0.0666026527390403,0.0660915438986238,4405.5238858050525,quad_exp,730.4474085038197,1.0889301008742929,2496,LHS-1140,LHS 1140 b,jw07073025001,nrs1,5,4.30848214564843,4.600357110717372,0,14.3955794560148,70.31226243739121,92.97092074001311,1.124135600874556,-0.9645711092552796,0.3347596757840705,False,cont,183.4848486829913
29.037901556889025,179.27215300007032,0.065350866479604,0.0655726593268256,4284.339726031056,quad_exp,930.9778318423048,1.120744252866673,2496,LHS-1140,LHS 1140 b,jw07073025001,nrs1,6,4.600357110717372,4.892232075786314,0,14.3955794560148,227.4891857154168,229.58345566153417,1.0665273837953275,0.12764519537739566,0.8984297629161683,False,CO,403.25761205874966
176.99960875859102,227.50584991247425,0.063997582770575,0.065365818355125,4174.363092080831,quad_exp,1224.8539039368816,1.0422878598862624,2496,LHS-1140,LHS 1140 b,jw07073025001,nrs1,7,4.892232075786314,5.184107040855255,0,14.3955794560148,178.67123340923374,234.78425647593835,0.9856173347116758,0.990644131017924,0.32185938059582153,False,cont,470.9137877167805
-137.52923185315467,44.72247406360891,0.0708562607633554,0.0698790416184386,4955.642606404843,quad,470.1560930013009,1.0752658679658726,2496,LHS-1140,LHS 1140 b,jw07073026001,nrs1,0,2.8487104171071738,3.140864474469951,0,66.42051862998724,73.751019698711,59.673897975606415,0.993498378179362,-1.8647773605706275,0.06221261791526923,False,cont,258.84965925753426
-128.41206791848643,56.47237151273757,0.0715423932114194,0.0706392380939862,5078.059678289618,quad_exp,415.5745788031113,1.0218976529055397,2496,LHS-1140,LHS 1140 b,jw07073026001,nrs1,1,3.140864474469951,3.4330185318327286,0,66.42051862998724,53.29029788113062,60.06791158808867,1.0492708417555154,-2.4096706722286014,0.015966926006166723,False,CH4,216.0746079329463
-75.90950449907953,31.318110900291096,0.0699967047981681,0.0694523518543672,4863.582530603625,quad,389.5593233511399,1.0438988125491575,2496,LHS-1140,LHS 1140 b,jw07073026001,nrs1,2,3.4330185318327286,3.725172589195506,0,66.42051862998724,22.40381424240501,25.609248815357887,0.9950523314593204,-3.3882402200693655,0.0007034262775556205,False,cont,112.76377892783577
-35.664613203661816,82.19996727883725,0.0696773320835686,0.0694209333924591,4838.040705007053,quad,423.8811014941905,1.0193280545074852,2496,LHS-1140,LHS 1140 b,jw07073026001,nrs1,3,3.725172589195506,4.017326646558283,0,66.42051862998724,44.123221004165934,66.37363719769984,1.066134099445415,-0.8082957769627587,0.41892033301682674,False,cont,108.24731175551477
34.621506732814865,52.96217138079528,0.0690645470674931,0.0693147399069692,4785.017324497394,quad_exp,508.8461678179336,1.0566603217599682,2496,LHS-1140,LHS 1140 b,jw07073026001,nrs1,4,4.017326646558283,4.309480703921061,0,66.42051862998724,49.68325941171068,47.43005703305606,1.0918616249629052,0.6968445134792091,0.48590010532886874,False,cont,116.35046846507893
50.93502947764623,118.73676740889525,0.066749314641571,0.0671297701068393,4478.687558195848,quad_exp,722.2176497540826,1.0832272575970994,2496,LHS-1140,LHS 1140 b,jw07073026001,nrs1,5,4.309480703921061,4.601634761283838,0,66.42051862998724,116.84928553712264,110.77079850180677,0.902395213481,0.43590364496892314,0.6629066404487975,False,cont,243.15210418621297
34.43679783878082,110.2247427938208,0.0662641821828365,0.0665235194363537,4405.022660153771,quad_exp,965.1971439743594,1.0384240630237953,2496,LHS-1140,LHS 1140 b,jw07073026001,nrs1,6,4.601634761283838,4.893788818646616,0,66.42051862998724,88.29903816942009,96.5910144160257,1.0992373839805607,0.39000195871563914,0.6965350985457943,False,CO,179.68871562747685
-40.97418609117897,163.84798819854885,0.0650458676660758,0.0647301376048395,4214.330801241959,quad_exp,1177.836505394267,1.1148859419819042,2496,LHS-1140,LHS 1140 b,jw07073026001,nrs1,7,4.893788818646616,5.185942876009393,0,66.42051862998724,212.26531428279355,154.66345391095663,0.9438262644375786,-0.19303288542277103,0.8469332135609857,False,cont,390.15062808637435
-67.33130105207509,115.9376359483412,0.0493594922718128,0.048672663542065,2406.257857377492,quad_exp,466.4840479960204,1.129079443362092,2053,LHS-1140,LHS 1140 c,jw07073032001,nrs1,0,2.849000433930459,3.140699536999328,0,-30.904473176600767,109.35691434101652,114.70053631141784,1.0019220094053074,-0.6157022759631864,0.5380910349075692,False,cont,247.22342514304728
-98.5122857027898,108.9407220935812,0.0488625836931519,0.0478439107877636,2338.565011930946,quad,430.78092998938274,0.9958030787162744,2053,LHS-1140,LHS 1140 c,jw07073032001,nrs1,1,3.140699536999328,3.432398640068196,0,-30.904473176600767,99.48176675779784,97.17638474030964,1.1952898285337106,-0.9902546859931792,0.3220496491170456,False,CH4,262.1597920193673
-8.403881098214498,50.62322182979179,0.0499006445976766,0.0498163672919394,2486.2055591037893,quad_exp,399.2492766966282,1.0042547319443706,2053,LHS-1140,LHS 1140 c,jw07073032001,nrs1,2,3.432398640068196,3.724097743137064,0,-30.904473176600767,49.91324278711506,54.81065472379279,1.0800814776857368,-0.1683697678000583,0.8662923903539088,False,cont,90.51116548301877
-64.21043878323748,30.17934964742218,0.0495511940478375,0.0488989815106942,2423.484638345702,quad,423.27765112453807,1.015027280947773,2053,LHS-1140,LHS 1140 c,jw07073032001,nrs1,3,3.724097743137064,4.015796846205933,0,-30.904473176600767,40.423246512822594,33.864147629119536,1.1054747415629016,-1.5884532867212777,0.112183876140429,False,cont,130.70667929683066
31.23854507307072,82.84026384282984,0.0481113551498042,0.048434915499293,2330.0898344910534,quad,521.9928163005083,1.155950884629711,2053,LHS-1140,LHS 1140 c,jw07073032001,nrs1,4,4.015796846205933,4.307495949274801,0,-30.904473176600767,90.72028245826785,80.79917100425146,1.094392455980746,0.34433915136276977,0.7305912439482058,False,cont,180.47340971692134
-41.99492127206607,116.24571592483002,0.0483107181084975,0.0478741116145944,2313.397842619415,quad,721.078958458965,1.0792009739751147,2053,LHS-1140,LHS 1140 c,jw07073032001,nrs1,5,4.307495949274801,4.59919505234367,0,-30.904473176600767,104.5222480209641,108.21346466657842,1.0905682119307063,-0.4017797365365039,0.6878461363049782,False,cont,213.934019266552
-39.88914412625432,170.10840213797053,0.0476399986851863,0.0472194910031683,2250.136191191913,quad,955.8005157354182,1.033171144737295,2053,LHS-1140,LHS 1140 c,jw07073032001,nrs1,6,4.59919505234367,4.890894155412538,0,-30.904473176600767,175.51033569139238,154.21858926696748,1.1809717031700036,-0.2272751856414495,0.8202097672444014,False,CO,328.6036463385948
-126.90499390718156,195.4024380559935,0.0470450837296336,0.0456764152404833,2151.052871117713,quad,1231.3136738664475,1.0361945449506516,2053,LHS-1140,LHS 1140 c,jw07073032001,nrs1,7,4.890894155412538,5.182593258481407,0,-30.904473176600767,240.63541309139464,223.0044215607943,1.044638013558708,-0.5273745550451561,0.5979335097945448,False,cont,522.7502484425257
-136.19947630919222,168.46750803426917,0.0498449486525981,0.0484594617166859,2426.517848051016,quad_exp,480.7315584380573,1.209041478836408,2054,LHS-1140,LHS 1140 c,jw07073033001,nrs1,0,2.8489613947171466,3.141067851075136,0,54.742844622301774,165.45685546156392,174.14684007205514,0.9616408267656918,-0.8231721552379662,0.4104101009277412,False,cont,408.3760035434649
-22.28066294368601,98.6054284460496,0.049670490351326,0.0494456969694784,2454.7265790812344,quad_exp,406.68937390574246,1.0842557826658512,2054,LHS-1140,LHS 1140 c,jw07073033001,nrs1,1,3.141067851075136,3.4331743074331245,0,54.742844622301774,98.47050886358248,91.46539755854758,0.8780107307215628,-0.22626736878706338,0.8209934762155556,False,CH4,184.2646500242792
-85.10374628344476,74.5471359800729,0.0498703817448046,0.0490097054580937,2444.8909839631424,quad,394.0781820984125,1.0635609446989196,2054,LHS-1140,LHS 1140 c,jw07073033001,nrs1,2,3.4331743074331245,3.725280763791113,0,54.742844622301774,68.31035764959609,63.90394595441992,0.8783138112678767,-1.2458395653554009,0.21282330084774004,False,cont,197.47428461703032
-35.75307738215095,49.430177443046006,0.0496397827018174,0.0492783415843259,2446.571410074104,quad,408.8647144862864,1.161472094119682,2054,LHS-1140,LHS 1140 c,jw07073033001,nrs1,3,3.725280763791113,4.017387220149102,0,54.742844622301774,47.382350715365554,46.03791552214433,1.0345670106200422,-0.7545652936665431,0.4505098544974281,False,cont,113.69704430892729
-40.02573988667532,96.81240408007667,0.0484635192892961,0.0480487977166682,2328.959294290544,quad,516.8294210293672,1.1344425303564278,2054,LHS-1140,LHS 1140 c,jw07073033001,nrs1,4,4.017387220149102,4.309493676507091,0,54.742844622301774,67.27088065902905,88.46232417321008,1.038287955057183,-0.5949935469040585,0.5518477845210261,False,cont,150.6863385707781
-8.915026835616592,121.17055687204126,0.0489463328223448,0.0488551785373887,2391.313355704,quad,704.8979954330343,1.141899720127459,2054,LHS-1140,LHS 1140 c,jw07073033001,nrs1,5,4.309493676507091,4.60160013286508,0,54.742844622301774,139.20671350329417,134.09814562517093,0.9750403111813386,-0.06404164433783309,0.9489370674594138,False,cont,237.91007054853551
119.97716098964769,76.91124202418715,0.0508843829653721,0.0520499528410574,2651.1796875202463,quad_exp,958.0272437919842,1.0099967402677288,2054,LHS-1140,LHS 1140 c,jw07073033001,nrs1,6,4.60160013286508,4.8937065892230684,0,54.742844622301774,200.44772704880933,200.52495702112728,0.8575413709503438,0.5985458790482222,0.5494757557904071,False,CO,449.713671984939
-34.93139160128849,98.79576523454804,0.0521720686789298,0.0518362166697926,2706.286729678105,quad_exp,1223.646956330548,1.038235745134519,2054,LHS-1140,LHS 1140 c,jw07073033001,nrs1,7,4.8937065892230684,5.185813045581058,0,54.742844622301774,147.83058460628104,203.75190576614784,1.0497496625910068,-0.236293400951648,0.8132050072529079,False,cont,278.1127032786208
109.11674030406624,78.4766707923486,0.0278710271689177,0.0297642553368065,831.4419574737119,linear,475.0765464627253,1.0140320055121674,4450,TOI-1685,TOI-1685 b,jw03263001001,nrs1,0,2.8619297421425656,2.9692651864042228,1,-180.03568339752644,83.83524429894108,93.26898306929633,0.926652703841904,1.301561666773177,0.19306627106315866,False,cont,247.02571717582433
47.59767530433819,78.24728325343885,0.0282207967719654,0.0290518681972246,819.9287627269866,linear,407.8475026788998,1.075920386808264,4450,TOI-1685,TOI-1685 b,jw03263001001,nrs1,1,2.9692651864042228,3.0766006306658804,1,-180.03568339752644,78.95005033202115,66.57109533829075,1.0140152583228403,0.6028834067130818,0.546586255351855,False,cont,177.470508100513
33.68057505424838,92.03089424792852,0.0291454806147639,0.0297176650381524,866.1564079434256,quad,386.6808918928471,1.1685420170383352,4450,TOI-1685,TOI-1685 b,jw03263001001,nrs1,2,3.0766006306658804,3.1839360749275376,1,-180.03568339752644,71.81401339205257,84.48065591044774,1.0298824400746205,0.4689972536470953,0.6390715990749771,False,cont,151.81462708417484
-17.99690471207668,66.81002093400738,0.0307537543592418,0.0304597521735898,936.7808110314544,quad_exp,386.9009700135371,1.1081590179150465,4450,TOI-1685,TOI-1685 b,jw03263001001,nrs1,3,3.1839360749275376,3.291271519189195,1,-180.03568339752644,76.62946457277451,98.19810772588738,0.8199451071701049,-0.23485619810099465,0.8143203475780835,False,CH4,144.05237393429076
35.301171835528834,66.20638660006355,0.0294855754291182,0.0300782368203614,886.9014508691216,linear,378.2574882110459,1.0928290662229527,4450,TOI-1685,TOI-1685 b,jw03263001001,nrs1,4,3.291271519189195,3.3986069634508524,1,-180.03568339752644,76.52127438144373,75.50160357715797,1.0430856670740458,0.46132493376363976,0.6445654987982137,False,CH4,161.17866819300377
17.910399542289767,63.53457502626468,0.0280689818482238,0.0283862315487316,796.7736244245496,quad,413.34501912834895,1.0049603503263005,4450,TOI-1685,TOI-1685 b,jw03263001001,nrs1,5,3.3986069634508524,3.5059424077125096,1,-180.03568339752644,54.31687638745413,69.64460765907552,1.065042319346819,0.3297391295944741,0.7415970846325906,False,cont,107.26166119965181
29.715084428927643,58.52932123259778,0.0285920194069192,0.029107020771535,832.2147104944152,quad_exp,427.3867198965279,1.016296275224878,4450,TOI-1685,TOI-1685 b,jw03263001001,nrs1,6,3.5059424077125096,3.613277851974167,1,-180.03568339752644,63.8646191622268,73.60354294820127,1.0301074132017596,0.46528241800747866,0.6417292239493604,False,cont,134.77238295079073
3.000418294903453,81.08417467501978,0.028147617693301,0.0282008652367819,793.7337671211682,quad,451.0959866264146,1.098824081507046,4450,TOI-1685,TOI-1685 b,jw03263001001,nrs1,7,3.613277851974167,3.720613296235825,1,-180.03568339752644,74.92782731311515,72.66721751110627,1.120176387928665,0.04004411181395979,0.9680579583357173,False,cont,126.25669422497786
-67.26884765803598,60.89338365283241,0.0289432691081586,0.0277568726446127,804.0087334706577,quad,442.1603762943068,1.0021625404644368,4450,TOI-1685,TOI-1685 b,jw03263001001,nrs2,0,3.819562640797222,3.9892852956206752,0,70.4311089016218,57.32731581388809,55.15560245165729,0.9756303060908644,-1.17341701251848,0.2406286182178179,False,cont,161.5722821718819
-21.76157548529356,62.693662372384296,0.0291138505970918,0.0287376881656213,836.7037484894074,quad,377.882899387442,1.0537162431259592,4450,TOI-1685,TOI-1685 b,jw03263001001,nrs2,1,3.9892852956206752,4.159007950444128,0,70.4311089016218,67.96395125650616,60.7860597113141,1.0346517797634596,-0.3201929123155613,0.7488220957550553,False,cont,133.5622753022462
-25.1498691849634,64.20193192128713,0.0277887922053986,0.0273325282959674,759.5805666446875,quad,408.4750120581271,1.0820947684435167,4450,TOI-1685,TOI-1685 b,jw03263001001,nrs2,2,4.159007950444128,4.328730605267581,0,70.4311089016218,45.46049683702629,52.40803647372717,1.0359051116580842,-0.5532246881314228,0.5801095636650717,False,CO2,99.93238648187165
22.073572607007005,98.25934858654804,0.0260154030980409,0.0264362397280809,687.8808856535471,linear,595.9160565152378,0.9766303566792318,4450,TOI-1685,TOI-1685 b,jw03263001001,nrs2,3,4.328730605267581,4.4984532600910345,0,70.4311089016218,105.01511810328454,86.12828589730442,0.950671440696038,0.21019423684594812,0.83351607742495,False,CO2,194.82344188691008
-19.071436296842467,96.0869725971512,0.0301204839182293,0.0298022166150685,897.6962801273577,linear,691.06978597413,0.980963173936329,4450,TOI-1685,TOI-1685 b,jw03263001001,nrs2,4,4.4984532600910345,4.668175914914488,0,70.4311089016218,85.4968396568555,84.73551337766816,0.8500533492647042,-0.2230659796711356,0.8234841555515272,False,CO,159.71373753236978
-79.56430449780345,238.4564666874276,0.0255434114913459,0.0239353622516648,613.7954602598342,quad,1283.76036319606,1.1227646547154364,4449,TOI-1685,TOI-1685 b,jw03263001001,nrs2,5,4.668175914914488,4.837898569737941,0,70.4311089016218,267.21750261514245,230.6394825767236,1.0265440483194446,-0.2977510968373775,0.7658931415024571,False,cont,519.1370962997128
-92.28444162971248,49.28132879928359,0.0261764783365641,0.0243500221041973,639.7458170413324,linear,463.3481253158018,1.0060775093309464,1032,TOI-1685,TOI-1685 b,jw04195001001,nrs1,0,2.861945218061805,2.969280119346575,0,117.78051332814164,45.42456508831543,38.747309306648106,1.0656301153154293,-2.031597692796641,0.04219440046762394,False,cont,167.00785119999136
53.11410609463714,55.32141222562927,0.025489725315144,0.0265111335618855,676.0676637791589,linear,414.7388124278734,1.076493365265601,1032,TOI-1685,TOI-1685 b,jw04195001001,nrs1,1,2.969280119346575,3.076615020631345,0,117.78051332814164,60.855252184477415,57.71565264518198,0.9366231244505352,0.8727941169913541,0.38277530679560556,False,cont,153.22099593810248
-8.18974247860163,51.355563400925305,0.0249959977769737,0.0248316363211906,620.7593711093539,linear,411.80526640456463,0.9835279884176836,1032,TOI-1685,TOI-1685 b,jw04195001001,nrs1,2,3.076615020631345,3.1839499219161147,0,117.78051332814164,41.32495014424961,47.01413871944468,1.182711678314476,-0.19817912544393565,0.8429049190566985,False,cont,76.16928546589224
94.2339651586224,39.65901520786666,0.0255316028912563,0.0273147709372682,698.154774341704,linear,392.5590007181524,1.0135326069502306,1032,TOI-1685,TOI-1685 b,jw04195001001,nrs1,3,3.1839499219161147,3.2912848232008844,0,117.78051332814164,48.649554132624594,38.27386182649531,1.102528291011056,1.9369954532723808,0.05274589915706173,False,CH4,174.26248170678986
-7.574501952987956,69.60256346745763,0.0259011056516244,0.0257544709132923,667.8278819911006,linear,419.7102644007769,0.9996833797612122,1032,TOI-1685,TOI-1685 b,jw04195001001,nrs1,4,3.2912848232008844,3.398619724485654,0,117.78051332814164,71.983888412688,66.05352989477151,0.9540833032247168,-0.10522496241885235,0.9161973035282843,False,CH4,125.98799839185972
79.90191194773473,43.63360136323843,0.0263356149833717,0.0278112662153331,732.9156887605782,linear,412.7345413144657,1.0535398445732411,1032,TOI-1685,TOI-1685 b,jw04195001001,nrs1,5,3.398619724485654,3.505954625770424,0,117.78051332814164,41.41179760752239,39.01956166856247,1.0481109146362737,1.9294480453372223,0.053675264049778806,False,cont,148.02431901210906
-127.42722019079316,39.92421033424135,0.0280513231485816,0.0256797490290571,724.2813827447432,linear,475.2234191846866,0.8751900428529442,1032,TOI-1685,TOI-1685 b,jw04195001001,nrs1,6,3.505954625770424,3.6132895270551937,0,117.78051332814164,22.058145424129037,36.49605896873259,0.8529453653369248,-5.776878234350684,7.609931653225279e-09,True,cont,163.71286941348544
-73.94085634634072,53.45158906801515,0.0274255155164441,0.026042619779822,715.8898774026485,linear,468.3198331309201,1.0803374289944108,1032,TOI-1685,TOI-1685 b,jw04195001001,nrs1,7,3.6132895270551937,3.720624428339963,0,117.78051332814164,52.11854687365074,50.62108266157405,1.0664149209413298,-1.418705255263411,0.1559849644486998,False,cont,159.6758659534962
-161.0615742068061,46.89262250796904,0.0273702071764848,0.0242500859107117,669.6668431462044,linear,505.7406613700997,1.0206104987169569,1032,TOI-1685,TOI-1685 b,jw04195001001,nrs2,0,3.819573250734604,3.989295016665008,0,194.4146126811653,33.63714009041179,37.03372254630598,1.0134059390089454,-4.788206541159438,1.6827841041348474e-06,True,cont,216.3946696555335
-19.35139696867237,74.51415795512324,0.0252447474473668,0.0248585171865231,628.2477719160481,linear,427.4311512452468,1.078242769652761,1032,TOI-1685,TOI-1685 b,jw04195001001,nrs2,1,3.989295016665008,4.159016782595411,0,194.4146126811653,80.02358747904633,84.74080529171265,0.9262033088452848,-0.24182116271329887,0.8089187400263337,False,cont,150.99019837170357
36.81848672938487,59.42282079301132,0.0260049469366713,0.0267034782735971,694.2759871521724,linear,465.9928882444607,0.9919856446374388,1032,TOI-1685,TOI-1685 b,jw04195001001,nrs2,2,4.159016782595411,4.328738548525815,0,194.4146126811653,59.83813419560306,55.990052541503935,0.9412328247097842,0.6153013830449666,0.5383557043729266,False,CO2,135.2522174811519
33.37557093252813,89.69343373424317,0.0238253193882897,0.024515738106093,583.8124505286855,linear,657.0361118678488,0.921169308067746,1032,TOI-1685,TOI-1685 b,jw04195001001,nrs2,3,4.328738548525815,4.498460314456218,0,194.4146126811653,100.68475094997106,86.8557235109171,0.9692161681318452,0.3314858567720152,0.7402775223513369,False,CO2,199.0019862452305
213.9662599804965,110.01285285982851,0.02030154879169,0.0250223728555441,517.3218446677399,linear,815.35847582084,0.9080743655018308,1032,TOI-1685,TOI-1685 b,jw04195001001,nrs2,4,4.498460314456218,4.668182080386622,0,194.4146126811653,170.63682094146424,143.8810144213042,0.8942119103247821,1.25392783808306,0.20986823555258638,False,CO,494.6638304292052
488.88165521081015,141.8557848453223,0.0173935334647232,0.0281321286361209,542.1096516373456,linear,1205.3594150169115,0.9943783135488846,1032,TOI-1685,TOI-1685 b,jw04195001001,nrs2,5,4.668182080386622,4.837903846317025,0,194.4146126811653,162.70547782605058,151.7450765231819,0.7538846031975497,3.004703109833072,0.002658401984757109,False,cont,756.5321662346634
951.6973932357594,373.64474460678525,0.0001000103910911,0.0308497551905049,421.610818766969,linear,5064.424939260292,1.0528341888180173,1032,TOI-1685,TOI-1685 b,jw04195001001,nrs2,7,5.007625612247429,5.177347378177832,0,194.4146126811653,215.51250449875897,532.1664108945481,1.4057341807037913,4.4159729638390415,1.0055665308731961e-05,True,cont,1306.2154631362177
-118.46549475685389,46.89255932897096,0.0278153241826685,0.0255973976144078,715.4912432449108,linear,477.30890498307593,1.022657440945125,1032,TOI-1685,TOI-1685 b,jw04195002001,nrs1,0,2.8615103233790617,2.9689299817875265,0,-70.50866062234779,44.884075703774045,54.67014297702814,1.0915858835944805,-2.639365808459609,0.00830612997685543,False,cont,192.2997992895622
-12.725052823768037,45.04472634030747,0.0249442958286375,0.0246879088130772,615.9983494505151,linear,410.2504439942564,1.017834988530101,1032,TOI-1685,TOI-1685 b,jw04195002001,nrs1,1,2.9689299817875265,3.076349640195992,0,-70.50866062234779,34.32374092179475,43.55516951015814,1.0194242915729712,-0.3707361867333037,0.7108340348880541,False,cont,69.1876066401204
-2.552950940253691,47.03660221570949,0.0256551025991063,0.0256052990302871,656.92951946326,linear,419.7488553643252,0.9743951192195096,1032,TOI-1685,TOI-1685 b,jw04195002001,nrs1,2,3.076349640195992,3.183769298604456,0,-70.50866062234779,45.41744352856174,41.07864395901933,0.9332064941389264,-0.05621080232418217,0.9551738757599554,False,cont,77.26464554473776
63.9344066368663,61.592568419949366,0.0253365367202437,0.026568298771527,674.344098826015,linear,409.66120805043727,0.9986201255744952,1032,TOI-1685,TOI-1685 b,jw04195002001,nrs1,3,3.183769298604456,3.291188957012921,0,-70.50866062234779,33.61745135877162,51.11769919368771,1.082671849323244,1.9018219422569118,0.05719443667443757,False,CH4,119.23511412204562
-11.266444916059193,51.66603505828923,0.0269716970604206,0.026762025285898,722.0450157453517,linear,421.02153130079137,0.9145888321389284,1032,TOI-1685,TOI-1685 b,jw04195002001,nrs1,4,3.291188957012921,3.3986086154213857,0,-70.50866062234779,49.699077156756765,49.30124731416106,0.8743009870316094,-0.2266932418186256,0.8206622825721506,False,CH4,93.02142683892407
88.73665348725613,50.38258108512282,0.0254311156867855,0.0271197031429535,690.6416560182747,linear,398.60265843028697,0.9399909150805696,1032,TOI-1685,TOI-1685 b,jw04195002001,nrs1,5,3.3986086154213857,3.5060282738298505,0,-70.50866062234779,46.22910487759511,51.50218931708374,1.0276126235198573,1.9194975486160075,0.05492139623138498,False,cont,164.7835310109001
-55.56138814231373,45.73241972107407,0.0262315042167279,0.0251501575607371,660.8405923159349,linear,425.643510985953,0.9869629619802178,1032,TOI-1685,TOI-1685 b,jw04195002001,nrs1,6,3.5060282738298505,3.6134479322383153,0,-70.50866062234779,54.00112881824396,40.81050290297784,0.981089309691382,-1.0288930872041817,0.30352991713228117,False,cont,144.39324504832507
77.965287036978,41.31618100647046,0.0269998589876878,0.0284070004117295,767.2883396370254,linear,480.4872753002872,0.9906487002795858,1032,TOI-1685,TOI-1685 b,jw04195002001,nrs1,7,3.6134479322383153,3.72086759064678,0,-70.50866062234779,40.68684298101005,41.9846403613011,1.0567647672503102,1.9162284739901563,0.0553360205316617,False,cont,144.8951437407395
-2.484746944669933,50.601085193282834,0.025289079276306,0.0252399045897289,638.3323520949135,linear,435.2299872993859,1.098405682699635,1032,TOI-1685,TOI-1685 b,jw04195002001,nrs2,0,3.819816307503048,3.989537652296524,0,114.69786759989228,58.25886907336475,55.52709204323196,0.9554056508761658,-0.04265010605579931,0.9659804529455572,False,cont,98.32058657035495
-4.936310099921959,32.67380499387073,0.0252264057429211,0.0251283751286581,633.9555688038483,linear,375.13237695752144,0.955404763387175,1032,TOI-1685,TOI-1685 b,jw04195002001,nrs2,1,3.989537652296524,4.15925899709,0,114.69786759989228,35.70189700897086,37.64839098704328,0.899317057067413,-0.13826464455604717,0.8900312666470483,False,cont,63.66593067967903
32.193993492725504,44.19195175675098,0.0239930733195461,0.0246548486267882,591.3843196556074,quad,410.8362112176205,1.055061444484239,1032,TOI-1685,TOI-1685 b,jw04195002001,nrs2,2,4.15925899709,4.328980341883476,0,114.69786759989228,31.569145349339184,39.151483245964805,1.0310471739057392,1.01979300156757,0.30782664299411944,False,CO2,84.12523759238846
53.65647243387036,72.71658856114983,0.024716337019674,0.0257789407870839,637.1227117293936,linear,591.7707323241704,1.0269754961044644,1032,TOI-1685,TOI-1685 b,jw04195002001,nrs2,3,4.328980341883476,4.498701686676952,0,114.69786759989228,95.83602394558334,89.32096970192828,0.9964515304881232,0.5598779062906142,0.5755627196357195,False,CO2,211.30673182435496
-182.776101262731,70.8611634598101,0.0238060226224042,0.0195946577371407,477.84159591140445,linear,664.9761155871228,1.0753030923047353,1032,TOI-1685,TOI-1685 b,jw04195002001,nrs2,4,4.498701686676952,4.668423031470428,0,114.69786759989228,96.68396220473176,81.76509930773469,1.0617717164416889,-1.890449016515232,0.05869793310894281,False,CO,341.8212190895148
-7.017071268004848,197.28863750699105,0.0185646033871434,0.0183746408850331,341.30192072251936,linear,1548.4566971647862,1.068402355831224,1032,TOI-1685,TOI-1685 b,jw04195002001,nrs2,5,4.668423031470428,4.838144376263904,0,114.69786759989228,174.25199693941678,174.2582263842131,0.9597890198278238,-0.04026967490332128,0.9678781300814496,False,cont,293.6616062333454
-668.0773105170513,446.1786886832968,0.0304031331487233,0.0160085350592097,596.0497541150197,linear,5532.994217364784,1.0324308644108644,1032,TOI-1685,TOI-1685 b,jw04195002001,nrs2,7,5.00786572105738,5.177587065850856,0,114.69786759989228,244.7182589208361,425.7393211155596,0.6629511272767491,-2.729985549354401,0.006333710180121188,False,cont,1070.6388464418267
-17.43940630098402,62.20873151347153,0.0274954969059839,0.0271765145632398,747.7359800341276,linear,485.72611621196864,0.9057046605177346,1032,TOI-1685,TOI-1685 b,jw04195003001,nrs1,0,2.8617391449464544,2.9690742420659344,0,62.36417295747828,79.35031647903729,66.4744888820351,0.9794525111416474,-0.21977740070628643,0.8260445209505085,False,cont,147.97067690900036
-112.48262542861504,43.07232299585865,0.0267948605260004,0.0246065423247396,662.587184667417,linear,406.41327592281647,1.0711464901157093,1032,TOI-1685,TOI-1685 b,jw04195003001,nrs1,1,2.9690742420659344,3.0764093391854144,0,62.36417295747828,35.15428657261994,47.75181365761359,1.119370938065383,-3.1996844878718886,0.0013757810530056116,False,cont,170.31142684057482
55.20123639499109,53.69118140017987,0.0244012264578798,0.0255072752179398,622.9077019393305,quad,423.51281768716507,0.8817515822349188,1032,TOI-1685,TOI-1685 b,jw04195003001,nrs1,2,3.0764093391854144,3.1837444363048943,0,62.36417295747828,53.59123385795329,54.74457686994126,1.0771388742730157,1.0300422741022386,0.3029901613814241,False,cont,143.35881609132426
-25.18858709618698,79.58409104198263,0.0259206035203685,0.0254300825748552,659.5468710095969,quad,391.972457964287,0.9871777600464434,1032,TOI-1685,TOI-1685 b,jw04195003001,nrs1,3,3.1837444363048943,3.291079533424374,0,62.36417295747828,77.02593128032964,93.38785975024749,1.03551897703903,-0.32701437915129067,0.7436570096202892,False,CH4,151.89624405232922
31.357456909293365,56.80961715782843,0.0243632517592099,0.024998509819426,609.2278381737462,quad,382.0914503579067,1.0503454570365796,1032,TOI-1685,TOI-1685 b,jw04195003001,nrs1,4,3.291079533424374,3.3984146305438543,0,62.36417295747828,54.13323872089397,55.20207305169128,1.0188436497946245,0.5792643789699993,0.5624107969099357,False,CH4,120.40663460516394
-11.915174252894486,67.77529548378192,0.0247132666869151,0.0244710109330549,605.5065307521924,quad,378.7287045353006,1.1352274798908624,1032,TOI-1685,TOI-1685 b,jw04195003001,nrs1,5,3.3984146305438543,3.505749727663334,0,62.36417295747828,50.862021851239874,56.39062190448482,1.0113623469740132,-0.23426465994104062,0.8147795198828898,False,cont,95.58320019818409
199.17082784579927,37.309619373980496,0.0230262777551907,0.0270070415837238,627.4938524430027,quad,427.4532287967735,0.9553336049142656,1032,TOI-1685,TOI-1685 b,jw04195003001,nrs1,6,3.505749727663334,3.613084824782814,0,62.36417295747828,48.8064375573712,43.64901660507312,0.9780621520222628,4.080831091424714,4.487495747901582e-05,True,cont,279.4574176276749
100.02214871178492,58.335721972117724,0.0255507633411819,0.0274383610302961,701.912906681584,linear,449.6881982658229,1.1395618436983863,1032,TOI-1685,TOI-1685 b,jw04195003001,nrs1,7,3.613084824782814,3.7204199219022938,0,62.36417295747828,78.55247275952517,73.61069870087003,0.8619916219220012,1.2733163603644337,0.20290580350790777,False,cont,229.24096640120382
-7.1142895620834175,62.75652437873049,0.0257690278251776,0.0256306165648174,660.5923980431139,linear,473.7499856682186,0.9346424760321284,1032,TOI-1685,TOI-1685 b,jw04195003001,nrs2,0,3.819368890279301,3.98909116483544,0,119.56679773507447,46.27405847331234,74.61890610573668,1.0780594278711717,-0.15374250274992513,0.8778127708137781,False,cont,83.23511575068221
-21.19463777122135,58.75505596805102,0.02729636357476,0.0269053308218699,734.5300799197375,linear,358.2362366641103,1.1400997737789091,1032,TOI-1685,TOI-1685 b,jw04195003001,nrs2,1,3.98909116483544,4.158813439391579,0,119.56679773507447,75.67629222748135,71.27743180721228,0.9442389878163462,-0.2800697173100224,0.7794240174129178,False,cont,145.68213848542817
-3.976980614514764,65.18652421585215,0.0267708210887854,0.0266964394845688,714.6838378777574,linear,415.8381031298256,0.9873968561373194,1032,TOI-1685,TOI-1685 b,jw04195003001,nrs2,2,4.158813439391579,4.328535713947718,0,119.56679773507447,66.96375829975135,57.21861625432781,1.0000627082992313,-0.05939004493613573,0.9526414420546971,False,CO2,114.13236301760573
-10.031431343105089,69.59099228556023,0.0261681838904007,0.0259758044491161,679.8847158915826,linear,535.9316196884321,1.0792138006336185,1032,TOI-1685,TOI-1685 b,jw04195003001,nrs2,3,4.328535713947718,4.498257988503857,0,119.56679773507447,50.15043894385873,54.48762333351585,1.0142449662080355,-0.2000267904800364,0.8414596287349563,False,CO2,92.5289034057527
-139.75750258329367,89.3839406298132,0.0275867393304407,0.0249253020904941,692.6470586672124,linear,709.3588449997343,0.9980542691586284,1032,TOI-1685,TOI-1685 b,jw04195003001,nrs2,4,4.498257988503857,4.667980263059997,0,119.56679773507447,65.06698373280528,97.16011828156522,0.9841168635465994,-2.1479019706400058,0.031721543810582654,False,CO,246.79269082375836
123.05811826574865,229.8680799552495,0.031969907090749,0.0338398149766939,1082.5690645190505,linear,1169.5529673763626,0.8871903971198376,1032,TOI-1685,TOI-1685 b,jw04195003001,nrs2,5,4.667980263059997,4.837702537616135,0,119.56679773507447,197.33500148347224,236.06550844047803,1.0151475520579143,0.6236000574690514,0.5328902728722692,False,cont,447.67419570606046
37.81340591589794,69.69827761684513,0.0243902268725039,0.0251534604539437,613.2862106676245,quad,471.1294044036096,1.0933018934748528,1032,TOI-1685,TOI-1685 b,jw04195104001,nrs1,0,2.861846381978652,2.969370875383745,0,-112.5825387593239,58.09833485115358,64.8101841643913,0.9382585248348524,0.6508518017388089,0.5151421571346144,False,cont,133.38516674604557
90.75365227776854,85.79658778806092,0.024910935040646,0.0266703643934059,665.1372264975971,linear,401.7866543282749,1.1664827373914275,1032,TOI-1685,TOI-1685 b,jw04195104001,nrs1,1,2.969370875383745,3.0768953687888385,0,-112.5825387593239,65.77416973129496,65.17370534239275,0.9687888188215956,1.379776478342812,0.16765547699724792,False,cont,198.95216148574875
140.87187657023836,96.30859395926916,0.0235011799384793,0.026328261147881,620.8040234420979,quad_exp,384.69375589153,1.1223215864131613,1032,TOI-1685,TOI-1685 b,jw04195104001,nrs1,2,3.0768953687888385,3.184419862193932,0,-112.5825387593239,113.94420914146548,101.60477402208436,1.0100819574184576,1.2363232640927042,0.2163384269409181,False,cont,328.31010060794904
78.31997212868168,108.40283574855138,0.0236874331798881,0.0252866459377345,599.304427348096,quad_exp,385.5178841281054,1.1159540239921328,1032,TOI-1685,TOI-1685 b,jw04195104001,nrs1,3,3.184419862193932,3.291944355599025,0,-112.5825387593239,100.16063345055588,102.33311645077936,1.055773998673707,0.7819436582072357,0.43424768590532126,False,CH4,243.0842141548461
-66.00644233229814,59.44218826028758,0.0249104432012209,0.0235483277144887,588.2950101751838,linear,414.2041642977151,0.871822703570815,1032,TOI-1685,TOI-1685 b,jw04195104001,nrs1,4,3.291944355599025,3.3994688490041183,0,-112.5825387593239,61.99080590060525,64.23526669244781,1.1396902918552,-1.0647779355882463,0.2869764321802134,False,CH4,167.98131803879377
5.798922841517614,67.45458176811893,0.0232022068010599,0.023326836975481,541.1855386118591,linear,386.5029352404359,1.0803648703373332,1032,TOI-1685,TOI-1685 b,jw04195104001,nrs1,5,3.3994688490041183,3.506993342409212,0,-112.5825387593239,49.87445977959672,53.20266594557956,1.0653474088570138,0.11627038903567054,0.907438252544101,False,cont,87.84240917895421
57.79377216718392,64.07172595824045,0.0232890212176667,0.0244984138556788,571.2628753926201,linear,420.0114721416543,1.0107354493539455,1032,TOI-1685,TOI-1685 b,jw04195104001,nrs1,6,3.506993342409212,3.614517835814305,0,-112.5825387593239,46.57844695557335,59.40030474072202,1.0733853853722015,1.2407835800602751,0.21468570860501346,False,cont,134.41531740910207
24.307574034315305,73.31784143612579,0.0239069982416436,0.0244100827315326,583.6815252952451,linear,464.7877478680537,1.057933202213745,1032,TOI-1685,TOI-1685 b,jw04195104001,nrs1,7,3.614517835814305,3.7220423292194,0,-112.5825387593239,57.917429086819126,63.93374366007274,1.1582301198157996,0.41969359513313126,0.6747093046175338,False,cont,119.58174488213277
-140.53421232598177,81.18689856166333,0.0268724394354895,0.0241162556979326,653.8000753320866,linear,453.845300063807,0.9986707813311716,1032,TOI-1685,TOI-1685 b,jw04195104001,nrs2,0,3.821009262337536,3.990761658879896,0,222.2816364886132,57.36185733063616,62.88162322257548,0.9289266682750448,-2.449959238870817,0.014287238737225046,False,cont,234.89446763487825
8.259590453565968,79.57926958654551,0.0238011154284636,0.0239740002104908,569.4568951481366,quad_exp,372.69166016427,1.0885794510941726,1032,TOI-1685,TOI-1685 b,jw04195104001,nrs2,1,3.990761658879896,4.160514055422255,0,222.2816364886132,73.93922135809301,64.16724097858945,0.8725181235591785,0.11170783654272166,0.9110550655627466,False,cont,129.88960958762897
-88.35846195463967,69.8687877932725,0.0260294284246536,0.0242728795605203,634.891054876688,quad_exp,425.88664620664986,1.1044285218714105,1032,TOI-1685,TOI-1685 b,jw04195104001,nrs2,2,4.160514055422255,4.330266451964614,0,222.2816364886132,51.21305446911716,59.1143283656232,1.0500503742781264,-1.7253113072551096,0.08447138529340087,False,CO2,172.6039365563374
67.48906922017896,84.8790261790463,0.0243617729839468,0.0257096295605662,626.7565452628517,linear,621.925505544919,1.0133287311666652,1032,TOI-1685,TOI-1685 b,jw04195104001,nrs2,3,4.330266451964614,4.500018848506974,0,222.2816364886132,79.61796797693535,100.04666918789822,1.0352361582335323,0.8476612872075556,0.39662663192462466,False,CO2,198.4606265422376
12.33444697876381,141.7067813235695,0.0261753280359551,0.0264098891472233,691.1065199855404,quad,719.904186013046,0.9993522951765454,1032,TOI-1685,TOI-1685 b,jw04195104001,nrs2,4,4.500018848506974,4.669771245049333,0,222.2816364886132,125.27636315876298,130.88396503358285,1.0488092327123073,0.09845789475172056,0.9215687045778926,False,CO,218.41406437492893
670.7039623354572,400.898474138653,0.0336376644374257,0.042452284168703,1448.093293796329,quad_exp,1570.7782166285856,1.116433833941233,1032,TOI-1685,TOI-1685 b,jw04195104001,nrs2,5,4.669771245049333,4.8395236415916925,0,222.2816364886132,386.0552408310237,379.1365829645525,0.8769464115307493,1.7373264015059031,0.08232957396108445,False,cont,1305.764833502491
-6.319323704326871,80.19201738736439,0.0332113486475508,0.0331160739714847,1099.8403004801878,quad_exp,465.1708755373135,0.993347898049138,3636,TOI-776,TOI-776 c,jw02512003001,nrs1,0,2.861493050972169,2.9689180615271766,1,-65.32285257505161,119.09508737124408,81.80929466355387,0.9964407533286046,-0.053061161831371176,0.9576831762047268,False,cont,202.23074243002338
19.98448347875705,98.6857258453082,0.0341358715240461,0.0344273468072249,1175.807593983982,quad_exp,396.319259897866,1.090585831236971,3636,TOI-776,TOI-776 c,jw02512003001,nrs1,1,2.9689180615271766,3.0763430720821847,1,-65.32285257505161,94.54656382312814,103.21329827710836,1.1754159323944655,0.21137186451474624,0.8325971096204693,False,cont,175.51358096780285
23.68080640414864,151.27425814686137,0.0325372823065745,0.0328991724257902,1070.3490811004367,quad_exp,384.43856347969313,1.1756020753528744,3636,TOI-776,TOI-776 c,jw02512003001,nrs1,2,3.0763430720821847,3.183768082637193,1,-65.32285257505161,171.77920826356117,164.21973014008347,1.0049590907743509,0.1378560690989746,0.8903541706014293,False,cont,306.2576039977068
-64.56039301205537,157.86923892735555,0.0325824995903784,0.0315762392717206,1028.9853296454107,quad_exp,399.83270105249375,1.1991447080877002,3636,TOI-776,TOI-776 c,jw02512003001,nrs1,3,3.183768082637193,3.2911930931922004,1,-65.32285257505161,189.225752853966,152.29721913598436,0.8692433499581849,-0.34118185309522603,0.7329666837098043,False,CH4,375.83675645682945
-37.962575733385336,90.62741609127988,0.0337569668859498,0.033189911684211,1120.1212904195522,quad_exp,385.27279306392495,1.0292798553594478,3636,TOI-776,TOI-776 c,jw02512003001,nrs1,4,3.2911930931922004,3.398618103747208,1,-65.32285257505161,110.20004906978916,110.72872751106009,0.8737309920269744,-0.3444878296682411,0.7304794471112281,False,CH4,219.2416564531885
-56.04822856004692,75.56701548128497,0.0343101018122511,0.0334833519499913,1148.8627018857278,quad_exp,394.44585252255,1.1405786761746517,3636,TOI-776,TOI-776 c,jw02512003001,nrs1,5,3.398618103747208,3.506043114302216,1,-65.32285257505161,41.91305659196985,50.5804705041734,0.9076678424537176,-1.337249848076822,0.18114109549415225,False,cont,124.99520665383733
-57.60751697371892,78.77291104439787,0.0331430090947452,0.0322622307796693,1068.60446789276,quad_exp,418.5515196459544,1.060994293634676,3636,TOI-776,TOI-776 c,jw02512003001,nrs1,6,3.506043114302216,3.613468124857224,1,-65.32285257505161,89.36178786938301,74.51634835364867,0.8476052467857541,-0.6446549285464366,0.5191508304745562,False,cont,204.60765801885398
-16.86530355495051,86.60140045029001,0.0331632665070105,0.0329080072605445,1091.411114274542,quad_exp,480.2625739342049,1.05908884111934,3636,TOI-776,TOI-776 c,jw02512003001,nrs1,7,3.613468124857224,3.720893135412232,1,-65.32285257505161,94.29608704954796,112.68454126490144,1.009253530344843,-0.17885475508743667,0.8580517500471041,False,cont,171.9823667514569
24.8697437585457,56.721780075771534,0.0296571261765872,0.030073491264111,892.3293086950756,linear,451.1917996795027,1.0882241496201,3636,TOI-776,TOI-776 c,jw02512003001,nrs2,0,3.819846811472352,3.989576792564478,0,16.044109585419946,50.70511523459572,53.9023390696126,1.0249754523229222,0.4904780049011161,0.6237956903628609,False,cont,108.27965831945566
32.02637442176952,89.72763591518476,0.0309667806695649,0.0314796423019498,975.1910854605349,quad_exp,417.3165798255918,1.038426791161586,3636,TOI-776,TOI-776 c,jw02512003001,nrs2,1,3.989576792564478,4.159306773656604,0,16.044109585419946,83.11846486521421,90.2083389194719,0.9787462025781496,0.3853099846550803,0.7000077648770517,False,cont,168.7562491250469
-22.80601750685176,69.1382631066098,0.0290277725537293,0.0286322468892015,830.742681694507,linear,441.3316622663664,1.0562309295270529,3636,TOI-776,TOI-776 c,jw02512003001,nrs2,2,4.159306773656604,4.32903675474873,0,16.044109585419946,58.85526164444554,69.2694240017278,0.94279661485404,-0.3874932651667869,0.6983910698831894,False,CO2,119.62292291196468
108.7637014693505,52.43552496528676,0.0280420689161336,0.0299185783513612,842.7966269753028,linear,601.0862335578216,1.0090615084631445,3636,TOI-776,TOI-776 c,jw02512003001,nrs2,3,4.32903675474873,4.498766735840856,0,16.044109585419946,81.25426522200623,69.45550321453294,0.9378019241936104,1.338559904174653,0.180713986509894,False,CO2,242.42696775955073
131.2027048174408,63.989314705364,0.0297554594026707,0.0318840096142475,953.888210888318,quad,718.3908479200484,1.0155991456629094,3636,TOI-776,TOI-776 c,jw02512003001,nrs2,4,4.498766735840856,4.668496716932982,0,16.044109585419946,51.89256113482168,60.94359802653171,0.9607352427843036,2.5283528495840475,0.011459911419491474,False,CO,216.56596788422246
-30.66893331489832,358.3060611481381,0.0291889531623159,0.028658786670007,835.0622486697022,quad_exp,2105.325855625381,1.2008876615380752,3636,TOI-776,TOI-776 c,jw02512003001,nrs2,5,4.668496716932982,4.838226698025107,0,16.044109585419946,287.76780982784555,342.7760912968024,1.039655592291412,-0.10657527446605557,0.9151259349605098,False,cont,504.0469804817042
-23.488082680828875,79.9481038291639,0.0326153915531769,0.0322533050009796,1051.843177583313,quad_exp,445.0132660920275,1.1330015413891104,3636,TOI-776,TOI-776 c,jw02512004001,nrs1,0,2.861530453545439,2.9689537175170906,0,0.0,86.20496208391785,87.66312013099078,1.0310136770091023,-0.27246787322943145,0.7852622905635056,False,cont,165.29524530887375
-71.48434735451269,85.62000668263767,0.0324659772987749,0.0313457386993839,1016.346291348264,quad_exp,391.9269036545776,1.0728582697617255,3636,TOI-776,TOI-776 c,jw02512004001,nrs1,1,2.9689537175170906,3.076376981488742,0,0.0,71.8208501852086,74.55212964586936,0.870000416275739,-0.9953146916274571,0.31958323453552273,False,cont,189.62964590918085
-51.59609652448036,133.40228100634212,0.0330860954934588,0.0322969598952873,1067.7731352473609,quad_exp,386.9920806995938,1.0799777307263023,3636,TOI-776,TOI-776 c,jw02512004001,nrs1,2,3.076376981488742,3.183800245460393,0,0.0,112.28319176683098,117.98136829934654,0.9705837726828418,-0.4595175441006844,0.6458625563931841,False,cont,236.3019469809173
-171.32329092889677,117.2501620512918,0.0320669759435816,0.0292740098933738,939.2725147133264,quad_exp,376.3003059649276,1.2831462524412616,3636,TOI-776,TOI-776 c,jw02512004001,nrs1,3,3.183800245460393,3.291223509432045,0,0.0,169.28856141876466,145.233682657943,1.0730913307262548,-1.0120192970693327,0.3115288269214075,False,CH4,449.8029744627646
-163.81059615095154,124.23197602666782,0.031072462777377,0.0283140838965439,883.1722661569861,quad_exp,361.4929877248852,1.2324031457414997,3636,TOI-776,TOI-776 c,jw02512004001,nrs1,4,3.291223509432045,3.398646773403696,0,0.0,117.76616553155108,109.51282114776944,0.8622406186361633,-1.3909818275187413,0.16423093743865036,False,CH4,357.53593845035306
-95.68309071277828,77.4448916847018,0.0321315882371983,0.0306064678120832,981.5775414791264,quad_exp,389.7068254306476,1.142956381372599,3636,TOI-776,TOI-776 c,jw02512004001,nrs1,5,3.398646773403696,3.5060700373753475,0,0.0,61.7232580291755,84.01655667552943,0.9826821639069604,-1.5501950766686776,0.12109470117031046,False,cont,197.21785017077195
-60.526763249776295,65.49993489954991,0.0317679102833883,0.0308005415621809,979.0214292233876,quad_exp,400.8443147854288,1.1215321829628426,3636,TOI-776,TOI-776 c,jw02512004001,nrs1,6,3.5060700373753475,3.613493301346999,0,0.0,44.39508464572811,64.02003409782118,0.9928244904896002,-1.3633663215821898,0.17276708963939735,False,cont,133.55667749199904
-6.488054791553262,39.36747021616486,0.0329364244145578,0.0328377830924124,1081.448510201766,linear,475.4028406806863,1.063517901509918,3636,TOI-776,TOI-776 c,jw02512004001,nrs1,7,3.613493301346999,3.7209165653186496,0,0.0,44.54126963970038,47.8795810182016,0.9933383075442546,-0.14566389427234355,0.8841867254867337,False,cont,79.7584433488604
-17.238164764934808,44.1589953295216,0.0300518834646252,0.0297636949152231,893.8413646994957,linear,446.82638380971207,1.066628513709805,3635,TOI-776,TOI-776 c,jw02512004001,nrs2,0,3.819868595222458,3.989595703010668,0,-49.69587728130424,33.18616156611658,34.46189565739385,0.9591702452706122,-0.519438342713764,0.6034550989631262,False,cont,71.82940054119658
-44.33400856849849,20.57316205388928,0.0286962504636088,0.027913093381094,800.0437097980616,linear,395.5045754878161,1.015448358953094,3635,TOI-776,TOI-776 c,jw02512004001,nrs2,1,3.989595703010668,4.159322810798878,0,-49.69587728130424,25.03434624759783,21.41388281543837,1.0375816464123244,-1.770927354364309,0.07657278286614491,False,cont,85.51550814579693
155.88886240195603,140.63534756210444,0.0290573789494376,0.0316262570313525,924.365355013186,quad_exp,436.1600609188722,1.1202263959345475,3635,TOI-776,TOI-776 c,jw02512004001,nrs2,2,4.159322810798878,4.3290499185870885,0,-49.69587728130424,171.9741437585851,151.26743279298523,1.0320076434162029,0.906466861790518,0.3646887970923557,False,CO2,438.7863288848285
160.90985066226455,74.24281870948346,0.0290270166659839,0.0316777137304694,934.4990789531704,quad_exp,591.9359462274169,1.0471116171284736,3635,TOI-776,TOI-776 c,jw02512004001,nrs2,3,4.3290499185870885,4.498777026375299,0,-49.69587728130424,82.58968689912723,88.79131481187927,1.0588093780584658,1.948304403415349,0.05137855058325534,False,CO2,296.76988561132885
85.64850060933027,80.00429992055967,0.0290683793062794,0.0305060514669313,889.783686948282,quad,721.875156891796,0.9706229280314144,3635,TOI-776,TOI-776 c,jw02512004001,nrs2,4,4.498777026375299,4.668504134163509,0,-49.69587728130424,76.1411353390617,70.41595564881949,1.122884327071674,1.1248650316012707,0.2606462319189806,False,CO,210.9006682420868
402.5445819685792,228.314138483088,0.0271717516454757,0.0337764514040772,944.8430512415332,quad_exp,1048.8695957383095,1.36740368340686,3635,TOI-776,TOI-776 c,jw02512004001,nrs2,5,4.668504134163509,4.83823124195172,0,-49.69587728130424,187.32817322360395,217.0117896280157,0.9773340349896256,2.1488736853696992,0.031644414302415075,False,cont,710.6994269214077
-151.6398849759267,63.8979072149127,0.02771063668094,0.024824171693878,695.9659333262204,quad,454.7663676701286,1.0517144793188642,3288,TOI-776,TOI-776 b,jw02512005001,nrs1,0,2.86193013214717,2.9692675886068045,0,6.647641580784301,71.23033304850561,60.36793112209097,0.9144781758687004,-2.1288667129025596,0.03326528948258284,False,cont,268.81378284071843
-144.1422598428098,88.51759504422445,0.0281307510858687,0.0254400647957566,735.1593734237214,quad_exp,388.7538862251949,1.1733192286954386,3288,TOI-776,TOI-776 b,jw02512005001,nrs1,1,2.9692675886068045,3.07660504506644,0,6.647641580784301,88.53901161277766,72.71501496313067,0.9103934647172072,-1.628008458838586,0.1035230921759199,False,cont,289.78893394582906
-125.11454356176066,104.04716095639948,0.0292094504969329,0.0269829104206906,802.6490006344573,quad_exp,384.9309201649216,1.1328879614323668,3288,TOI-776,TOI-776 b,jw02512005001,nrs1,2,3.07660504506644,3.1839425015260736,0,6.647641580784301,110.88791254776652,122.00575770046142,0.9216835026506156,-1.1282974012867797,0.25919434061523905,False,cont,307.5251597028366
-230.11697368460457,111.49661599844174,0.031001418858173,0.027036475316418,872.2853570986701,quad_exp,393.6070902644091,1.1649099848146482,3288,TOI-776,TOI-776 b,jw02512005001,nrs1,3,3.1839425015260736,3.291279957985708,0,6.647641580784301,140.25418341919456,128.0848720662513,0.8611168404636411,-1.6407137960143854,0.10085683976454062,False,CH4,460.8351054091796
-39.96340141738193,80.82361347455499,0.0271646892816263,0.0264188747366333,722.5445011494755,quad_exp,374.9505896103015,1.0761112306958585,3288,TOI-776,TOI-776 b,jw02512005001,nrs1,4,3.291279957985708,3.3986174144453427,0,6.647641580784301,65.82196980666697,81.62395993432064,1.1033566692427683,-0.6071438082871552,0.5437554794132682,False,CH4,148.24054174934912
-28.584752091322823,49.37810038577194,0.0267307472652407,0.0261906108608954,702.3979410568702,quad_exp,409.00963941319856,1.0312857067171566,3288,TOI-776,TOI-776 b,jw02512005001,nrs1,5,3.3986174144453427,3.505954870904977,0,6.647641580784301,37.86989332237708,46.10258980542842,1.107484724412932,-0.7548146979973739,0.45036017361918357,False,cont,90.88072660663312
-3.4654620231858995,38.37719728779227,0.0245774320794399,0.0245068297744995,602.4370868526297,quad,419.7631786635952,1.0389713396565632,3288,TOI-776,TOI-776 b,jw02512005001,nrs1,6,3.505954870904977,3.6132923273646114,0,6.647641580784301,38.18639790560145,35.233743782595525,1.199906127368724,-0.09075121543940023,0.9276902744573835,False,cont,66.28208657790029
-94.94797550329572,53.29997018280368,0.0264150696108342,0.0245521470963727,652.7255572704642,quad,467.006791082865,1.0854058211009394,3288,TOI-776,TOI-776 b,jw02512005001,nrs1,7,3.6132923273646114,3.720629783824246,0,6.647641580784301,49.35813809821117,54.47226202807023,0.9425780516931456,-1.9236539132487416,0.05439797841701576,False,cont,176.14211267485308
-76.3104228156962,53.84891005725394,0.0269538880546157,0.0254990521087561,689.7338283532712,linear,465.7585544161028,1.0085463680787474,3288,TOI-776,TOI-776 b,jw02512005001,nrs2,0,3.819580955478861,3.989306857983288,0,10.383156317706268,48.54701717252962,56.287621889332165,1.0092696932987129,-1.5718869512517966,0.11597677127285701,False,cont,156.17026606450742
-85.6104594444088,44.67306195675215,0.026746387024567,0.0250949947085772,674.1513464020562,linear,396.4225119569153,1.0456680012129915,3288,TOI-776,TOI-776 b,jw02512005001,nrs2,1,3.989306857983288,4.159032760487714,0,10.383156317706268,42.48423253700523,39.29587655913872,1.053791127783912,-2.0151113561917153,0.04389298261653334,False,cont,155.49702196778242
-68.92865235713153,27.37338558087252,0.0265925807988233,0.0252633469909435,674.3095827011466,quad,431.7022348025636,1.0587175686173829,3288,TOI-776,TOI-776 b,jw02512005001,nrs2,2,4.159032760487714,4.328758662992142,0,10.383156317706268,18.27783563567301,21.936998063217636,0.8820196405620903,-3.7711605318631314,0.0001624900950949457,True,CO2,98.99569197781364
-55.71260456285938,54.001753865072175,0.0271463714959351,0.0261000551883029,710.3087971496859,quad,582.0581964737308,1.033938181395876,3288,TOI-776,TOI-776 b,jw02512005001,nrs2,3,4.328758662992142,4.498484565496568,0,10.383156317706268,55.52762258696401,61.36564309883557,0.9255860195466878,-1.0033313505473005,0.31570101461288447,False,CO2,147.05554371841518
-84.78036237697599,66.10725777226364,0.0270683072144627,0.0254541331237101,691.868451490088,linear,708.4267612165825,1.060533986057485,3288,TOI-776,TOI-776 b,jw02512005001,nrs2,4,4.498484565496568,4.668210468000995,0,10.383156317706268,65.62212460755379,58.249558411591806,0.8572890283488844,-1.2919478435664196,0.19637520745091097,False,CO,192.72875735640196
-139.51598069775932,85.31173724045303,0.0274119274230106,0.0247365677559892,684.061635462368,linear,1217.769859105347,1.2318172571780264,3288,TOI-776,TOI-776 b,jw02512005001,nrs2,5,4.668210468000995,4.837936370505421,0,10.383156317706268,101.45148404108738,79.56613626273865,0.9262438122143096,-1.3751990127739875,0.16906975430212146,False,cont,306.40367194534804
236.16798912179289,356.342202220372,0.024675052503654,0.0290693344467993,721.8738170868261,linear,7161.547453290777,0.9168693601167868,3288,TOI-776,TOI-776 b,jw02512005001,nrs2,7,5.007662273009848,5.177388175514275,0,10.383156317706268,380.26388365708783,359.356299000277,0.9783484951108932,0.6210634227224248,0.5345578944150731,False,cont,861.7020777377023
36.29553642009941,28.128070225598982,0.0308133340148596,0.0313967687753279,966.735316897614,linear,444.1786264397686,1.072322430920819,3288,TOI-776,TOI-776 b,jw02512006001,nrs1,0,2.8620083763449493,2.9693472007189445,0,4.200244099877349,31.07866949330709,29.64252994147246,1.0160830792352729,1.1678600471592193,0.24286322214979916,False,cont,87.41994773658956
-121.47376614723156,73.78071787335158,0.0336618344153468,0.0318063724756376,1083.4601150556246,quad_exp,390.5592798994294,1.0898115566033248,3288,TOI-776,TOI-776 b,jw02512006001,nrs1,1,2.9693472007189445,3.07668602509294,0,4.200244099877349,80.88810959289066,83.75960965322221,1.0481224129342592,-1.5017505880482094,0.1331615337094532,False,cont,254.53470642753672
-174.076409707676,109.67127647716848,0.0343486295676909,0.0317135924087886,1109.9934495048872,quad_exp,383.71563905381015,1.1555977601966971,3288,TOI-776,TOI-776 b,jw02512006001,nrs1,2,3.07668602509294,3.1840248494669354,0,4.200244099877349,149.5787732482949,125.08978330117186,1.075321584140047,-1.1637774928045168,0.24451419555149445,False,cont,420.1334917011211
-272.45281658046827,140.96686992432436,0.0360928173861495,0.0320973308904256,1198.1177590173877,quad_exp,387.4343124425056,1.20794764279549,3288,TOI-776,TOI-776 b,jw02512006001,nrs1,3,3.1840248494669354,3.29136367384093,0,4.200244099877349,115.89044339171008,126.96845581977898,0.8700572288930447,-2.3509515418762947,0.018725472310791514,False,CH4,463.0925959598313
-9.368338544999594,67.68326912827833,0.0324745052592732,0.0323299420551532,1050.723799694629,quad_exp,376.9512367165384,1.0973909342407788,3288,TOI-776,TOI-776 b,jw02512006001,nrs1,4,3.29136367384093,3.398702498214926,0,4.200244099877349,57.48210315259822,66.7943972103636,0.9062395189996556,-0.16297835380395506,0.8705354779451161,False,CH4,103.92639823102367
-160.30146560357682,76.69247490198924,0.0342174214950801,0.0317888418815218,1105.0916925007016,quad_exp,409.9636603725883,1.1052275959064868,3288,TOI-776,TOI-776 b,jw02512006001,nrs1,5,3.398702498214926,3.506041322588921,0,4.200244099877349,111.2252533704595,97.15226819193542,1.037459403739285,-1.4412326404837084,0.14951896991975785,False,cont,343.2670073979827
-43.94200205764555,49.86983396666177,0.0314261129299318,0.0307190262187326,966.2418995387068,linear,422.9349085172349,1.0174265615273923,3288,TOI-776,TOI-776 b,jw02512006001,nrs1,6,3.506041322588921,3.6133801469629168,0,4.200244099877349,41.42752211834638,51.09195518772802,0.8259126922416287,-1.060695880678454,0.2888281326416081,False,cont,112.09027594232535
-62.83476980392948,84.1169203470119,0.0330878211583423,0.0321242764774946,1068.7308202746367,quad_exp,475.58817060098215,1.101741067553595,3288,TOI-776,TOI-776 b,jw02512006001,nrs1,7,3.6133801469629168,3.720718971336912,0,4.200244099877349,99.0025705026878,93.46239799167849,1.0453147481585467,-0.6346781652727248,0.5256383370875557,False,cont,225.6939982808509
-53.28426805297978,80.28400132868704,0.0269316298903834,0.0259235109601229,699.6165843308662,linear,461.3489726774448,1.0484262441369387,3288,TOI-776,TOI-776 b,jw02512006001,nrs2,0,3.819671276321525,3.9893992817174295,0,-10.329907237196828,61.48327944092338,69.05994992020764,0.8068393178794675,-0.8666464856380721,0.38613573505610943,False,cont,154.42426273329875
-41.53312236228378,74.2877432937088,0.0258658351958623,0.0250501159282192,648.5996451665263,linear,402.2902530182312,1.1194603609470004,3288,TOI-776,TOI-776 b,jw02512006001,nrs2,1,3.9893992817174295,4.159127287113334,0,-10.329907237196828,54.9704521280448,58.52800311465459,0.9888732662099048,-0.7555535884176298,0.44991689135987567,False,cont,131.95951611291747
46.66753363484098,56.46503378781147,0.0244470742952475,0.0253835965779515,620.1253067669167,linear,432.4506756139084,1.0484872992869827,3288,TOI-776,TOI-776 b,jw02512006001,nrs2,2,4.159127287113334,4.328855292509237,0,-10.329907237196828,36.76023730244363,59.76256782537102,0.9852297272471228,1.2695112180828814,0.204258792064697,False,CO2,107.13812399736074
25.60100106393159,64.26177526404055,0.0237892934986657,0.0243214203168645,575.7257552973443,linear,600.571264357864,0.9920578901391643,3288,TOI-776,TOI-776 b,jw02512006001,nrs2,3,4.328855292509237,4.498583297905141,0,-10.329907237196828,100.11830156991677,87.57157568276304,0.8842762513194103,0.2557075046469236,0.7981766999154504,False,CO2,190.29560714644467
-86.91010347541925,37.91171582007764,0.0260564107879859,0.0243315934471388,637.2705029407357,linear,714.9036112737559,1.0324468528845523,3288,TOI-776,TOI-776 b,jw02512006001,nrs2,4,4.498583297905141,4.668311303301046,0,-10.329907237196828,37.3009132399148,37.14169940232164,0.9594104147040408,-2.329972537573661,0.01980760263559,False,CO,148.2701057550791
