spec_id,pl_name,authors,instrument,bibcode,coverage,amp_snr,score_recon,score_mahal,score_knn,oddball_rank,cohort,pca_k
404,GJ 1132 b,Swain et al. 2021,Wide Field Camera 3,2021AJ....161..213S,1.0,3.0527597350724123,6.3042943262042375,5.258092375014706,3.3018096093101716,2.0,T_WFC3_G141,8
522,GJ 1132 b,Libby-Roberts et al. 2022,WFC3,2022AJ....164...59L,0.8888888888888888,0.8992340283619052,3.2874129929114573,5.320860198602528,3.220769347495197,3.0,T_WFC3_G141,8
670,Kepler-9 c,Edwards et al. 2023,Wide Field Camera 3,2023ApJS..269...31E,1.0,1.3276481683656252,3.58581958329078,4.796540316026119,3.116171074853623,5.0,T_WFC3_G141,8
675,TrES-4 b,Edwards et al. 2023,Wide Field Camera 3,2023ApJS..269...31E,1.0,1.3994745862658606,9.598733234065746,4.696626277434733,3.464294385115603,6.0,T_WFC3_G141,8
874,L 98-59 b,Damiano et al. 2022,Wide Field Camera 3,2022AJ....164..225D,0.9444444444444444,1.0936288169131918,2.662886340851922,4.660977574517763,3.20221199471253,8.0,T_WFC3_G141,8
103,GJ 3470 b,Ehrenreich et al. 2014,Wide Field Camera 3,2014A&A...570A..89E,0.9444444444444444,1.0951792616242744,7.586797280214305,4.520061645623865,3.014887509223434,10.0,T_WFC3_G141,8
1620,HD 97658 b,Guo et al. 2020,Wide Field Camera 3,2020AJ....159..239G,0.9444444444444444,1.913275330819833,2.536159754426788,4.729283395713183,2.9938850788415596,11.0,T_WFC3_G141,8
1611,HD 86226 c,Kahle et al. 2025,Wide Field Camera 3,2025A&A...701A.184K,1.0,2.12806443502882,11.097126387629574,4.449376092428341,2.8864358367032326,11.0,T_WFC3_G141,8
667,K2-24 b,Edwards et al. 2023,Wide Field Camera 3,2023ApJS..269...31E,1.0,0.9828161068096628,7.706657561838004,3.6405809396049955,2.975398795790615,12.0,T_WFC3_G141,8
532,TRAPPIST-1 h,Gressier et al. 2022,WFC3,2022A&A...658A.133G,0.9444444444444444,1.7597478447685617,3.9267123971354265,4.36621568724736,3.0200440756402784,12.0,T_WFC3_G141,8
676,TrES-2 b,Edwards et al. 2023,Wide Field Camera 3,2023ApJS..269...31E,1.0,1.4258462358269874,5.598439512695352,4.308155777908244,3.09930246491109,13.0,T_WFC3_G141,8
1616,Kepler-51 b,Libby-Roberts et al. 2020,Wide Field Camera 3,2020AJ....159...57L,0.8333333333333334,1.081849522865476,2.5600743277501388,4.255974287228797,2.971985154353191,14.0,T_WFC3_G141,8
1617,Kepler-51 b,Libby-Roberts et al. 2020,Wide Field Camera 3,2020AJ....159...57L,0.8333333333333334,1.0665058464275565,4.768047371345564,4.467806793034237,2.897542966152076,16.0,T_WFC3_G141,8
205,HAT-P-12 b,Line et al. 2013,Wide Field Camera 3,2013ApJ...778..183L,0.9444444444444444,1.0751083081394188,5.767491991433664,4.174711741299456,3.0700236144498283,17.0,T_WFC3_G141,8
1612,HD 86226 c,Kahle et al. 2025,Wide Field Camera 3,2025A&A...701A.184K,0.9444444444444444,0.932085209771114,5.898191030600316,4.0857210066734195,3.067179803992942,19.0,T_WFC3_G141,8
1622,L 98-59 b,Zhou et al. 2022,Wide Field Camera 3,2022AJ....164..203Z,1.0,1.3422712549593816,1.9668504325549725,3.9632732963878032,2.784620544392407,21.0,T_WFC3_G141,8
1680,WASP-12 b,Swain et al. 2013,Wide Field Camera 3,2013Icar..225..432S,1.0,3.0486701629120994,6.326274712884966,3.6951864779883428,2.8335732743368096,22.0,T_WFC3_G141,8
1624,L 98-59 b,Zhou et al. 2022,Wide Field Camera 3,2022AJ....164..203Z,1.0,1.4056522677211352,2.6806703572808463,4.240601288510413,2.683526755360146,22.0,T_WFC3_G141,8
1750,Kepler-79 d,Chachan et al. 2020,Wide Field Camera 3,2020AJ....160..201C,0.9444444444444444,1.3764990997673459,5.895953762662796,3.8476952164968807,2.900815493182778,23.0,T_WFC3_G141,8
682,WASP-18 b,Edwards et al. 2023,Wide Field Camera 3,2023ApJS..269...31E,1.0,0.8182117864314837,6.188591925867924,4.725703734495744,2.634597572595654,25.0,T_WFC3_G141,8
1618,Kepler-51 d,Libby-Roberts et al. 2020,Wide Field Camera 3,2020AJ....159...57L,0.8333333333333334,0.9188186890989128,10.167896149090403,3.0541661575898553,2.6507720506134165,25.0,T_WFC3_G141,8
508,WASP-18 b,Changeat et al. 2022,Wide Field Camera 3,2022ApJS..260....3C,1.0,0.8182217502783096,6.187975307713616,4.725807600922198,2.6347334370555635,26.0,T_WFC3_G141,8
487,LTT 9779 b,Edwards et al. 2023,Wide Field Camera 3,2023AJ....166..158E,1.0,1.2889724762734225,6.093961305403971,3.5367149591292,2.6638657636777103,27.0,T_WFC3_G141,8
1772,AU Mic b,Waalkes et al. 2026,Wide Field Camera 3,2026arXiv260631281W,0.8333333333333334,1.5339884204460728,6.203813517978611,3.504705630747024,2.6420829173980165,27.0,T_WFC3_G141,8
915,L 98-59 c,Barclay et al. 2025,Wide Field Camera 3,2025AJ....169..241B,0.9444444444444444,1.020547274509451,7.224697561645612,3.3499041253900232,2.6274127439995527,30.0,T_WFC3_G141,8
519,WASP-74 b,Fu et al. 2021,Wide Field Camera 3,2021AJ....162..271F,0.9444444444444444,1.4843908878627596,7.581866339056983,3.6250255640816698,2.616498150819381,31.0,T_WFC3_G141,8
1621,L 98-59 b,Zhou et al. 2022,Wide Field Camera 3,2022AJ....164..203Z,1.0,0.8246622281502829,5.741418084930699,3.526272083476234,2.894375763147747,32.0,T_WFC3_G141,8
232,GJ 1214 b,Kreidberg et al. 2014,Wide Field Camera 3,2014Natur.505...69K,0.9444444444444444,1.0066716367537276,3.2070827647547264,3.6590991145586687,2.6110765369814466,33.0,T_WFC3_G141,8
891,WASP-29 b,Wong et al. 2022,Wide Field Camera 3,2022AJ....164...30W,0.8888888888888888,0.5228630094558012,7.954721202890857,3.5226406648304587,2.607755986323676,34.0,T_WFC3_G141,8
524,GJ 1132 b,Mugnai et al. 2021,Wide Field Camera 3,2021AJ....161..284M,1.0,1.2653226444349372,5.563442058601756,3.928361456278441,2.514010446948448,34.0,T_WFC3_G141,8
1716,HAT-P-11 b,Chachan et al. 2019,Wide Field Camera 3,2019AJ....158..244C,0.9444444444444444,2.0092567286856906,7.7267422463094695,3.6460569876183335,2.579866014445795,34.0,T_WFC3_G141,8
660,GJ 3470 b,Edwards et al. 2023,Wide Field Camera 3,2023ApJS..269...31E,1.0,1.0855675965050051,2.3572164133551454,3.7086007907794154,2.6071688965821225,35.0,T_WFC3_G141,8
503,KELT-1 b,Changeat et al. 2022,Wide Field Camera 3,2022ApJS..260....3C,1.0,1.166992811578468,3.2024249391639485,3.8821918411868714,2.581652935774972,36.0,T_WFC3_G141,8
978,HAT-P-2 b,Jacobs et al. 2025,Wide Field Camera 3,2025AJ....169...96J,0.9444444444444444,1.1965347891850477,10.125046774293269,3.4674575869036017,2.563830626623767,38.0,T_WFC3_G141,8
399,WASP-101 b,Wakeford et al. 2017,Wide Field Camera 3,2017ApJ...835L..12W,0.8333333333333334,1.525884301804804,4.0766787889649665,3.5984064171549814,2.559672826242717,39.0,T_WFC3_G141,8
880,L 98-59 b,Damiano et al. 2022,Wide Field Camera 3,2022AJ....164..225D,0.9444444444444444,1.1993837278564845,5.26831293351362,4.103112172316189,2.555781025987395,39.0,T_WFC3_G141,8
1630,LTT 1445 A b,Bennett et al. 2025,Wide Field Camera 3,2025AJ....169..111B,0.9444444444444444,1.0638422757493569,5.540175503190696,3.5312667031072187,2.489935652093814,40.0,T_WFC3_G141,8
662,HAT-P-7 b,Edwards et al. 2023,Wide Field Camera 3,2023ApJS..269...31E,1.0,0.9371904762807299,5.221541133479639,3.7661534102696588,2.3282874706664507,41.0,T_WFC3_G141,8
499,HAT-P-7 b,Changeat et al. 2022,Wide Field Camera 3,2022ApJS..260....3C,1.0,0.9113972221677936,5.15247538236497,3.8261171792774604,2.4025363016187304,42.0,T_WFC3_G141,8
1626,L 98-59 b,Zhou et al. 2022,Wide Field Camera 3,2022AJ....164..203Z,1.0,1.0291917299032942,1.1779488231312891,3.5197114962105043,2.6138432509335985,43.0,T_WFC3_G141,8
1653,KELT-20 b,Chachan et al. 2025,Wide Field Camera 3,2025AJ....170..234C,1.0,1.5678235298308665,11.296018477920244,3.244357925152511,2.4985313513175487,44.0,T_WFC3_G141,8
1016,HIP 41378 f,Alam et al. 2022,Wide Field Camera 3,2022ApJ...927L...5A,1.0,1.407070688959666,5.006386031399556,3.4087797511989795,2.902769840624888,44.0,T_WFC3_G141,8
668,KELT-1 b,Edwards et al. 2023,Wide Field Camera 3,2023ApJS..269...31E,1.0,1.3083267484298584,5.004032331905563,3.6730532259767013,2.4205447430802858,45.0,T_WFC3_G141,8
672,TOI-270 d,Edwards et al. 2023,Wide Field Camera 3,2023ApJS..269...31E,1.0,1.4096861121988884,3.7190647029874393,3.491521031314595,2.6480717588972684,46.0,T_WFC3_G141,8
478,HD 97658 b,Knutson et al. 2014,Wide Field Camera 3,2014ApJ...794..155K,0.8888888888888888,1.3129757664932438,9.31719633941811,3.213406616789758,2.4822548899270163,46.0,T_WFC3_G141,8
8,GJ 1214 b,Berta et al. 2012,WFC3,2012ApJ...747...35B,1.0,0.8873667380803153,4.776304088388883,3.6534162723646335,2.45010902256305,47.0,T_WFC3_G141,8
1743,LHS 1140 b,Edwards et al. 2021,Wide Field Camera 3,2021AJ....161...44E,1.0,1.1952181566440634,3.5732170695990555,3.4764190427311656,2.83313909870944,47.0,T_WFC3_G141,8
585,WASP-74 b,Changeat et al. 2022,Wide Field Camera 3,2022ApJS..260....3C,1.0,0.96408394247893,2.4444442333283116,3.432368791565603,2.530340607140859,49.0,T_WFC3_G141,8
873,L 98-59 b,Damiano et al. 2022,Wide Field Camera 3,2022AJ....164..225D,0.9444444444444444,0.4209568844732035,2.1419555939352177,4.252418882643949,2.434626497550928,51.0,T_WFC3_G141,8
665,HIP 41378 f,Edwards et al. 2023,Wide Field Camera 3,2023ApJS..269...31E,1.0,4.202884214601232,2.167133242691898,3.3791813336138583,2.5272420534980027,52.0,T_WFC3_G141,8
117,WASP-74 b,Mancini et al. 2019,Wide Field Camera 3,2019MNRAS.485.5168M,0.9444444444444444,1.091670970516266,3.163806819680227,3.3766603682376317,2.428311062901134,53.0,T_WFC3_G141,8
671,TOI-270 c,Edwards et al. 2023,Wide Field Camera 3,2023ApJS..269...31E,1.0,2.5073187236454113,1.6073753521432994,3.646269321723623,2.4154813216685453,55.0,T_WFC3_G141,8
669,Kepler-51 d,Edwards et al. 2023,Wide Field Camera 3,2023ApJS..269...31E,1.0,1.0548930102675196,3.9925463420197294,3.340911494663262,2.4296126872056356,55.0,T_WFC3_G141,8
579,CoRoT-1 b,Changeat et al. 2022,Wide Field Camera 3,2022ApJS..260....3C,0.9444444444444444,1.2894832250208046,1.4329183383489348,3.671933596257712,2.4029395289306033,56.0,T_WFC3_G141,8
664,HD 97658 b,Edwards et al. 2023,Wide Field Camera 3,2023ApJS..269...31E,1.0,3.8663416218106534,1.4449628363677656,3.337314461163625,2.457272184832935,56.0,T_WFC3_G141,8
429,WASP-12 b,Mandell et al. 2013,Wide Field Camera 3,2013ApJ...779..128M,0.9444444444444444,0.8573641751702441,2.1295916854685113,3.3237277348057463,2.451439421533712,57.0,T_WFC3_G141,8
685,Kepler-9 b,Edwards et al. 2023,Wide Field Camera 3,2023ApJS..269...31E,1.0,0.8557624330471499,4.298617617989531,3.160219814088045,2.398364988750634,58.0,T_WFC3_G141,8
875,L 98-59 b,Damiano et al. 2022,Wide Field Camera 3,2022AJ....164..225D,0.9444444444444444,0.8499641773391591,2.830991102904152,3.595703197545943,2.338775848639343,59.0,T_WFC3_G141,8
320,XO-1 b,Deming et al. 2013,Wide Field Camera 3,2013ApJ...774...95D,1.0,1.9042186944423123,3.636821332294566,3.271926177490942,2.4544240831249553,59.0,T_WFC3_G141,8
2,55 Cnc e,Tsiaras et al. 2016,Wide Field Camera 3,2016ApJ...820...99T,0.9444444444444444,2.1804836011157813,3.142749796809217,3.387400305642252,2.2957122998851,61.0,T_WFC3_G141,8
1619,Kepler-51 d,Libby-Roberts et al. 2020,Wide Field Camera 3,2020AJ....159...57L,0.8333333333333334,0.9837456239013367,4.046691814742464,3.0447353849998295,2.6642881834010357,62.0,T_WFC3_G141,8
1625,L 98-59 b,Zhou et al. 2022,Wide Field Camera 3,2022AJ....164..203Z,1.0,1.0174242700183531,7.480797414214016,2.898096918469302,2.283143373590826,62.0,T_WFC3_G141,8
882,L 98-59 b,Damiano et al. 2022,Wide Field Camera 3,2022AJ....164..225D,0.9444444444444444,1.0045902946638745,4.631878878709354,3.1906419982051806,2.2106137301754663,63.0,T_WFC3_G141,8
509,WASP-117 b,Carone et al. 2021,Wide Field Camera 3,2021A&A...646A.168C,0.9444444444444444,1.9056491730478897,8.482963307188847,2.623802048030451,2.2710133089943505,63.0,T_WFC3_G141,8
881,L 98-59 b,Damiano et al. 2022,Wide Field Camera 3,2022AJ....164..225D,0.9444444444444444,0.7965146431395539,3.867505570388175,3.691185384527557,2.2365272361739423,65.0,T_WFC3_G141,8
1623,L 98-59 b,Zhou et al. 2022,Wide Field Camera 3,2022AJ....164..203Z,1.0,0.7160034268354858,7.475770908392564,2.6884028732730236,2.2010480958880145,67.0,T_WFC3_G141,8
659,GJ 1214 b,Edwards et al. 2023,Wide Field Camera 3,2023ApJS..269...31E,1.0,1.5418584762053849,3.846960752358012,2.7176786678187166,2.24837220128771,68.0,T_WFC3_G141,8
870,V1298 Tau c,Barat et al. 2024,Wide Field Camera 3,2024A&A...692A.198B,0.9444444444444444,1.5247941578319864,4.539935437680588,2.776243446419709,2.1567998316843657,69.0,T_WFC3_G141,8
658,CoRoT-1 b,Edwards et al. 2023,Wide Field Camera 3,2023ApJS..269...31E,1.0,1.3405397121585494,3.7485034296993547,3.1877126034853274,2.0066840722676442,69.0,T_WFC3_G141,8
1039,HD 3167 c,Mikal-Evans et al. 2021,Wide Field Camera 3,2021AJ....161...18M,0.9444444444444444,1.484113486288156,3.1618388972620455,3.270796145446506,2.1560118295887345,70.0,T_WFC3_G141,8
393,HAT-P-1 b,Sing et al. 2016,Wide Field Camera 3,2016Natur.529...59S,0.9444444444444444,1.232961472725818,2.98891375168853,2.9637311865936375,2.13979616668877,72.0,T_WFC3_G141,8
696,HD 3167 c,Guilluy et al. 2021,Wide Field Camera 3,2021AJ....161...19G,1.0,1.4215727980764494,5.239872604841937,2.951062904397844,2.1363769962176264,72.0,T_WFC3_G141,8
345,K2-18 b,Tsiaras et al. 2019,Wide Field Camera 3,2019NatAs...3.1086T,0.8888888888888888,1.2013764946669412,2.5387797811092394,3.2743246459829902,2.1260463161895338,74.0,T_WFC3_G141,8
663,HD 219666 b,Edwards et al. 2023,Wide Field Camera 3,2023ApJS..269...31E,1.0,1.3162489454434334,10.841271116366283,2.5565608087966365,2.1246241969696498,75.0,T_WFC3_G141,8
661,HAT-P-2 b,Edwards et al. 2023,Wide Field Camera 3,2023ApJS..269...31E,1.0,2.432289706298152,2.7371217405027783,2.9010514500322264,2.131179945780354,75.0,T_WFC3_G141,8
277,WASP-19 b,Mandell et al. 2013,Wide Field Camera 3,2013ApJ...779..128M,0.9444444444444444,1.678913445683829,3.522114861081135,3.1849798554072923,1.8969262456501057,76.0,T_WFC3_G141,8
1064,WASP-63 b,Kilpatrick et al. 2018,WFC3,2018AJ....156..103K,0.8333333333333334,1.393630391760618,4.048195752233623,2.7226801994578804,2.0800811737156075,76.0,T_WFC3_G141,8
510,WASP-117 b,Carone et al. 2021,Wide Field Camera 3,2021A&A...646A.168C,0.9444444444444444,1.258335019191149,6.996386780243906,2.4865523400297103,2.079319176353272,77.0,T_WFC3_G141,8
157,HAT-P-11 b,Fraine et al. 2014,Wide Field Camera 3,2014Natur.513..526F,0.9444444444444444,1.4493057175736823,3.45023058163109,2.7077967672882886,2.182041789473014,77.0,T_WFC3_G141,8
666,HIP 41378 b,Edwards et al. 2023,Wide Field Camera 3,2023ApJS..269...31E,1.0,0.9657093657670163,6.808629281766218,2.8206025413414513,1.9244156333837865,78.0,T_WFC3_G141,8
681,WASP-103 b,Edwards et al. 2023,Wide Field Camera 3,2023ApJS..269...31E,1.0,2.0313597400025443,1.6986888020223805,2.975063126664622,2.0385335206900086,78.0,T_WFC3_G141,8
494,TOI-270 d,Mikal-Evans et al. 2023,Wide Field Camera 3,2023AJ....165...84M,0.9444444444444444,1.309184317742364,3.3094262546415645,2.7784776428322187,2.030964113405433,79.0,T_WFC3_G141,8
575,WASP-6 b,Panek et al. 2023,Wide Field Camera 3,2023A&A...677A..51P,0.9444444444444444,0.9979793429961124,2.5439281840461345,3.5157256218025146,2.0302625788953734,80.0,T_WFC3_G141,8
70,WASP-31 b,Sing et al. 2015,Wide Field Camera 3,2015MNRAS.446.2428S,0.8888888888888888,1.394509184125196,4.5831262949321365,2.616408922757037,1.994374483461965,82.0,T_WFC3_G141,8
583,WASP-43 b,Changeat et al. 2022,Wide Field Camera 3,2022ApJS..260....3C,1.0,1.3223437818836363,3.213265878167837,3.072767318596489,1.786212018911361,82.0,T_WFC3_G141,8
497,WASP-62 b,Skaf et al. 2020,Wide Field Camera 3,2020AJ....160..109S,1.0,1.715566927129486,2.2357270582076456,2.902635181559967,1.973250050993769,85.0,T_WFC3_G141,8
438,KELT-11 b,Changeat et al. 2020,Wide Field Camera 3,2020AJ....160..260C,1.0,3.042605158813153,1.3421569728276335,2.752003052922296,1.975383513491007,85.0,T_WFC3_G141,8
573,HAT-P-12 b,Panek et al. 2023,Wide Field Camera 3,2023A&A...677A..51P,0.9444444444444444,0.8903708143806697,3.411328675296124,2.7487570783622632,1.4710107841247195,86.0,T_WFC3_G141,8
1063,WASP-63 b,Kilpatrick et al. 2018,WFC3,2018AJ....156..103K,0.8333333333333334,1.6864295256674682,4.337080353072091,2.3993725469314646,1.8414742924894227,89.0,T_WFC3_G141,8
1662,WASP-96 b,Yip et al. 2021,Wide Field Camera 3,2021AJ....161....4Y,1.0,1.2616518158385983,3.8477991411382826,2.6005553511818205,1.7900875374217413,90.0,T_WFC3_G141,8
1690,WASP-52 b,Bruno et al. 2018,Wide Field Camera 3,2018AJ....156..124B,1.0,1.3215108941971094,3.0928743038233253,2.711901159379063,1.4610826695443404,91.0,T_WFC3_G141,8
643,HAT-P-12 b,Wong et al. 2020,Wide Field Camera 3,2020AJ....159..234W,1.0,1.350248662858892,5.117254694571779,2.3011174631583726,1.7233707586275386,93.0,T_WFC3_G141,8
341,WASP-117 b,Anisman et al. 2020,Wide Field Camera 3,2020AJ....160..233A,0.9444444444444444,1.1804668574487844,3.7025018569810113,2.6118362772721087,1.7145659434889766,94.0,T_WFC3_G141,8
684,WASP-19 b,Edwards et al. 2023,Wide Field Camera 3,2023ApJS..269...31E,1.0,1.4689526855371633,4.453211586090023,2.424370128019997,1.7129666626108093,95.0,T_WFC3_G141,8
351,KELT-11 b,Col&oacute;n et al. 2020,Wide Field Camera 3,2020AJ....160..280C,0.9444444444444444,3.2164476510201605,1.0759694854419077,2.6384847021506883,1.9830314881235225,95.0,T_WFC3_G141,8
679,WASP-121 b,Edwards et al. 2023,Wide Field Camera 3,2023ApJS..269...31E,1.0,1.6497195646470733,1.376604214878556,2.63347203872895,1.711391019034659,96.0,T_WFC3_G141,8
252,WASP-17 b,Mandell et al. 2013,Wide Field Camera 3,2013ApJ...779..128M,1.0,1.1586914665844525,2.662163704010076,2.6808560911807238,1.7033596943599008,97.0,T_WFC3_G141,8
975,HD 219666 b,Murphy et al. 2025,Wide Field Camera 3,2025AJ....169..286M,0.8333333333333334,0.8522418106355003,2.371761178570866,3.0750635311855596,1.6833867610895676,98.0,T_WFC3_G141,8
504,WASP-103 b,Changeat et al. 2022,Wide Field Camera 3,2022ApJS..260....3C,1.0,1.6738786181170253,1.6614997171162487,2.782552055670865,1.67616608516669,99.0,T_WFC3_G141,8
680,WASP-178 b,Edwards et al. 2023,Wide Field Camera 3,2023ApJS..269...31E,1.0,1.725539627140591,4.04720634671083,2.191639943472912,1.6760446413826453,100.0,T_WFC3_G141,8
974,HD 219666 b,Murphy et al. 2025,Wide Field Camera 3,2025AJ....169..286M,0.8333333333333334,1.3221630305545078,2.8605910157134864,2.4730017337068246,1.6720140229137026,101.0,T_WFC3_G141,8
484,WASP-79 b,Sotzen et al. 2020,Wide Field Camera 3,2020AJ....159....5S,0.8333333333333334,1.939086630290703,3.0946625470091518,2.113195105349828,1.6671874177826793,102.0,T_WFC3_G141,8
496,WASP-79 b,Skaf et al. 2020,Wide Field Camera 3,2020AJ....160..109S,1.0,1.8237427134610191,2.735987761578227,2.5543856696097613,1.362745755012896,102.0,T_WFC3_G141,8
586,WASP-79 b,Changeat et al. 2022,Wide Field Camera 3,2022ApJS..260....3C,1.0,1.8078668551935102,2.7350255306828632,2.5495885405123415,1.3604617337705947,103.0,T_WFC3_G141,8
1640,HAT-P-41 b,Sheppard et al. 2021,Wide Field Camera 3,2021AJ....161...51S,0.9444444444444444,1.3959084069465932,2.1170894559992273,2.7164048766337925,1.620670570865008,103.0,T_WFC3_G141,8
724,WASP-76 b,Fu et al. 2021,Wide Field Camera 3,2021AJ....162..108F,0.8888888888888888,1.5896829706590831,5.913190313313672,1.8218124402210125,1.612812947634715,104.0,T_WFC3_G141,8
505,KELT-7 b,Changeat et al. 2022,Wide Field Camera 3,2022ApJS..260....3C,1.0,2.0169072820625678,1.2089086863427096,2.7973819680205896,1.571966994108049,105.0,T_WFC3_G141,8
710,KELT-7 b,Pluriel et al. 2020,Wide Field Camera 3,2020AJ....160..112P,1.0,2.078349033923814,1.3377585069536386,2.7301675948385467,1.5279965657426127,106.0,T_WFC3_G141,8
37,HD 189733 b,Sing et al. 2016,Wide Field Camera 3,2016Natur.529...59S,1.0,1.4175408547868,3.887300989208748,2.1071338931218233,1.5201995089293423,107.0,T_WFC3_G141,8
197,GJ 3470 b,Benneke et al. 2019,Wide Field Camera 3,2019NatAs...3..813B,0.9444444444444444,1.3284533934276972,5.373391880669683,2.1138525219656032,1.5154979161405004,108.0,T_WFC3_G141,8
539,GJ 9827 d,Roy et al. 2023,Wide Field Camera 3,2023ApJ...954L..52R,1.0,1.3807171688087063,5.275751117751679,1.9923333117774142,1.5034597362437467,109.0,T_WFC3_G141,8
582,WASP-19 b,Changeat et al. 2022,Wide Field Camera 3,2022ApJS..260....3C,1.0,1.2674754675905968,5.539671845836124,1.782529864480063,1.4929202962454355,110.0,T_WFC3_G141,8
502,HD 209458 b,Changeat et al. 2022,Wide Field Camera 3,2022ApJS..260....3C,1.0,1.6740641774537657,2.9884836526040326,2.110755638252668,1.4908016429365418,111.0,T_WFC3_G141,8
892,WASP-80 b,Wong et al. 2022,Wide Field Camera 3,2022AJ....164...30W,0.8888888888888888,1.2181692428294189,1.5380251738937194,2.35127426638191,1.7497980395337174,114.0,T_WFC3_G141,8
223,WASP-121 b,Evans et al. 2016,Wide Field Camera 3,2016ApJ...822L...4E,1.0,1.9471016154996779,4.130811436237847,1.9101588631601538,1.469714674462846,114.0,T_WFC3_G141,8
170,WASP-39 b,Wakeford et al. 2018,Wide Field Camera 3,2018AJ....155...29W,1.0,2.134056336230186,2.8045649283768905,2.198101519068533,1.4689764997407988,115.0,T_WFC3_G141,8
677,V1298 Tau c,Edwards et al. 2023,Wide Field Camera 3,2023ApJS..269...31E,1.0,4.325638836298177,1.1932236568238377,2.324684873888923,1.9039036157255254,115.0,T_WFC3_G141,8
673,TOI-674 b,Edwards et al. 2023,Wide Field Camera 3,2023ApJS..269...31E,1.0,1.5759945469972279,2.411646749205069,2.8250660841087787,1.4671351628816187,115.0,T_WFC3_G141,8
376,GJ 436 b,Knutson et al. 2014,Wide Field Camera 3,2014Natur.505...66K,0.9444444444444444,0.7905762845409605,9.095179588685237,1.284620131531172,1.4635113008243466,117.0,T_WFC3_G141,8
353,WASP-107 b,Spake et al. 2018,Wide Field Camera 3,2018Natur.557...68S,0.9444444444444444,2.681110311189427,2.209548262120153,2.211645754749189,1.266702180647158,119.0,T_WFC3_G141,8
976,HD 219666 b,Murphy et al. 2025,Wide Field Camera 3,2025AJ....169..286M,0.8333333333333334,1.4169087404426624,2.1000440072271043,2.426939803427019,1.4588217259223473,120.0,T_WFC3_G141,8
1632,HD 106315 c,Kreidberg et al. 2022,Wide Field Camera 3,2022AJ....164..124K,0.9444444444444444,0.9634197190142935,3.2000692768863743,2.205082041648083,1.3993013673580672,121.0,T_WFC3_G141,8
450,WASP-43 b,Kreidberg et al. 2014,Wide Field Camera 3,2014ApJ...793L..27K,0.9444444444444444,1.4439909841736869,7.436412301536845,2.0280105767334957,1.451019822835404,121.0,T_WFC3_G141,8
985,WASP-96 b,Nikolov et al. 2022,Wide Field Camera 3,2022MNRAS.515.3037N,1.0,1.7931238056108008,3.248811125278448,1.9654101084982842,1.4467464208108374,122.0,T_WFC3_G141,8
391,HAT-P-1 b,Wakeford et al. 2013,Wide Field Camera 3,2013MNRAS.435.3481W,1.0,1.5277667773531016,4.3270299383734,1.9500767689015883,1.435589801012833,123.0,T_WFC3_G141,8
1065,WASP-63 b,Kilpatrick et al. 2018,WFC3,2018AJ....156..103K,0.8888888888888888,1.1220275305594598,7.0721988518914385,1.8169151448628462,1.4257096972025,124.0,T_WFC3_G141,8
574,HD 209458 b,Panek et al. 2023,Wide Field Camera 3,2023A&A...677A..51P,0.9444444444444444,1.985975588679585,2.0758074336191057,2.2691885485148897,1.376088143742593,125.0,T_WFC3_G141,8
1691,WASP-52 b,Bruno et al. 2018,Wide Field Camera 3,2018AJ....156..124B,1.0,1.6527448485419842,1.2893837416662317,2.8135123398612882,1.4176036137416343,125.0,T_WFC3_G141,8
506,WASP-121 b,Changeat et al. 2022,Wide Field Camera 3,2022ApJS..260....3C,1.0,2.02545770035526,2.4150226215805124,1.8470490415097296,1.4093102333288485,126.0,T_WFC3_G141,8
1793,WASP-6 b,Carter et al. 2020,Wide Field Camera 3,2020MNRAS.494.5449C,0.9444444444444444,1.399428402827596,2.0455138378762387,2.414681030688596,1.1802444617859618,126.0,T_WFC3_G141,8
1792,WASP-6 b,Carter et al. 2020,Wide Field Camera 3,2020MNRAS.494.5449C,0.9444444444444444,1.3934254551425267,2.0434142126286905,2.4087199994987776,1.1065790129893045,127.0,T_WFC3_G141,8
498,HAT-P-41 b,Changeat et al. 2022,Wide Field Camera 3,2022ApJS..260....3C,1.0,1.2937477381924753,3.000929080421837,1.7979580190471232,1.408455473393809,127.0,T_WFC3_G141,8
584,WASP-76 b,Changeat et al. 2022,Wide Field Camera 3,2022ApJS..260....3C,1.0,1.9217209536307902,1.421509863316165,2.5383065438120616,1.399974552328922,128.0,T_WFC3_G141,8
1682,HD 209458 b,Tsiaras et al. 2016,Wide Field Camera 3,2016ApJ...832..202T,0.9444444444444444,1.568557824938888,1.99883646967225,2.1360404635343855,1.4816415601373178,128.0,T_WFC3_G141,8
264,HD 189733 b,McCullough et al. 2014,Wide Field Camera 3,2014ApJ...791...55M,1.0,0.875207200559594,4.387333344903475,1.9628266423441083,1.3995473552546787,129.0,T_WFC3_G141,8
507,WASP-12 b,Changeat et al. 2022,Wide Field Camera 3,2022ApJS..260....3C,1.0,1.8830264842359201,1.2840073490967712,2.1177046424071766,1.4628102111753059,129.0,T_WFC3_G141,8
695,HD 106315 c,Guilluy et al. 2021,Wide Field Camera 3,2021AJ....161...19G,1.0,1.7127610748185733,1.7687675172795818,2.1533281634372106,1.2674476866628155,130.0,T_WFC3_G141,8
347,WASP-76 b,Edwards et al. 2020,Wide Field Camera 3,2020AJ....160....8E,1.0,1.916726855755052,1.4306206860273862,2.5381759382889184,1.399284875725081,131.0,T_WFC3_G141,8
500,HAT-P-32 b,Changeat et al. 2022,Wide Field Camera 3,2022ApJS..260....3C,1.0,1.755145125824282,1.6992470372497308,2.2775514272151502,1.2926834672485543,132.0,T_WFC3_G141,8
1689,WASP-52 b,Bruno et al. 2018,Wide Field Camera 3,2018AJ....156..124B,1.0,1.6097103043202063,1.516828339428377,2.782210714764161,1.3669877564741357,133.0,T_WFC3_G141,8
1729,HAT-P-32 b,Alam et al. 2020,Wide Field Camera 3,2020AJ....160...51A,0.9444444444444444,2.0361663560903307,3.0521558387224608,2.0585124688419962,1.2873225594113904,134.0,T_WFC3_G141,8
44,HD 209458 b,Deming et al. 2013,Wide Field Camera 3,2013ApJ...774...95D,0.9444444444444444,3.271949214712038,0.42279928804510325,2.1594811546308836,1.3618367700107306,135.0,T_WFC3_G141,8
1791,WASP-6 b,Carter et al. 2020,Wide Field Camera 3,2020MNRAS.494.5449C,0.9444444444444444,1.429710619750004,1.609087418969422,2.4417710387337643,1.0678720807152602,135.0,T_WFC3_G141,8
45,HD 209458 b,Sing et al. 2016,Wide Field Camera 3,2016Natur.529...59S,1.0,2.7708964841202905,2.7257728018702765,2.022041788131605,1.2255089533525987,136.0,T_WFC3_G141,8
683,WASP-6 b,Edwards et al. 2023,Wide Field Camera 3,2023ApJS..269...31E,1.0,1.4259351087336027,4.222857410647864,1.9149736261977126,1.3168962972729663,137.0,T_WFC3_G141,8
126,WASP-107 b,Kreidberg et al. 2018,Wide Field Camera 3,2018ApJ...858L...6K,0.8888888888888888,2.504129217508531,1.5551406553845373,2.147071873117206,1.0576184850491803,138.0,T_WFC3_G141,8
576,WASP-17 b,Panek et al. 2023,Wide Field Camera 3,2023A&A...677A..51P,0.9444444444444444,2.407471070442445,1.5757376923360102,1.9807165750319746,1.2369000500557388,138.0,T_WFC3_G141,8
537,WASP-17 b,Saba et al. 2022,Wide Field Camera 3,2022AJ....164....2S,1.0,2.7144086172013964,1.5432957738852218,1.8913069707318573,1.2991516116119939,139.0,T_WFC3_G141,8
770,WASP-107 b,Welbanks et al. 2024,Wide Field Camera 3,2024Natur.630..836W,0.9444444444444444,2.3426766327564548,1.4469961520205423,2.184475210712767,1.173361867933809,142.0,T_WFC3_G141,8
1674,HAT-P-32 b,Damiano et al. 2017,Wide Field Camera 3,2017AJ....154...39D,0.8888888888888888,0.9512546731007716,3.6049912490990956,1.567494889395339,1.248100539134446,143.0,T_WFC3_G141,8
501,HD 189733 b,Changeat et al. 2022,Wide Field Camera 3,2022ApJS..260....3C,1.0,1.3989492436461128,4.837138334612693,1.3431289635701475,1.2012391541171699,146.0,T_WFC3_G141,8
674,V1298 Tau b,Edwards et al. 2023,Wide Field Camera 3,2023ApJS..269...31E,1.0,4.117075762930328,1.0089359906543534,1.9027325785897273,1.1864577347178,147.0,T_WFC3_G141,8
848,GJ 3470 b,Beatty et al. 2024,Wide Field Camera 3,2024ApJ...970L..10B,0.8333333333333334,1.2966961914224857,2.7943662558279647,1.4006008295299412,1.1666642702445176,150.0,T_WFC3_G141,8
678,WASP-107 b,Edwards et al. 2023,Wide Field Camera 3,2023ApJS..269...31E,1.0,2.5412724059733853,1.331473640191601,2.205289477303754,1.003744762002439,151.0,T_WFC3_G141,8
804,V1298 Tau b,Barat et al. 2024,Wide Field Camera 3,2024NatAs...8..899B,0.9444444444444444,3.431252533528727,1.3626425728884648,1.7901610437647841,1.0979310572125875,151.0,T_WFC3_G141,8
495,WASP-127 b,Skaf et al. 2020,Wide Field Camera 3,2020AJ....160..109S,1.0,4.751769832435758,0.7334141213314758,1.817581455648093,1.142129063683556,151.0,T_WFC3_G141,8
1675,HAT-P-32 b,Damiano et al. 2017,Wide Field Camera 3,2017AJ....154...39D,0.8888888888888888,1.7181055921469508,2.5222680798317674,1.4024215846141004,1.1218617578933456,152.0,T_WFC3_G141,8
570,HAT-P-26 b,A-thano et al. 2023,Wide Field Camera 3,2023AJ....166..223A,0.9444444444444444,4.26924639447291,1.7360079544446547,1.7033826286655984,0.8077211234700489,154.0,T_WFC3_G141,8
1014,WASP-17 b,Alderson et al. 2022,Wide Field Camera 3,2022MNRAS.512.4185A,0.8888888888888888,2.2324480358693872,2.914926964934052,1.567563208074816,0.8101519227522234,156.0,T_WFC3_G141,8
577,WASP-39 b,Panek et al. 2023,Wide Field Camera 3,2023A&A...677A..51P,0.9444444444444444,1.8478046737321945,2.4697641010379705,1.5357221812701976,0.8450784964406737,158.0,T_WFC3_G141,8
1652,WASP-127 b,Spake et al. 2021,Wide Field Camera 3,2021MNRAS.500.4042S,0.9444444444444444,3.849888343753925,0.5842162510373726,1.605111324324663,0.9644481751282654,158.0,T_WFC3_G141,8
566,HAT-P-26 b,A-thano et al. 2023,Wide Field Camera 3,2023AJ....166..223A,0.9444444444444444,4.571442167718711,0.9930564619751212,1.7312868223920235,0.7854387803256442,159.0,T_WFC3_G141,8
523,WASP-79 b,Rathcke et al. 2021,Space Telescope Imaging Spectrograph,2021AJ....162..138R,0.9166666666666666,1.6458932316441994,0.2621157166974343,6.857241732522527,4.4522283815023425,2.0,T_STIS,5
1018,WASP-62 b,Alam et al. 2021,Space Telescope Imaging Spectrograph,2021ApJ...906L..10A,0.9166666666666666,3.425919287495743,0.584533050379148,3.139703730234988,3.833933936595352,3.0,T_STIS,5
486,WASP-101 b,Rathcke et al. 2023,Space Telescope Imaging Spectrograph,2023MNRAS.522..582R,0.9166666666666666,0.576844421647417,1.084534169118001,2.887017912121396,3.7577850588256636,4.0,T_STIS,5
723,WASP-76 b,Fu et al. 2021,Space Telescope Imaging Spectrograph,2021AJ....162..108F,0.9166666666666666,1.5170123371679347,0.2992887482194085,7.698722086669477,3.6447915861948004,5.0,T_STIS,5
1701,WASP-52 b,Alam et al. 2018,Space Telescope Imaging Spectrograph,2018AJ....156..298A,0.9166666666666666,4.353537068171378,0.7561855677726272,2.862936583167516,4.518401929879717,5.0,T_STIS,5
73,WASP-39 b,Fischer et al. 2016,Space Telescope Imaging Spectrograph,2016ApJ...827...19F,0.9166666666666666,1.5089285702345119,0.3438198040124422,2.739358938355115,3.4551676083063163,6.0,T_STIS,5
392,HAT-P-1 b,Nikolov et al. 2014,Space Telescope Imaging Spectrograph,2014MNRAS.437...46N,0.9166666666666666,1.2680460546758807,0.3958424241768446,2.2044531248278854,3.2363126570827077,8.0,T_STIS,5
22,HAT-P-1 b,Sing et al. 2016,Space Telescope Imaging Spectrograph,2016Natur.529...59S,0.8333333333333334,1.510015749278819,0.5066636967165262,2.354236558226741,2.693761452776167,8.0,T_STIS,5
69,WASP-31 b,Sing et al. 2015,Space Telescope Imaging Spectrograph,2015MNRAS.446.2428S,0.9166666666666666,1.8118405311611216,1.4693085423728993,2.125762585379002,2.257864467741405,9.0,T_STIS,5
254,WASP-17 b,Sing et al. 2016,Space Telescope Imaging Spectrograph,2016Natur.529...59S,1.0,2.2618090753190705,2.009002773393675,2.1873572735722426,1.9898567528247635,9.0,T_STIS,5
449,WASP-39 b,Sing et al. 2016,Space Telescope Imaging Spectrograph,2016Natur.529...59S,0.9166666666666666,2.4449500137477687,0.49726828739983464,2.097986803224835,1.8669852164944856,11.0,T_STIS,5
241,HD 209458 b,Sing et al. 2016,Space Telescope Imaging Spectrograph,2016Natur.529...59S,0.9166666666666666,4.0127390764854045,1.7833315070913873,1.2641471438861884,1.6180364164781351,12.0,T_STIS,5
1702,WASP-52 b,Alam et al. 2018,Space Telescope Imaging Spectrograph,2018AJ....156..298A,0.9166666666666666,2.1558262561867423,1.0418449723079612,1.7691149422722245,1.553410009239063,12.0,T_STIS,5
1728,HAT-P-32 b,Alam et al. 2020,Space Telescope Imaging Spectrograph,2020AJ....160...51A,1.0,2.418890742832876,0.5781519128587959,1.5805084992303033,1.1180056852938502,13.0,T_STIS,5
261,HD 189733 b,Sing et al. 2016,Space Telescope Imaging Spectrograph,2016Natur.529...59S,1.0,6.745248913025717,1.1663119492266432,1.393731465290968,1.2528664142270225,14.0,T_STIS,5
16,HAT-P-12 b,Sing et al. 2016,Space Telescope Imaging Spectrograph,2016Natur.529...59S,0.8333333333333334,2.1809405610117043,1.4185325605262407,1.2098152085078426,1.2764395520824205,14.0,T_STIS,5
1669,HAT-P-12 b,Alexoudi et al. 2018,Space Telescope Imaging Spectrograph,2018A&A...620A.142A,0.8333333333333334,1.5339951428415888,1.6853473011284519,1.1695816484248915,1.1871104722816306,16.0,T_STIS,5
954,TOI-776 c,Teske et al. 2025,Near Infrared Spectrograph (NIRSpec),2025AJ....169..249T,1.0,1.1213554832917552,4.1926752681257655,4.649229323520759,3.895352158700593,6.0,T_G395,8
905,L 168-9 b,Alam et al. 2025,Near Infrared Spectrograph (NIRSpec),2025AJ....169...15A,1.0,1.7199788077403821,5.37953994492672,4.6337167775929045,3.7798773652840056,8.0,T_G395,8
906,L 168-9 b,Alam et al. 2025,Near Infrared Spectrograph (NIRSpec) - G395H,2025AJ....169...15A,1.0,1.2958911553603554,3.8423862660021952,4.657629142040725,3.377829103380722,8.0,T_G395,8
543,K2-18 b,Madhusudhan et al. 2023,Near Infrared Spectrograph (NIRSpec),2023ApJ...956L..13M,1.0,1.4735478055964215,2.178384796541237,4.610699871891866,3.865597339460485,9.0,T_G395,8
777,TOI-836 b,Alderson et al. 2024,Near Infrared Spectrograph (NIRSpec),2024AJ....167..216A,1.0,0.98565628269401,7.388121253580029,3.3285295951203695,3.526792766905782,9.0,T_G395,8
775,TOI-836 b,Alderson et al. 2024,Near Infrared Spectrograph (NIRSpec),2024AJ....167..216A,1.0,0.9510363243158905,7.153032765224095,3.273407304464813,3.3371456582351207,10.0,T_G395,8
802,LHS 1140 b,Damiano et al. 2024,Near Infrared Spectrograph (NIRSpec),2024ApJ...968L..22D,1.0,1.1906586776354149,4.378300729393492,4.581119977250629,3.7316355390018527,10.0,T_G395,8
354,GJ 486 b,Moran et al. 2023,Near Infrared Spectrograph (NIRSpec),2023ApJ...948L..11M,1.0,1.4774115038388365,3.2532663789664578,4.515072876259222,3.5630777103578937,11.0,T_G395,8
1045,TOI-270 b,Coulombe et al. 2025,Near Infrared Spectrograph (NIRSpec) - G395H,2025AJ....170..226C,1.0,1.5893115168896417,4.1528782974527685,4.794240083419447,3.2005430182548147,11.0,T_G395,8
922,L 98-59 b,Bello-Arufe et al. 2025,Near Infrared Spectrograph (NIRSpec),2025ApJ...980L..26B,1.0,1.0116936097771176,4.469363621748961,4.2955396146991704,3.697245214197276,13.0,T_G395,8
127,GJ 486 b,Moran et al. 2023,Near Infrared Spectrograph (NIRSpec),2023ApJ...948L..11M,1.0,1.1475290149183266,8.276344534064979,3.969949488079643,3.0375044968382943,16.0,T_G395,8
903,L 168-9 b,Alam et al. 2025,Near Infrared Spectrograph (NIRSpec),2025AJ....169...15A,1.0,1.071329167765357,2.5070468638628842,4.648378282312086,3.036092527529111,17.0,T_G395,8
1046,TOI-270 b,Coulombe et al. 2025,Near Infrared Spectrograph (NIRSpec) - G395H,2025AJ....170..226C,1.0,1.268121883242764,5.1273868217574154,3.808546016516406,3.0698913859107875,17.0,T_G395,8
956,TOI-776 c,Teske et al. 2025,Near Infrared Spectrograph (NIRSpec),2025AJ....169..249T,1.0,0.9680570388161561,4.889906725818937,3.793194697370249,3.0717473810392026,18.0,T_G395,8
959,TOI-776 c,Teske et al. 2025,Near Infrared Spectrograph (NIRSpec),2025AJ....169..249T,1.0,1.2172307760235948,6.177494784908824,3.1808277554136577,3.182000497277371,18.0,T_G395,8
1766,HD 15337 c,Wallack et al. 2026,Near Infrared Spectrograph (NIRSpec) - G395H,2026AJ....171..180W,1.0,1.4525261800718128,6.524121301028761,3.768392115745324,3.00699824112569,18.0,T_G395,8
1090,GJ 1132 b,Bennett et al. 2025,Near Infrared Spectrograph (NIRSpec) - G395M,2025AJ....170..205B,1.0,1.345112141281946,1.6018477078514917,6.232883653844111,2.9725767129557283,19.0,T_G395,8
1557,HAT-P-14 b,Liu et al. 2025,Near Infrared Spectrograph (NIRSpec) - G395H,2025AJ....169..335L,1.0,1.2781330669139084,6.035442905641123,3.1180095665191248,3.084298832695725,20.0,T_G395,8
921,L 98-59 b,Bello-Arufe et al. 2025,Near Infrared Spectrograph (NIRSpec),2025ApJ...980L..26B,1.0,1.0721695267281406,2.1547103313754037,3.9990165444351025,2.909477148727386,20.0,T_G395,8
1054,TOI-421 b,Davenport et al. 2025,Near Infrared Spectrograph (NIRSpec),2025ApJ...984L..44D,1.0,1.4219202253744145,8.320924533687243,3.639892577372432,2.6590777802598695,21.0,T_G395,8
1091,GJ 1132 b,Bennett et al. 2025,Near Infrared Spectrograph (NIRSpec) - G395M,2025AJ....170..205B,1.0,0.8877473030707331,3.0151777662108397,3.7014380594942202,2.900037910479315,22.0,T_G395,8
952,TOI-776 b,Alderson et al. 2025,Near Infrared Spectrograph (NIRSpec),2025AJ....169..142A,1.0,1.1474507932860027,8.914145429737312,3.4328877452105226,2.8539522781150004,23.0,T_G395,8
1082,GJ 1132 b,Bennett et al. 2025,Near Infrared Spectrograph (NIRSpec) - G395M,2025AJ....170..205B,1.0,1.2223252423080941,2.048795978097725,6.05813977083811,2.8523262669590137,24.0,T_G395,8
1047,TOI-270 b,Coulombe et al. 2025,Near Infrared Spectrograph (NIRSpec) - G395H,2025AJ....170..226C,1.0,1.326699756320744,2.101872293872941,3.5825828822122148,2.8363529543165664,26.0,T_G395,8
1083,GJ 1132 b,Bennett et al. 2025,Near Infrared Spectrograph (NIRSpec) - G395M,2025AJ....170..205B,1.0,1.0455451816638466,3.596848432870779,3.5453965847978783,2.85157548659443,27.0,T_G395,8
778,TOI-836 b,Alderson et al. 2024,Near Infrared Spectrograph (NIRSpec),2024AJ....167..216A,1.0,1.2042645884278507,1.1799207497218356,3.5911506409668377,2.8131633179321347,28.0,T_G395,8
1086,GJ 1132 b,Bennett et al. 2025,Near Infrared Spectrograph (NIRSpec) - G395M,2025AJ....170..205B,1.0,1.4578867283969943,2.398350287583781,5.890480592549023,2.8120156372369376,29.0,T_G395,8
1551,GJ 3090 b,Ahrer et al. 2025,Near Infrared Spectrograph (NIRSpec) - G395H,2025ApJ...985L..10A,1.0,1.387890021223179,3.9402104297920544,3.471548509512283,3.2081767061872193,30.0,T_G395,8
1092,GJ 1132 b,Bennett et al. 2025,Near Infrared Spectrograph (NIRSpec),2025AJ....170..205B,1.0,0.960453957911849,4.851320555917424,3.2690565401566696,2.8046480708574775,31.0,T_G395,8
939,L 98-59 c,Scarsdale et al. 2024,Near Infrared Spectrograph (NIRSpec),2024AJ....168..276S,1.0,1.5559602694085528,3.512205643270328,3.4538233192917382,2.9008502490843893,32.0,T_G395,8
1765,HD 15337 c,Wallack et al. 2026,Near Infrared Spectrograph (NIRSpec) - G395H,2026AJ....171..180W,1.0,1.1143655844584601,4.813348024786833,3.2377339940598535,2.735843363617186,32.0,T_G395,8
1094,GJ 1132 b,Bennett et al. 2025,Near Infrared Spectrograph (NIRSpec),2025AJ....170..205B,1.0,1.1820219750151493,2.3094956443592483,3.6221949391359622,2.7163601038837206,32.0,T_G395,8
546,LHS 475 b,Lustig-Yaeger et al. 2023,Near Infrared Spectrograph (NIRSpec) - G395H,2023NatAs...7.1317L,1.0,1.0626616371266588,5.657840043479785,3.1000440806489773,2.7096030278529524,33.0,T_G395,8
1554,GJ 3090 b,Ahrer et al. 2025,Near Infrared Spectrograph (NIRSpec) - G395H,2025ApJ...985L..10A,1.0,1.1546236406208672,5.892136337409614,3.3936840721950308,2.5527799012540577,34.0,T_G395,8
850,L 98-59 d,Gressier et al. 2024,Near Infrared Spectrograph (NIRSpec),2024ApJ...975L..10G,1.0,1.568270907821105,10.492316009747356,3.3866339473331526,2.70085082573293,35.0,T_G395,8
779,TOI-836 b,Alderson et al. 2024,Near Infrared Spectrograph (NIRSpec),2024AJ....167..216A,1.0,1.0523208595577007,5.11164090831234,3.3820514388685416,2.6697708285310013,37.0,T_G395,8
942,L 98-59 c,Scarsdale et al. 2024,Near Infrared Spectrograph (NIRSpec),2024AJ....168..276S,1.0,1.1471473355626092,3.0985713447179624,4.480422128959801,2.692206949012137,37.0,T_G395,8
1555,GJ 3090 b,Ahrer et al. 2025,Near Infrared Spectrograph (NIRSpec) - G395H,2025ApJ...985L..10A,1.0,0.8879500373003917,7.858892448514527,3.226285166565846,2.6815821774832473,38.0,T_G395,8
864,GJ 1214 b,Schlawin et al. 2024,Near Infrared Spectrograph (NIRSpec),2024ApJ...974L..33S,1.0,1.1654004527422133,3.539645629656686,3.3322886504804883,2.8286973403963023,40.0,T_G395,8
1582,TOI-270 d,Holmberg &amp; Madhusudhan 2024,Near Infrared Spectrograph (NIRSpec) - G395H,2024A&A...683L...2H,1.0,1.8175894446480656,3.9329683615345408,3.37799043631021,1.6808978769862848,42.0,T_G395,8
862,GJ 1214 b,Schlawin et al. 2024,Near Infrared Spectrograph (NIRSpec),2024ApJ...974L..33S,1.0,1.5353092300593185,4.568771655542842,2.869269805145225,2.620210795544991,43.0,T_G395,8
1580,TOI-270 d,Holmberg &amp; Madhusudhan 2024,Near Infrared Spectrograph (NIRSpec) - G395H,2024A&A...683L...2H,1.0,1.7897196316959518,4.259899352777499,3.321434589045313,1.7285995299021804,43.0,T_G395,8
1087,GJ 1132 b,Bennett et al. 2025,Near Infrared Spectrograph (NIRSpec) - G395M,2025AJ....170..205B,1.0,1.2874749229025373,2.388374224030268,3.319977659736786,2.6587488393323486,44.0,T_G395,8
950,TOI-776 b,Alderson et al. 2025,Near Infrared Spectrograph (NIRSpec),2025AJ....169..142A,1.0,1.5583104935070589,6.9084092738669085,3.0679573464871126,2.57489965487322,44.0,T_G395,8
940,L 98-59 c,Scarsdale et al. 2024,Near Infrared Spectrograph (NIRSpec),2024AJ....168..276S,1.0,1.362757124661247,3.1721220917119872,4.267717191148619,2.5696469941533544,45.0,T_G395,8
1570,TOI-1685 b,Fisher et al. 2026,Near Infrared Spectrograph (NIRSpec) - G395H,2026MNRAS.545f2187F,1.0,1.4865442206637607,2.2969225867204957,3.6243250252627854,2.567367397508892,46.0,T_G395,8
1080,GJ 1132 b,Bennett et al. 2025,Near Infrared Spectrograph (NIRSpec) - G395H,2025AJ....170..205B,1.0,1.4358939378856883,4.277357389064748,3.2991312109806494,2.5461121572623044,47.0,T_G395,8
776,TOI-836 b,Alderson et al. 2024,Near Infrared Spectrograph (NIRSpec),2024AJ....167..216A,1.0,1.1578863609228758,3.7714886922773627,3.0144125892003086,2.7062876046607847,47.0,T_G395,8
1767,HD 15337 c,Wallack et al. 2026,Near Infrared Spectrograph (NIRSpec) - G395H,2026AJ....171..180W,1.0,1.3470486026864479,8.364930064923646,2.8671420722537833,2.557883366621707,47.0,T_G395,8
863,GJ 1214 b,Schlawin et al. 2024,Near Infrared Spectrograph (NIRSpec),2024ApJ...974L..33S,1.0,1.2407881926357855,9.701700520721836,2.274919482409358,2.553447080397582,48.0,T_G395,8
559,GJ 1132 b,May et al. 2023,Near Infrared Spectrograph (NIRSpec),2023ApJ...959L...9M,1.0,1.1529138708707438,3.7542306613049665,3.4595760713182746,2.4608852406108768,49.0,T_G395,8
1768,HD 15337 c,Wallack et al. 2026,Near Infrared Spectrograph (NIRSpec) - G395H,2026AJ....171..180W,1.0,1.1055792378470877,3.7406164011308762,3.329918283335222,2.4539897601251477,50.0,T_G395,8
553,LHS 475 b,Lustig-Yaeger et al. 2023,Near Infrared Spectrograph (NIRSpec) - G395H,2023NatAs...7.1317L,1.0,0.998867673178275,6.333227114587677,2.983741284979422,2.5088882662342824,51.0,T_G395,8
1572,TOI-1685 b,Fisher et al. 2026,Near Infrared Spectrograph (NIRSpec) - G395H,2026MNRAS.545f2187F,1.0,1.205974788692722,6.247701175843871,2.894839129496393,2.4840065422527458,53.0,T_G395,8
536,LHS 475 b,Lustig-Yaeger et al. 2023,Near Infrared Spectrograph (NIRSpec) - G395H,2023NatAs...7.1317L,1.0,3.74544182257205,2.6489627400893303,3.1916400047094475,2.4924693588817357,54.0,T_G395,8
1550,GJ 3090 b,Ahrer et al. 2025,Near Infrared Spectrograph (NIRSpec) - G395H,2025ApJ...985L..10A,1.0,0.95345854540766,6.308434405250778,2.5399576600519156,2.4555640090594073,55.0,T_G395,8
1093,GJ 1132 b,Bennett et al. 2025,Near Infrared Spectrograph (NIRSpec),2025AJ....170..205B,1.0,1.1798928942425868,1.7305294018907815,3.145030413577949,2.6323530264985533,56.0,T_G395,8
545,LHS 475 b,Lustig-Yaeger et al. 2023,Near Infrared Spectrograph (NIRSpec) - G395H,2023NatAs...7.1317L,1.0,2.932728772936426,2.5648359912347405,3.4883312250714833,2.4166276915344715,57.0,T_G395,8
1717,TOI-199 b,Bello-Arufe et al. 2026,Near Infrared Spectrograph (NIRSpec) - G395M,2026AJ....171..354B,1.0,1.3745216314730746,7.807926845489866,2.9910927952159505,2.4014486245770152,58.0,T_G395,8
1089,GJ 1132 b,Bennett et al. 2025,Near Infrared Spectrograph (NIRSpec) - G395H,2025AJ....170..205B,1.0,1.3419854923937578,1.3686522979429732,3.479234187176959,2.385735012375352,59.0,T_G395,8
1583,TOI-270 d,Holmberg &amp; Madhusudhan 2024,Near Infrared Spectrograph (NIRSpec) - G395H,2024A&A...683L...2H,1.0,1.9524926724584766,3.23863353293,3.382102848369663,1.5481635649732535,60.0,T_G395,8
953,TOI-776 b,Alderson et al. 2025,Near Infrared Spectrograph (NIRSpec),2025AJ....169..142A,1.0,2.6089188417370943,1.7481475734715854,3.2792073139069293,2.3851532706360423,60.0,T_G395,8
951,TOI-776 b,Alderson et al. 2025,Near Infrared Spectrograph (NIRSpec),2025AJ....169..142A,1.0,2.296949339159398,2.202042576484855,3.2989640034937397,2.3646357941757445,61.0,T_G395,8
955,TOI-776 c,Teske et al. 2025,Near Infrared Spectrograph (NIRSpec),2025AJ....169..249T,1.0,1.1575364229373446,6.040783111241127,2.772965583981612,2.351579086574706,62.0,T_G395,8
225,GJ 486 b,Moran et al. 2023,Near Infrared Spectrograph (NIRSpec),2023ApJ...948L..11M,0.95,0.8828617435148371,6.7928950082746,2.851632880887764,2.297688382112562,64.0,T_G395,8
1581,TOI-270 d,Holmberg &amp; Madhusudhan 2024,Near Infrared Spectrograph (NIRSpec) - G395H,2024A&A...683L...2H,1.0,1.897612082516967,3.0368746820004096,3.584885352912428,1.6584675550421715,64.0,T_G395,8
1571,TOI-1685 b,Fisher et al. 2026,Near Infrared Spectrograph (NIRSpec) - G395H,2026MNRAS.545f2187F,1.0,2.1455723927465815,1.3540857876365813,3.0347784177858754,2.286373530314168,65.0,T_G395,8
957,TOI-776 c,Teske et al. 2025,Near Infrared Spectrograph (NIRSpec),2025AJ....169..249T,1.0,1.6734290966209966,3.3662562831166705,2.7231148079707466,2.238698063494735,66.0,T_G395,8
958,TOI-776 c,Teske et al. 2025,Near Infrared Spectrograph (NIRSpec),2025AJ....169..249T,1.0,1.1655470147062441,5.290178796655276,2.891705890044246,2.2266374661523627,67.0,T_G395,8
904,L 168-9 b,Alam et al. 2025,Near Infrared Spectrograph (NIRSpec),2025AJ....169...15A,1.0,1.1358186783097652,5.902068822687351,2.3709617595129693,2.2119130840007424,68.0,T_G395,8
556,GJ 1132 b,May et al. 2023,Near Infrared Spectrograph (NIRSpec),2023ApJ...959L...9M,1.0,1.1016218378689593,1.4553982170767326,3.1278406423002703,2.2016591324550814,69.0,T_G395,8
941,L 98-59 c,Scarsdale et al. 2024,Near Infrared Spectrograph (NIRSpec),2024AJ....168..276S,1.0,1.4911201127506355,3.7570048340303286,2.5142923966501782,2.19635318809563,70.0,T_G395,8
1081,GJ 1132 b,Bennett et al. 2025,Near Infrared Spectrograph (NIRSpec) - G395H,2025AJ....170..205B,1.0,0.9879263670678564,1.8895896947042463,3.3032568661516666,2.1785658902614005,71.0,T_G395,8
555,GJ 1132 b,May et al. 2023,Near Infrared Spectrograph (NIRSpec),2023ApJ...959L...9M,1.0,1.417188306022875,2.298479035723993,3.007743359639858,2.1040507890664726,73.0,T_G395,8
560,GJ 1132 b,May et al. 2023,Near Infrared Spectrograph (NIRSpec),2023ApJ...959L...9M,1.0,1.217185387649443,1.2426310511214906,3.3388370265899963,2.092139161610944,74.0,T_G395,8
1579,TOI-270 d,Holmberg &amp; Madhusudhan 2024,Near Infrared Spectrograph (NIRSpec) - G395H,2024A&A...683L...2H,1.0,1.9108290271514978,2.788919898788695,2.849568880430738,1.7742547765634349,74.0,T_G395,8
1072,HAT-P-12 b,Crouzet et al. 2025,Near Infrared Spectrograph (NIRSpec),2025A&A...703A.264C,1.0,2.930266618143806,3.652761807759384,2.8340629827166492,1.6632373708418122,75.0,T_G395,8
1085,GJ 1132 b,Bennett et al. 2025,Near Infrared Spectrograph (NIRSpec) - G395H,2025AJ....170..205B,1.0,1.1774027686406994,0.555459914290705,3.3000463951688808,2.0525149973409085,75.0,T_G395,8
1084,GJ 1132 b,Bennett et al. 2025,Near Infrared Spectrograph (NIRSpec) - G395H,2025AJ....170..205B,1.0,1.432084814879025,1.9358878935462174,3.1302198645053534,1.982410200448736,76.0,T_G395,8
558,GJ 1132 b,May et al. 2023,Near Infrared Spectrograph (NIRSpec),2023ApJ...959L...9M,1.0,1.2601620999399266,1.1474267772734392,3.083919283038972,1.96340524049542,77.0,T_G395,8
1057,TOI-270 d,Felix et al. 2025,Near Infrared Spectrograph (NIRSpec) - G395H,2025A&A...701A.296F,1.0,2.437290848421138,1.8690491523479464,3.09362343693374,1.8629177936213075,80.0,T_G395,8
1088,GJ 1132 b,Bennett et al. 2025,Near Infrared Spectrograph (NIRSpec) - G395H,2025AJ....170..205B,1.0,1.2896822369970953,1.979349953346265,2.732627890183575,2.16375241033482,81.0,T_G395,8
1052,KELT-7 b,Ahrer et al. 2025,Near Infrared Spectrograph (NIRSpec) - G395H,2025MNRAS.543.2442A,1.0,2.1399635788458777,0.9941554942816123,2.786612697679664,1.8485916868179082,81.0,T_G395,8
557,GJ 1132 b,May et al. 2023,Near Infrared Spectrograph (NIRSpec),2023ApJ...959L...9M,1.0,1.6005599239591057,2.071645033323411,2.7525369237395836,1.8461506470421356,82.0,T_G395,8
1038,WASP-127 b,Fu et al. 2025,Near Infrared Spectrograph (NIRSpec) - G395H,2025ApJ...986....1F,1.0,2.8929745350055542,1.2855469727093696,2.671773520681116,2.349052004452583,83.0,T_G395,8
1578,TOI-270 d,Holmberg &amp; Madhusudhan 2024,Near Infrared Spectrograph (NIRSpec) - G395H,2024A&A...683L...2H,1.0,1.7519706100248114,3.7837287882263317,2.57631220980903,1.7913776807604367,83.0,T_G395,8
1059,GJ 357 b,Adams Redai et al. 2025,Near Infrared Spectrograph (NIRSpec) - G395H,2025AJ....170..219A,1.0,2.160963525956252,2.1147677541641405,2.284858265860855,1.9160064228904878,84.0,T_G395,8
1763,TOI-260 b,Meech et al. 2026,Near Infrared Spectrograph (NIRSpec) - G395H,2026AJ....171..274M,1.0,2.102062295942234,4.958192664495692,2.6573379839669133,1.678172564906682,85.0,T_G395,8
1762,TOI-260 b,Meech et al. 2026,Near Infrared Spectrograph (NIRSpec) - G395H,2026AJ....171..274M,1.0,2.1710330816911467,6.31917858085551,2.0204995456913455,1.7591237293180437,85.0,T_G395,8
1058,GJ 357 b,Adams Redai et al. 2025,Near Infrared Spectrograph (NIRSpec) - G395H,2025AJ....170..219A,1.0,2.821358534884268,1.9783840160626913,2.600512021409729,2.7078416634334266,88.0,T_G395,8
1051,KELT-7 b,Ahrer et al. 2025,Near Infrared Spectrograph (NIRSpec) - G395H,2025MNRAS.543.2442A,1.0,2.347972101574992,0.9360252985310366,2.6612881069095957,1.6708111945842798,89.0,T_G395,8
840,TOI-836 c,Wallack et al. 2024,Near Infrared Spectrograph (NIRSpec),2024AJ....168...77W,1.0,1.906995875339465,3.851602379656805,2.548833805140037,1.5016759644488815,90.0,T_G395,8
1758,HAT-P-30 b,Claringbold et al. 2026,Near Infrared Spectrograph (NIRSpec) - G395H,2026MNRAS.546ag143C,1.0,2.280888019304904,2.501943303845344,2.080431285682018,1.6358495307185656,92.0,T_G395,8
1071,HAT-P-12 b,Crouzet et al. 2025,Near Infrared Spectrograph (NIRSpec),2025A&A...703A.264C,1.0,3.5687647320046767,1.471132719966238,2.504838527392237,1.8862595408573455,94.0,T_G395,8
1050,KELT-7 b,Ahrer et al. 2025,Near Infrared Spectrograph (NIRSpec) - G395H,2025MNRAS.543.2442A,1.0,2.1143615527782753,2.3974277323513067,2.463507179320301,1.5658085577719068,94.0,T_G395,8
1756,HAT-P-30 b,Claringbold et al. 2026,Near Infrared Spectrograph (NIRSpec) - G395H,2026MNRAS.546ag143C,1.0,2.230388889046595,2.772401388861011,1.944018219529562,1.5130479162681474,96.0,T_G395,8
1049,KELT-7 b,Ahrer et al. 2025,Near Infrared Spectrograph (NIRSpec) - G395H,2025MNRAS.543.2442A,1.0,2.445466038113678,1.6120384383137663,2.436072150787081,1.6323641632347994,96.0,T_G395,8
1755,HAT-P-30 b,Claringbold et al. 2026,Near Infrared Spectrograph (NIRSpec) - G395H,2026MNRAS.546ag143C,1.0,2.4512095721051366,3.0917790492427755,1.9121645744737807,1.507172614334129,98.0,T_G395,8
1770,HD 15337 c,Wallack et al. 2026,Near Infrared Spectrograph (NIRSpec) - G395H,2026AJ....171..180W,1.0,1.436530453127791,3.305680295794067,2.203647672998442,1.5040902907290212,99.0,T_G395,8
839,TOI-836 c,Wallack et al. 2024,Near Infrared Spectrograph (NIRSpec),2024AJ....168...77W,1.0,2.214407913073015,3.240747091258907,2.3007083554588337,1.3735306622822265,99.0,T_G395,8
1646,NGTS-2 b,Fairman et al. 2026,Near Infrared Spectrograph (NIRSpec) - G395H,2026MNRAS.548ag528F,1.0,2.569561428369809,1.648359359284737,2.2966685417418953,1.1416366249188268,100.0,T_G395,8
969,TrES-4 b,Meech et al. 2025,Near Infrared Spectrograph (NIRSpec),2025MNRAS.539.1381M,1.0,3.377069887149297,1.607166712626889,2.2216821457938547,1.497439467618538,101.0,T_G395,8
1757,HAT-P-30 b,Claringbold et al. 2026,Near Infrared Spectrograph (NIRSpec) - G395H,2026MNRAS.546ag143C,1.0,2.3876760481964907,2.5574235103531735,2.174276485173914,1.4669373832398396,102.0,T_G395,8
1718,TOI-199 b,Bello-Arufe et al. 2026,Near Infrared Spectrograph (NIRSpec) - G395M,2026AJ....171..354B,1.0,1.1205685497288331,3.8924934020981894,2.1774852962052487,1.4158256089848371,103.0,T_G395,8
1588,WASP-166 b,Mayo et al. 2025,Near Infrared Spectrograph (NIRSpec) - G395M,2025AJ....170...50M,1.0,4.652848419827752,1.3925080372105956,2.337010458556486,1.0218930119199423,104.0,T_G395,8
1769,HD 15337 c,Wallack et al. 2026,Near Infrared Spectrograph (NIRSpec) - G395H,2026AJ....171..180W,1.0,1.469409376455815,4.584783291522529,2.091521583641769,1.4027233056075066,104.0,T_G395,8
995,WASP-121 b,Gapp et al. 2025,Near Infrared Spectrograph (NIRSpec),2025AJ....169..341G,1.0,5.113587365461408,0.9748042647293109,2.6465895682970353,1.3502625915300819,107.0,T_G395,8
968,TrES-4 b,Meech et al. 2025,Near Infrared Spectrograph (NIRSpec),2025MNRAS.539.1381M,1.0,4.3816316736623975,1.3397040736001162,2.181500037754284,1.3669137808595953,107.0,T_G395,8
994,WASP-121 b,Gapp et al. 2025,Near Infrared Spectrograph (NIRSpec),2025AJ....169..341G,1.0,5.285212453313778,1.037274806070162,2.6220633563646896,1.332579239829499,108.0,T_G395,8
838,TOI-836 c,Wallack et al. 2024,Near Infrared Spectrograph (NIRSpec),2024AJ....168...77W,1.0,1.794981239370991,5.716492617807313,2.167767854213118,1.3224339091034705,109.0,T_G395,8
993,WASP-121 b,Gapp et al. 2025,Near Infrared Spectrograph (NIRSpec),2025AJ....169..341G,1.0,9.502433418515334,0.7593522477385483,2.8235787380325488,1.261151451647001,110.0,T_G395,8
992,WASP-121 b,Gapp et al. 2025,Near Infrared Spectrograph (NIRSpec),2025AJ....169..341G,1.0,9.537792744166865,0.6931296731513704,2.816853273508822,1.2580146961339669,111.0,T_G395,8
765,WASP-107 b,Sing et al. 2024,Near Infrared Spectrograph (NIRSpec),2024Natur.630..831S,1.0,8.470258830955022,1.0156030873673374,2.5264747046592686,1.2152517532833353,112.0,T_G395,8
1645,NGTS-2 b,Fairman et al. 2026,Near Infrared Spectrograph (NIRSpec) - G395H,2026MNRAS.548ag528F,1.0,2.8280789148003107,2.222938438082885,2.1278138342013917,0.9951580367871775,112.0,T_G395,8
1585,WASP-166 b,Mayo et al. 2025,Near Infrared Spectrograph (NIRSpec) - G395M,2025AJ....170...50M,1.0,4.638550893643348,1.6010653883113093,2.0981113189266765,0.8637671851388665,113.0,T_G395,8
1023,V1298 Tau b,Barat et al. 2025,Near Infrared Spectrograph (NIRSpec),2025AJ....170..165B,1.0,16.875490053461032,1.1554467722539647,2.0677140883892347,1.1033139397208553,115.0,T_G395,8
1764,TOI-260 b,Meech et al. 2026,Near Infrared Spectrograph (NIRSpec) - G395H,2026AJ....171..274M,1.0,4.210030109594136,1.1144816935956112,2.262750357157805,0.9855817990491633,115.0,T_G395,8
972,WASP-15 b,Kirk et al. 2025,Near Infrared Spectrograph (NIRSpec),2025MNRAS.537.3027K,1.0,3.1099347054689743,1.0824105564088375,2.0972136094047134,1.0812005042843218,116.0,T_G395,8
1761,TOI-260 b,Meech et al. 2026,Near Infrared Spectrograph (NIRSpec) - G395H,2026AJ....171..274M,1.0,4.401646613940375,1.0446400855723832,2.171537222253876,0.9684113463463362,117.0,T_G395,8
1759,TOI-260 b,Meech et al. 2026,Near Infrared Spectrograph (NIRSpec) - G395H,2026AJ....171..274M,1.0,4.823402414285026,1.2936233790430807,2.0311993757603086,0.9267927295034102,119.0,T_G395,8
1644,NGTS-2 b,Fairman et al. 2026,Near Infrared Spectrograph (NIRSpec) - G395H,2026MNRAS.548ag528F,1.0,2.7913196034361683,1.0347080741476824,2.223383525096672,1.0392710064471569,119.0,T_G395,8
1647,NGTS-2 b,Fairman et al. 2026,Near Infrared Spectrograph (NIRSpec) - G395H,2026MNRAS.548ag528F,1.0,2.691721496388964,3.492562711664313,2.008151370900582,0.9646880516253141,121.0,T_G395,8
971,WASP-15 b,Kirk et al. 2025,Near Infrared Spectrograph (NIRSpec),2025MNRAS.537.3027K,1.0,3.1605105984906072,1.2377423290313077,1.7778233879608587,1.0132582406887576,121.0,T_G395,8
970,WASP-15 b,Kirk et al. 2025,Near Infrared Spectrograph (NIRSpec),2025MNRAS.537.3027K,1.0,3.499151368161416,0.8885086173833557,1.9839617923751631,1.1631065989975538,123.0,T_G395,8
1022,WASP-94 A b,Ahrer et al. 2025,Near Infrared Spectrograph (NIRSpec),2025MNRAS.540.2535A,1.0,5.395487435097718,0.348425168259623,1.990952150250014,0.9717535885366715,125.0,T_G395,8
1760,TOI-260 b,Meech et al. 2026,Near Infrared Spectrograph (NIRSpec) - G395H,2026AJ....171..274M,1.0,5.5587066352828085,0.9194233019148351,2.04051581157184,0.8632653796052827,125.0,T_G395,8
1020,WASP-94 A b,Ahrer et al. 2025,Near Infrared Spectrograph (NIRSpec),2025MNRAS.540.2535A,1.0,4.386425287724439,0.7077027457180504,1.9424542599534327,1.0605390398313428,127.0,T_G395,8
1021,WASP-94 A b,Ahrer et al. 2025,Near Infrared Spectrograph (NIRSpec),2025MNRAS.540.2535A,1.0,5.6934167276712975,0.4561345676992603,1.9410587989259387,0.9750964804844473,128.0,T_G395,8
973,WASP-15 b,Kirk et al. 2025,Near Infrared Spectrograph (NIRSpec),2025MNRAS.537.3027K,1.0,2.980464718904854,1.6713043062194202,1.8455275437161622,0.9565936438351731,128.0,T_G395,8
172,WASP-39 b,JWST Transiting Exoplanet Community ERS Team 2022,Near Infrared Spectrograph (NIRSpec),2022arXiv220811692T,0.95,6.105653052228576,0.9576531628710113,1.9365644464175662,0.7417547418155198,129.0,T_G395,8
1019,WASP-94 A b,Ahrer et al. 2025,Near Infrared Spectrograph (NIRSpec),2025MNRAS.540.2535A,1.0,5.666785750955437,0.5162144515857369,1.945167069009425,0.943712248317401,129.0,T_G395,8
76,WASP-39 b,JWST Transiting Exoplanet Community ERS Team 2022,Near Infrared Spectrograph (NIRSpec),2022arXiv220811692T,0.95,7.727490254444753,0.7503767419505144,1.860092202972602,1.5116072294534808,129.0,T_G395,8
171,WASP-39 b,JWST Transiting Exoplanet Community ERS Team 2022,Near Infrared Spectrograph (NIRSpec),2022arXiv220811692T,0.95,7.373402696367793,0.7495475120700644,1.9687621815801355,0.7017136959851278,130.0,T_G395,8
837,WASP-39 b,Carter et al. 2024,Near Infrared Spectrograph (NIRSpec),2024NatAs...8.1008C,1.0,7.5123828272163,0.7491225708527807,1.9195264903586897,0.5853538064402507,131.0,T_G395,8
1043,HAT-P-26 b,Gressier et al. 2025,Near Infrared Spectrograph (NIRSpec) - G395H,2025AJ....170..292G,1.0,4.862123254313125,2.121503960881962,1.916918837920598,0.7059877077993085,132.0,T_G395,8
1044,HAT-P-26 b,Gressier et al. 2025,Near Infrared Spectrograph (NIRSpec) - G395H,2025AJ....170..292G,1.0,6.628244635834936,1.5602178721318831,1.8927590500603864,0.6244878631573437,134.0,T_G395,8
173,WASP-39 b,Alderson et al. 2023,Near Infrared Spectrograph (NIRSpec) - G395H,2023Natur.614..664A,1.0,7.676729944739277,0.528213097105927,1.9240696025742063,0.7068755358094614,135.0,T_G395,8
844,HIP 67522 b,Thao et al. 2024,Near Infrared Spectrograph (NIRSpec),2024AJ....168..297T,1.0,7.393238462738757,0.4773066480057118,1.7673810372673306,1.0579840827253328,137.0,T_G395,8
75,WASP-39 b,JWST Transiting Exoplanet Community ERS Team 2022,Near Infrared Spectrograph (NIRSpec),2022arXiv220811692T,0.95,7.057938043023784,0.8028303034804137,1.8087453230241506,0.6973525409924397,137.0,T_G395,8
842,HIP 67522 b,Thao et al. 2024,Near Infrared Spectrograph (NIRSpec),2024AJ....168..297T,1.0,8.072861483233483,0.450342121473893,1.7535784671257404,0.8008257001091813,139.0,T_G395,8
843,HIP 67522 b,Thao et al. 2024,Near Infrared Spectrograph (NIRSpec),2024AJ....168..297T,1.0,12.211204513535309,0.3687610546624013,1.7759658945880281,0.6499594917638081,139.0,T_G395,8
871,WASP-39 b,Rustamkulov et al. 2023,Near Infrared Spectrograph (NIRSpec) - PRISM,2023Natur.614..659R,1.0,13.460701419513713,1.2347150954656247,10.944246108665094,5.617986186742111,2.0,T_PRISM,6
1069,TRAPPIST-1 d,Piaulet-Ghorayeb et al. 2025,Near Infrared Spectrograph (NIRSpec) - PRISM,2025ApJ...989..181P,0.85,1.0125120933293255,3.015141859459011,3.6353826402288667,4.768289246470287,3.0,T_PRISM,6
1009,TRAPPIST-1 b,Rathcke et al. 2025,Near Infrared Spectrograph (NIRSpec) - PRISM,2025ApJ...979L..19R,1.0,1.8896576941154177,3.1667935348682104,3.6261229509679915,2.8138798726055922,4.0,T_PRISM,6
1589,Kepler-51 d,Libby-Roberts et al. 2026,Near Infrared Spectrograph (NIRSpec) - PRISM,2026AJ....171..221L,1.0,5.98340104293611,0.604602716892275,13.821175701722916,4.727505858054522,4.0,T_PRISM,6
1070,TRAPPIST-1 d,Piaulet-Ghorayeb et al. 2025,Near Infrared Spectrograph (NIRSpec) - PRISM,2025ApJ...989..181P,0.85,1.8761227728478465,2.7629355418144423,3.096259991595132,4.296737845651491,5.0,T_PRISM,6
1033,TRAPPIST-1 e,Espinoza et al. 2025,Near Infrared Spectrograph (NIRSpec) - PRISM,2025ApJ...990L..52E,1.0,2.75558836086803,1.465914389301057,3.401551013814307,4.821290792935275,6.0,T_PRISM,6
1034,TRAPPIST-1 e,Espinoza et al. 2025,Near Infrared Spectrograph (NIRSpec) - PRISM,2025ApJ...990L..52E,1.0,1.9836428877917502,2.0164429848620005,2.5026088213136273,4.198428118781271,6.0,T_PRISM,6
1032,TRAPPIST-1 e,Espinoza et al. 2025,Near Infrared Spectrograph (NIRSpec) - PRISM,2025ApJ...990L..52E,1.0,1.413425697582196,3.245663549521206,2.9744848454742217,4.165570522711557,7.0,T_PRISM,6
1031,TRAPPIST-1 e,Espinoza et al. 2025,Near Infrared Spectrograph (NIRSpec) - PRISM,2025ApJ...990L..52E,1.0,1.406806112418449,0.6579349393679391,3.5415541799141006,4.110359396453925,8.0,T_PRISM,6
1598,LP 791-18 c,Roy et al. 2026,Near Infrared Spectrograph (NIRSpec) - PRISM,2026NatAs..10..371R,0.9,2.949657441894921,1.6279080164792135,2.31856598661237,2.7692290002598225,10.0,T_PRISM,6
1008,TRAPPIST-1 c,Rathcke et al. 2025,Near Infrared Spectrograph (NIRSpec) - PRISM,2025ApJ...979L..19R,1.0,3.516144603894649,1.0642148685240809,1.9911903729668217,2.0744062868145123,11.0,T_PRISM,6
1601,TOI-5205 b,Ca&ntilde;as et al. 2026,Near Infrared Spectrograph (NIRSpec) - PRISM,2026AJ....171..260C,1.0,8.027930755323009,0.4733954205928194,1.4852319608606273,0.9386259004931402,12.0,T_PRISM,6
1604,TOI-5205 b,Ca&ntilde;as et al. 2026,Near Infrared Spectrograph (NIRSpec) - PRISM,2026AJ....171..260C,1.0,8.00148084870954,0.3276297667287952,1.4099484840538623,0.7567592619118597,13.0,T_PRISM,6
1605,TOI-5205 b,Ca&ntilde;as et al. 2026,Near Infrared Spectrograph (NIRSpec) - PRISM,2026AJ....171..260C,1.0,6.031021768022736,0.3473906647127184,1.3079456532845815,0.584288412714584,14.0,T_PRISM,6
1606,TOI-5205 b,Ca&ntilde;as et al. 2026,Near Infrared Spectrograph (NIRSpec) - PRISM,2026AJ....171..260C,1.0,5.923860093554417,0.6231419666077557,0.9872589172368622,0.7195691885415464,14.0,T_PRISM,6
1602,TOI-5205 b,Ca&ntilde;as et al. 2026,Near Infrared Spectrograph (NIRSpec) - PRISM,2026AJ....171..260C,1.0,8.119779572604273,0.32964430048242244,0.9958375418350558,0.571632469868254,16.0,T_PRISM,6
1599,TOI-5205 b,Ca&ntilde;as et al. 2026,Near Infrared Spectrograph (NIRSpec) - PRISM,2026AJ....171..260C,1.0,12.199694286088294,0.09047991637367525,1.1938083669138149,0.565617721883435,17.0,T_PRISM,6
1603,TOI-5205 b,Ca&ntilde;as et al. 2026,Near Infrared Spectrograph (NIRSpec) - PRISM,2026AJ....171..260C,1.0,7.447060665468628,0.26692210674880734,1.017555305239291,0.5518624164571325,17.0,T_PRISM,6
1600,TOI-5205 b,Ca&ntilde;as et al. 2026,Near Infrared Spectrograph (NIRSpec) - PRISM,2026AJ....171..260C,1.0,12.823985750771817,0.08018110450522335,1.0735386312852668,0.5316555091381588,19.0,T_PRISM,6
763,LHS 1140 b,Cadieux et al. 2024,Near Infrared Imager and Slitless Spectrograph (NIRISS),2024ApJ...970L...2C,0.95,2.3634584160955168,1.1937460717519601,8.12890943019621,5.36129736812989,2.0,T_NIRISS,8
977,GJ 357 b,Taylor et al. 2025,Near Infrared Imager and Slitless Spectrograph (NIRISS),2025MNRAS.540.3677T,0.95,0.8166731305440205,3.922931494441322,5.403295451197108,4.561793415355282,3.0,T_NIRISS,8
988,TRAPPIST-1 c,Radica et al. 2025,Near Infrared Imager and Slitless Spectrograph (NIRISS),2025ApJ...979L...5R,0.95,1.4253577449004922,0.912338578262267,8.939730282311093,5.022051620569448,3.0,T_NIRISS,8
1056,TOI-270 d,Felix et al. 2025,Near Infrared Imager and Slitless Spectrograph (NIRISS),2025A&A...701A.296F,0.95,2.724319231804605,1.384725783822499,3.7814655568044007,4.739240766187149,4.0,T_NIRISS,8
544,K2-18 b,Madhusudhan et al. 2023,Near Infrared Imager and Slitless Spectrograph (NIRISS),2023ApJ...956L..13M,0.95,1.32819488387997,3.36751608062746,3.740228226341957,4.360353231375543,5.0,T_NIRISS,8
1573,LTT 3780 c,Rigby et al. 2025,Near Infrared Imager and Slitless Spectrograph (NIRISS),2025ApJ...995L..70R,0.95,2.1459249953627033,1.3140176020730816,3.5651910225534964,5.275917067076113,6.0,T_NIRISS,8
841,GJ 9827 d,Piaulet-Ghorayeb et al. 2024,Near Infrared Imager and Slitless Spectrograph (NIRISS),2024ApJ...974L..10P,1.0,1.244806615772906,2.3692171564704445,3.4589454555444803,4.318877733857731,7.0,T_NIRISS,8
989,TRAPPIST-1 c,Radica et al. 2025,Near Infrared Imager and Slitless Spectrograph (NIRISS),2025ApJ...979L...5R,0.95,1.100960386568097,2.2951668122048803,3.143158330248631,4.5333302723956,7.0,T_NIRISS,8
1556,HAT-P-14 b,Liu et al. 2025,Near Infrared Imager and Slitless Spectrograph (NIRISS),2025AJ....169..335L,1.0,2.0646468145499424,1.6105756694207631,3.435906149844608,4.403168437079892,8.0,T_NIRISS,8
646,LTT 9779 b,Radica et al. 2024,Near Infrared Imager and Slitless Spectrograph (NIRISS),2024ApJ...962L..20R,1.0,1.3703750928620821,2.4622212284123886,2.9743618360211515,4.191397357095958,11.0,T_NIRISS,8
923,WASP-52 b,Fournier-Tondreau et al. 2025,Near Infrared Imager and Slitless Spectrograph (NIRISS),2025MNRAS.539..422F,1.0,4.49413516558618,0.7469399829079995,3.259920887328768,4.54702700357085,12.0,T_NIRISS,8
764,LHS 1140 c,Cadieux et al. 2024,Near Infrared Imager and Slitless Spectrograph (NIRISS),2024ApJ...970L...2C,0.95,1.3469770957444485,4.443462636967462,3.0613659187970392,4.1699428340443125,12.0,T_NIRISS,8
1055,TOI-421 b,Davenport et al. 2025,Near Infrared Imager and Slitless Spectrograph (NIRISS),2025ApJ...984L..44D,0.9,2.378025300532436,0.6082350947760944,3.3734771572050675,3.8991757177310604,13.0,T_NIRISS,8
1552,GJ 3090 b,Ahrer et al. 2025,Near Infrared Imager and Slitless Spectrograph (NIRISS),2025ApJ...985L..10A,1.0,1.6936854601020743,1.2989487810659723,3.4118549409035004,3.5516046475900063,14.0,T_NIRISS,8
1553,GJ 3090 b,Ahrer et al. 2025,Near Infrared Imager and Slitless Spectrograph (NIRISS),2025ApJ...985L..10A,1.0,1.547295910459211,1.2356605677943622,3.353563662311183,3.4851309722227137,15.0,T_NIRISS,8
1548,GJ 3090 b,Ahrer et al. 2025,Near Infrared Imager and Slitless Spectrograph (NIRISS),2025ApJ...985L..10A,1.0,1.0505126685483435,1.505687595612266,2.3908049687514246,3.270430726039978,16.0,T_NIRISS,8
1549,GJ 3090 b,Ahrer et al. 2025,Near Infrared Imager and Slitless Spectrograph (NIRISS),2025ApJ...985L..10A,1.0,2.0212540139202577,0.9633489386451425,2.7624634064408586,3.2655632107397046,17.0,T_NIRISS,8
1658,TOI-1130 b,Barat et al. 2026,Near Infrared Imager and Slitless Spectrograph (NIRISS),2026ApJ..1002L..32B,0.9,3.6957714635940984,2.3120009324419053,2.5482054531134657,3.095429290096437,18.0,T_NIRISS,8
1614,WASP-96 b,Wang et al. 2026,Near Infrared Imager and Slitless Spectrograph (NIRISS),2026AJ....171..147W,1.0,7.283032530662924,0.6466890727368267,3.016839628202654,2.852666458632291,19.0,T_NIRISS,8
1053,TOI-421 b,Davenport et al. 2025,Near Infrared Imager and Slitless Spectrograph (NIRISS),2025ApJ...984L..44D,0.9,2.4411640394876297,1.0998220378510843,2.595077116569982,2.7838382386435527,20.0,T_NIRISS,8
19,HAT-P-18 b,Fu et al. 2022,Near Infrared Imager and Slitless Spectrograph (NIRISS),2022ApJ...940L..35F,1.0,4.863371359179939,1.7119172465948425,2.2644574075573085,2.577391872699739,21.0,T_NIRISS,8
77,WASP-39 b,Feinstein et al. 2023,Near Infrared Imager and Slitless Spectrograph (NIRISS),2023Natur.614..670F,1.0,10.801160653872504,1.3190845857006988,2.324648662262126,2.24469950412332,21.0,T_NIRISS,8
911,WASP-17 b,Louie et al. 2025,Near Infrared Imager and Slitless Spectrograph (NIRISS),2025AJ....169...86L,0.95,8.979818669604803,1.594139494731712,2.202346889691959,2.08009267991123,23.0,T_NIRISS,8
913,WASP-17 b,Louie et al. 2025,Near Infrared Imager and Slitless Spectrograph (NIRISS),2025AJ....169...86L,0.95,9.082319009834935,1.5272972992007954,2.1981975705107755,2.011708727543943,24.0,T_NIRISS,8
1586,WASP-166 b,Mayo et al. 2025,Near Infrared Imager and Slitless Spectrograph (NIRISS),2025AJ....170...50M,0.95,3.488753006796594,0.35303799326174945,2.0800870189869802,2.1008205514807883,25.0,T_NIRISS,8
796,HAT-P-18 b,Fournier-Tondreau et al. 2024,Near Infrared Imager and Slitless Spectrograph (NIRISS),2024MNRAS.528.3354F,1.0,8.562444548329157,0.41385406105825795,1.8979948732357352,2.0234616105520375,27.0,T_NIRISS,8
803,HAT-P-18 b,Fournier-Tondreau et al. 2024,Near Infrared Imager and Slitless Spectrograph (NIRISS),2024MNRAS.528.3354F,1.0,7.892436843545605,0.5018457890292153,1.8707972651769287,2.0561136188717954,28.0,T_NIRISS,8
1587,WASP-166 b,Mayo et al. 2025,Near Infrared Imager and Slitless Spectrograph (NIRISS),2025AJ....170...50M,0.95,3.5020289704025394,0.41738012961139886,2.007214430858786,1.9879373080665392,28.0,T_NIRISS,8
1704,WASP-94 A b,Mukherjee et al. 2026,Near Infrared Imager and Slitless Spectrograph (NIRISS),2026Sci...392..858M,0.9,6.368582502878446,0.8336830796839308,1.4169955642998444,1.9314769949847563,29.0,T_NIRISS,8
828,WASP-39 b,Carter et al. 2024,Near Infrared Imager and Slitless Spectrograph (NIRISS),2024NatAs...8.1008C,0.9,7.04819712104672,0.6548202103793099,1.7284916390330571,1.8649248411763175,29.0,T_NIRISS,8
578,WASP-96 b,Radica et al. 2023,Near Infrared Imager and Slitless Spectrograph (NIRISS),2023MNRAS.524..835R,1.0,6.31355772446835,1.1765087332902062,1.3762803717881604,1.8918424103921843,30.0,T_NIRISS,8
706,WASP-43 b,Bell et al. 2024,Mid-Infrared Instrument (MIRI),2024NatAs...8..879B,1.0,3.0805851553410575,0.11346406888344301,27.734333824675645,5.577668076429658,1.0,T_MIRI_LRS,6
491,GJ 1214 b,Kempton et al. 2023,Mid-Infrared Instrument (MIRI) - LRS,2023Natur.620...67K,1.0,2.2166453248100013,0.7287484990823999,8.060455338841635,5.015643190403064,2.0,T_MIRI_LRS,6
1574,LTT 3780 c,Rigby et al. 2025,Mid-Infrared Instrument (MIRI),2025ApJ...995L..70R,0.9285714285714286,1.472354052185623,1.349577631889174,5.718040953271483,3.8527945055736588,3.0,T_MIRI_LRS,6
1035,K2-22 b,Tusay et al. 2025,Mid-Infrared Instrument (MIRI) - LRS,2025ApJ...987L...6T,0.9285714285714286,1.482460874712286,1.9114478207969434,3.198218258860573,3.8007946280802374,4.0,T_MIRI_LRS,6
580,L 168-9 b,Bouwman et al. 2023,Mid-Infrared Instrument (MIRI) - LRS,2023PASP..135c8002B,1.0,1.339646219397453,1.5259809546352978,3.4905461418248906,3.1537982305162364,5.0,T_MIRI_LRS,6
1575,LTT 3780 c,Rigby et al. 2025,Mid-Infrared Instrument (MIRI),2025ApJ...995L..70R,0.9285714285714286,1.2991359214207565,3.488108954177051,2.2246275357885943,3.3412163833408615,6.0,T_MIRI_LRS,6
581,L 168-9 b,Bouwman et al. 2023,Mid-Infrared Instrument (MIRI) - LRS,2023PASP..135c8002B,1.0,0.9208141354475938,2.4001019115768334,2.88573128179927,2.6358064289670824,6.0,T_MIRI_LRS,6
937,K2-18 b,Madhusudhan et al. 2025,Mid-Infrared Instrument (MIRI) - LRS,2025ApJ...983L..40M,0.9285714285714286,1.2281986881481763,1.0032356269598877,2.8243334232606108,3.5037539475228856,7.0,T_MIRI_LRS,6
938,K2-18 b,Madhusudhan et al. 2025,Mid-Infrared Instrument (MIRI) - LRS,2025ApJ...983L..40M,0.9285714285714286,1.5091523717521984,1.144890383768047,2.678272824502562,2.6141696580444345,8.0,T_MIRI_LRS,6
908,L 168-9 b,Alam et al. 2025,Mid-Infrared Instrument (MIRI) - LRS,2025AJ....169...15A,1.0,0.9269850236692083,1.031967966197134,2.3571767380777997,2.926624561437598,9.0,T_MIRI_LRS,6
907,L 168-9 b,Alam et al. 2025,Mid-Infrared Instrument (MIRI) - LRS,2025AJ....169...15A,1.0,0.9270125885126854,1.0344304419107793,2.356396546484793,2.926287317892348,10.0,T_MIRI_LRS,6
703,WASP-43 b,Bell et al. 2024,Mid-Infrared Instrument (MIRI),2024NatAs...8..879B,1.0,1.5393247578558442,0.9098564068923188,2.653997698290539,1.9920678411296417,11.0,T_MIRI_LRS,6
1037,K2-22 b,Tusay et al. 2025,Mid-Infrared Instrument (MIRI) - LRS,2025ApJ...987L...6T,1.0,2.144061448646439,0.6772406594996312,2.381405025680957,3.181776608802479,12.0,T_MIRI_LRS,6
705,WASP-43 b,Bell et al. 2024,Mid-Infrared Instrument (MIRI),2024NatAs...8..879B,1.0,2.351693614899325,0.8542595296921139,2.635027825706555,2.3303066503944296,12.0,T_MIRI_LRS,6
698,WASP-43 b,Bell et al. 2024,Mid-Infrared Instrument (MIRI),2024NatAs...8..879B,1.0,1.1935087966384028,0.7815320657754489,2.2470614510971796,2.02276080187593,14.0,T_MIRI_LRS,6
548,WASP-17 b,Grant et al. 2023,Mid-Infrared Instrument (MIRI) - LRS,2023ApJ...956L..29G,1.0,2.8682473528420505,0.8391830139184575,2.1211654278214667,1.9151365338622788,16.0,T_MIRI_LRS,6
687,WASP-39 b,Powell et al. 2024,Mid-Infrared Instrument (MIRI) - LRS,2024Natur.626..979P,0.9285714285714286,4.1358622825259586,0.21693632694850543,2.2299371130185386,1.874597704121887,17.0,T_MIRI_LRS,6
688,WASP-39 b,Powell et al. 2024,Mid-Infrared Instrument (MIRI) - LRS,2024Natur.626..979P,1.0,3.80772502197189,0.6194035930145556,2.3942758360748684,1.6380102230049176,18.0,T_MIRI_LRS,6
549,WASP-17 b,Grant et al. 2023,Mid-Infrared Instrument (MIRI) - LRS,2023ApJ...956L..29G,1.0,2.5200864260756424,2.0870779579693624,1.7324230940735328,1.7915740906393456,18.0,T_MIRI_LRS,6
686,WASP-39 b,Powell et al. 2024,Mid-Infrared Instrument (MIRI) - LRS,2024Natur.626..979P,1.0,3.320581092046693,0.5791987037632715,2.0861804285823435,1.7682079630635605,19.0,T_MIRI_LRS,6
551,WASP-107 b,Dyrek et al. 2024,Mid-Infrared Instrument (MIRI) - LRS,2024Natur.625...51D,1.0,8.538490560714347,0.7537586663184263,1.6663876893079337,1.300622857009237,21.0,T_MIRI_LRS,6
550,WASP-107 b,Dyrek et al. 2024,Mid-Infrared Instrument (MIRI) - LRS,2024Natur.625...51D,1.0,9.157638746612424,0.36677492359084923,1.66729487704235,1.0359803395137914,22.0,T_MIRI_LRS,6
552,WASP-107 b,Dyrek et al. 2024,Mid-Infrared Instrument (MIRI) - LRS,2024Natur.625...51D,1.0,12.446330006699593,0.1910062934760612,1.691527566663673,1.1585778181108228,22.0,T_MIRI_LRS,6
766,WASP-107 b,Welbanks et al. 2024,Mid-Infrared Instrument (MIRI) - LRS,2024Natur.630..836W,1.0,8.894875973920673,0.5317839037563781,1.5390870334486857,1.1551917501933997,23.0,T_MIRI_LRS,6
587,CoRoT-1 b,Changeat et al. 2022,Wide Field Camera 3,2022ApJS..260....3C,0.9444444444444444,1.6467983600978005,1.8380197623335994,7.445415873986032,3.743665706502777,3.0,E_WFC3_G141,8
652,WASP-4 b,Changeat et al. 2022,Wide Field Camera 3,2022ApJS..260....3C,0.9444444444444444,1.3945053107069507,1.587224804486486,8.200836489797258,3.738668106946611,3.0,E_WFC3_G141,8
655,WASP-79 b,Changeat et al. 2022,Wide Field Camera 3,2022ApJS..260....3C,0.9444444444444444,1.2744794504834913,0.8478948364930456,6.512084155691983,3.7818217686242726,4.0,E_WFC3_G141,8
607,TrES-3 b,Changeat et al. 2022,Wide Field Camera 3,2022ApJS..260....3C,0.9444444444444444,1.8585448375853544,1.8125939162318592,8.185160435720261,3.686675896851553,4.0,E_WFC3_G141,8
592,HAT-P-32 b,Changeat et al. 2022,Wide Field Camera 3,2022ApJS..260....3C,1.0,1.4213964128116996,1.7646734257793746,4.278613339329635,3.458153226789613,6.0,E_WFC3_G141,8
594,HD 189733 b,Changeat et al. 2022,Wide Field Camera 3,2022ApJS..260....3C,0.9444444444444444,1.3285210946813106,0.7692574403748736,4.523236525482428,2.9745076325808704,8.0,E_WFC3_G141,8
598,KELT-1 b,Changeat et al. 2022,Wide Field Camera 3,2022ApJS..260....3C,1.0,1.311109519460828,1.3200970496112332,3.8786115290434977,3.430393491488112,8.0,E_WFC3_G141,8
293,WASP-33 b,Haynes et al. 2015,Wide Field Camera 3,2015ApJ...806..146H,0.9444444444444444,4.8824849857894845,2.2627497613973766,3.672031578732469,2.5835028438474814,9.0,E_WFC3_G141,8
595,HAT-P-70 b,Changeat et al. 2022,Wide Field Camera 3,2022ApJS..260....3C,1.0,1.0971410648334168,0.8882989260179447,4.230555165979851,2.309624649509881,10.0,E_WFC3_G141,8
612,WASP-12 b,Changeat et al. 2022,Wide Field Camera 3,2022ApJS..260....3C,0.9444444444444444,1.4535323224645738,2.8812215987470577,3.6142875241382195,2.3036296386386232,10.0,E_WFC3_G141,8
645,HAT-P-41 b,Changeat et al. 2022,Wide Field Camera 3,2022ApJS..260....3C,1.0,1.4728748112377479,1.201980348774407,3.4922431844097575,3.0918309200836727,11.0,E_WFC3_G141,8
619,WASP-43 b,Changeat et al. 2022,Wide Field Camera 3,2022ApJS..260....3C,1.0,1.3712348136204162,1.9007452908101405,3.1626420476606203,2.2373254042677644,12.0,E_WFC3_G141,8
527,HAT-P-41 b,Fu et al. 2022,Wide Field Camera 3,2022AJ....163..190F,0.8333333333333334,1.5459746842883748,1.7684723048027895,2.5488860034655305,2.172446370434385,13.0,E_WFC3_G141,8
520,WASP-74 b,Fu et al. 2021,Wide Field Camera 3,2021AJ....162..271F,0.9444444444444444,1.806874140580999,2.2240993033080447,2.891977709051854,2.105576299718763,15.0,E_WFC3_G141,8
482,WASP-43 b,Kreidberg et al. 2014,Wide Field Camera 3,2014ApJ...793L..27K,0.8333333333333334,3.0885535833641264,1.1162381919907731,2.90066818942625,2.142038705648634,15.0,E_WFC3_G141,8
616,WASP-19 b,Changeat et al. 2022,Wide Field Camera 3,2022ApJS..260....3C,1.0,1.5256586904028269,1.2279427185901197,2.957251858024635,2.0355384461715236,16.0,E_WFC3_G141,8
589,HAT-P-2 b,Changeat et al. 2022,Wide Field Camera 3,2022ApJS..260....3C,1.0,1.5789930193803212,1.7495788435737798,2.600446937765683,1.9842791367425678,18.0,E_WFC3_G141,8
622,WASP-74 b,Changeat et al. 2022,Wide Field Camera 3,2022ApJS..260....3C,1.0,1.3562722340547917,0.26911743009966166,3.3606726535282037,1.9114266930483506,19.0,E_WFC3_G141,8
593,HAT-P-7 b,Changeat et al. 2022,Wide Field Camera 3,2022ApJS..260....3C,1.0,2.2152696800711533,0.950983393838012,2.899801540541851,1.8886681666935832,20.0,E_WFC3_G141,8
608,WASP-103 b,Changeat et al. 2022,Wide Field Camera 3,2022ApJS..260....3C,1.0,1.9256859706399014,2.6367397218125865,2.5703951612335962,1.8708629902090892,21.0,E_WFC3_G141,8
601,KELT-7 b,Changeat et al. 2022,Wide Field Camera 3,2022ApJS..260....3C,1.0,1.239138496388927,1.442729532896689,2.6972558986946105,1.6977348034462334,22.0,E_WFC3_G141,8
348,WASP-121 b,Evans et al. 2017,Wide Field Camera 3,2017Natur.548...58E,1.0,2.474418903726179,2.2345945233580946,2.0328565564750956,1.8693036169707125,22.0,E_WFC3_G141,8
624,WASP-77 A b,Changeat et al. 2022,Wide Field Camera 3,2022ApJS..260....3C,1.0,3.498272151363666,1.0535159870992974,2.5377703383505574,1.8044299217211193,23.0,E_WFC3_G141,8
649,HD 209458 b,Changeat et al. 2022,Wide Field Camera 3,2022ApJS..260....3C,1.0,2.7810823567076044,0.248564006174248,2.682103304048888,2.008967127342487,23.0,E_WFC3_G141,8
711,KELT-7 b,Pluriel et al. 2020,Wide Field Camera 3,2020AJ....160..112P,1.0,1.2357984875896466,1.443419755656721,2.6809944760360356,1.6873664467645877,24.0,E_WFC3_G141,8
979,HAT-P-2 b,Jacobs et al. 2025,Wide Field Camera 3,2025AJ....169...96J,0.9444444444444444,1.9878775571135037,1.152513808996825,1.9628733621064425,1.7749191354001166,24.0,E_WFC3_G141,8
357,KOI-13 b,Beatty et al. 2017,Wide Field Camera 3,2017AJ....154..158B,0.8333333333333334,1.9583568249571262,0.7500772744754554,2.8077144305490442,1.695756012553003,26.5,E_WFC3_G141,8
605,KOI-13 b,Changeat et al. 2022,Wide Field Camera 3,2022ApJS..260....3C,0.8333333333333334,1.9583568249571262,0.7500772744754554,2.807714430549043,1.695756012553003,26.5,E_WFC3_G141,8
800,KELT-9 b,Jacobs et al. 2022,Wide Field Camera 3,2022A&A...668L...1J,1.0,2.4137692036819813,1.1594420630578175,2.1972868462260737,1.5087946472338127,29.0,E_WFC3_G141,8
339,WASP-103 b,Cartier et al. 2017,Wide Field Camera 3,2017AJ....153...34C,1.0,0.9019820060433602,1.506104723204442,2.1934777437373576,1.5045302543373582,30.0,E_WFC3_G141,8
511,KELT-9 b,Changeat &amp; Edwards 2021,Wide Field Camera 3,2021ApJ...907L..22C,1.0,1.9954959658684759,0.7539732296071139,2.7576726228350728,1.478109423136998,30.5,E_WFC3_G141,8
603,KELT-9 b,Changeat et al. 2022,Wide Field Camera 3,2022ApJS..260....3C,1.0,1.9954959658684759,0.7539732296071139,2.7576726228350728,1.478109423136998,30.5,E_WFC3_G141,8
1679,WASP-12 b,Swain et al. 2013,Wide Field Camera 3,2013Icar..225..432S,1.0,5.270886455894445,0.48802024357594986,2.049908321761228,1.3778404263731123,33.0,E_WFC3_G141,8
726,WASP-76 b,Fu et al. 2021,Wide Field Camera 3,2021AJ....162..108F,0.8888888888888888,4.126409138907052,0.5635533335246283,2.32170648977309,1.2041226933251619,34.0,E_WFC3_G141,8
653,WASP-76 b,Changeat et al. 2022,Wide Field Camera 3,2022ApJS..260....3C,1.0,4.436238510772674,0.6892820695474486,1.9652883976816395,0.8132171771277115,34.5,E_WFC3_G141,8
405,WASP-76 b,Edwards et al. 2020,Wide Field Camera 3,2020AJ....160....8E,1.0,4.436238510772674,0.6892820695474486,1.9652883976816384,0.8132171771277111,35.0,E_WFC3_G141,8
258,WASP-18 b,Sheppard et al. 2017,Wide Field Camera 3,2017ApJ...850L..32S,1.0,5.512311641450014,1.045730128734548,1.2663280444735345,1.1907551776658005,35.0,E_WFC3_G141,8
123,WASP-121 b,Mikal-Evans et al. 2020,Wide Field Camera 3,2020MNRAS.496.1638M,0.9444444444444444,3.202978053129377,0.6721008648656235,1.5802484897061742,1.110462382007708,36.0,E_WFC3_G141,8
530,KELT-20 b,Fu et al. 2022,Wide Field Camera 3,2022ApJ...925L...3F,1.0,5.301722568722694,0.508051939121841,1.2735399108117362,0.9406291800268622,38.0,E_WFC3_G141,8
611,WASP-121 b,Changeat et al. 2022,Wide Field Camera 3,2022ApJS..260....3C,1.0,4.540395719508959,1.007698578577483,1.1371383813197575,0.9013452394509495,38.0,E_WFC3_G141,8
614,WASP-18 b,Changeat et al. 2022,Wide Field Camera 3,2022ApJS..260....3C,1.0,5.391356056188045,0.8605510047455892,1.1938149646453702,0.8957336836717245,39.0,E_WFC3_G141,8
